category,name,url,price,rating,reviews_count,image_url,description,brand,color,laptop_type,processor_brand,processor_model,ram_gb,ram_type,gpu_brand,gpu_model,has_dedicated_gpu,storage_gb,storage_type,screen_size,display_type,touchscreen,weight_kg,battery_whr,os,good_for_gaming,good_for_video_editing,good_for_programming,good_for_students,good_for_business
laptop,Samsung Galaxy Book4 Edge Series Copilot AI-PC Full Metal Chasis Qualcomm Snapdragon X - (16 GB/512 GB...,https://www.flipkart.com/samsung-galaxy-book4-edge-series-copilot-ai-pc-full-metal-chasis-qualcomm-snapdragon-x-16-gb-512-gb-ssd-windows-11-home-np750xqb-ka1in-thin-light-laptop/p/itm1d61ec8d90cc7?pid=COMHE4ATFWNVHXHS&lid=LSTCOMHE4ATFWNVHXHSIHS0FO&marketplace=FLIPKART&store=6bo%2Fb5g&srno=b_1_1&otracker=browse&fm=organic&iid=en_y6dBkqsj9fl8DpQbOo1yG1B-An6nSPV7G5hpyoIXssIP44xo9dMygR_Tca21Bq6al3LVU23Rn5TEHCp33wMSfvUFjCTyOHoHZs-Z5_PS_w0%3D&ppt=None&ppn=None&ssid=x7qqpg2kgw0000001764345620504,64990,4.4,128,https://rukminim2.flixcart.com/image/312/312/xif0q/computer/a/g/p/-original-imahgwkqughzkwt3.jpeg?q=70,"Samsung Galaxy Book4 Edge Series Copilot AI-PC Full Metal Chasis Qualcomm Snapdragon X - (16 GB/512 GB.... powered by Qualcomm Snapdragon X. 16GB LPDDR5X RAM. 512.0GB SSD. 15.6"" HD display. weighs 1.55kg. running Windows 11 Home.",Samsung,Sapphire Blue,Thin and Light Laptop,Qualcomm,Snapdragon X,16,LPDDR5X,Qualcomm,Adreno,FALSE,512,SSD,15.6,HD,FALSE,1.55,,Windows 11 Home,FALSE,FALSE,TRUE,TRUE,TRUE
laptop,Lenovo IdeaPad Slim 3 Next Gen AI PC WUXGA IPS Copilot + PC Qualcomm Snapdragon X - (16 GB/512 GB SSD/...,https://www.flipkart.com/lenovo-ideapad-slim-3-next-gen-ai-pc-wuxga-ips-copilot-qualcomm-snapdragon-x-16-gb-512-gb-ssd-windows-11-home-15q8x10-thin-light-laptop/p/itm097ac7e15511b?pid=COMHDMJYDGBTMJXG&lid=LSTCOMHDMJYDGBTMJXG112MJM&marketplace=FLIPKART&store=6bo%2Fb5g&srno=b_1_2&otracker=browse&fm=organic&iid=en_y6dBkqsj9fl8DpQbOo1yG1B-An6nSPV7G5hpyoIXssL4cn7jAn7GxnzdDoj6nEdHp9g9RHT3fDlKXfChzVth9vUFjCTyOHoHZs-Z5_PS_w0%3D&ppt=None&ppn=None&ssid=x7qqpg2kgw0000001764345620504,49990,4.3,27,https://rukminim2.flixcart.com/image/312/312/xif0q/computer/d/z/z/-original-imahgfdfx3hhguyc.jpeg?q=70,"Lenovo IdeaPad Slim 3 Next Gen AI PC WUXGA IPS Copilot + PC Qualcomm Snapdragon X - (16 GB/512 GB SSD/.... powered by Qualcomm Snapdragon X. 16GB LPDDR5X RAM. 512.0GB SSD. 15.3"" IPS display. weighs 1.55kg. running Windows 11 Home.",Lenovo,Luna Grey,Thin and Light Laptop,Qualcomm,Snapdragon X,16,LPDDR5X,Qualcomm,Adreno,FALSE,512,SSD,15.3,IPS,FALSE,1.55,50,Windows 11 Home,FALSE,FALSE,TRUE,TRUE,TRUE
laptop,"ASUS Vivobook 15 (2025) with Office 2024 + M365 Basic*, Intel Core i3 13th Gen 1315U - (8 GB/512 GB SS...",https://www.flipkart.com/asus-vivobook-15-2025-office-2024-m365-basic-intel-core-i3-13th-gen-1315u-8-gb-512-gb-ssd-windows-11-home-x1504va-nj3700ws-thin-light-laptop/p/itmf31c79724a398?pid=COMHCQ5ECZZV6THK&lid=LSTCOMHCQ5ECZZV6THKTW8YMF&marketplace=FLIPKART&store=6bo%2Fb5g&srno=b_1_3&otracker=browse&fm=organic&iid=en_y6dBkqsj9fl8DpQbOo1yG1B-An6nSPV7G5hpyoIXssJXgLZR0JqDxFFOHgyFqze25x8GNyeVQf2BDzdQSvEpdvUFjCTyOHoHZs-Z5_PS_w0%3D&ppt=None&ppn=None&ssid=x7qqpg2kgw0000001764345620504,34990,4.3,163,https://rukminim2.flixcart.com/image/312/312/xif0q/computer/b/l/v/-original-imahgfdffszmurd7.jpeg?q=70,"ASUS Vivobook 15 (2025) with Office 2024 + M365 Basic*, Intel Core i3 13th Gen 1315U - (8 GB/512 GB SS.... powered by Intel Core i3. 8GB DDR4 RAM. 512.0GB SSD. 15.6"" Full HD display. weighs 1.7kg. running Windows 11 Home.",ASUS,Terra Cotta,Thin and Light Laptop,Intel,Core i3,8,DDR4,Intel,Integrated Graphics,FALSE,512,SSD,15.6,Full HD,FALSE,1.7,,Windows 11 Home,FALSE,FALSE,FALSE,TRUE,TRUE
laptop,ASUS Expertbook P1 High-performance processor Intel Core i5 13th Gen 13420H - (16 GB/512 GB SSD/Window...,https://www.flipkart.com/asus-expertbook-p1-high-performance-processor-intel-core-i5-13th-gen-13420h-16-gb-512-gb-ssd-windows-11-home-p1503cva-s70611ws-thin-light-laptop/p/itmf788da016f665?pid=COMH8Z2QRZVVN2RZ&lid=LSTCOMH8Z2QRZVVN2RZ9WYQBV&marketplace=FLIPKART&store=6bo%2Fb5g&srno=b_1_4&otracker=browse&fm=organic&iid=a15a8e40-9d2b-4b5d-8df8-68bc98a746a5.COMH8Z2QRZVVN2RZ.SEARCH&ppt=None&ppn=None&ssid=x7qqpg2kgw0000001764345620504,50990,4.3,275,https://rukminim2.flixcart.com/image/312/312/xif0q/computer/p/m/o/-original-imahg53unuzhjzxu.jpeg?q=70,"ASUS Expertbook P1 High-performance processor Intel Core i5 13th Gen 13420H - (16 GB/512 GB SSD/Window.... powered by Intel Core i5. 16GB DDR5 RAM. 512.0GB SSD. 15.6"" Full HD display. weighs 1.65kg. running Windows 11 Home.",ASUS,Misty Grey,Thin and Light Laptop,Intel,Core i5,16,DDR5,Intel,Integrated Graphics,FALSE,512,SSD,15.6,Full HD,FALSE,1.65,50,Windows 11 Home,FALSE,FALSE,TRUE,TRUE,TRUE
laptop,Apple MacBook AIR M2 - (16 GB/256 GB SSD/macOS Sequoia) MC7X4HN/A,https://www.flipkart.com/apple-macbook-air-m2-16-gb-256-gb-ssd-macos-sequoia-mc7x4hn-a/p/itmdc5308fa78421?pid=COMH64PY76CJKBYU&lid=LSTCOMH64PY76CJKBYUOL7TOK&marketplace=FLIPKART&store=6bo%2Fb5g&spotlightTagId=default_BestsellerId_6bo%2Fb5g&srno=b_1_5&otracker=browse&fm=organic&iid=a15a8e40-9d2b-4b5d-8df8-68bc98a746a5.COMH64PY76CJKBYU.SEARCH&ppt=None&ppn=None&ssid=x7qqpg2kgw0000001764345620504,67990,4.6,651,https://rukminim2.flixcart.com/image/312/312/xif0q/computer/f/j/g/-original-imahfthtkkzyazkf.jpeg?q=70,"Apple MacBook AIR M2 - (16 GB/256 GB SSD/macOS Sequoia) MC7X4HN/A. powered by Apple M2. 16GB Unified Memory RAM. 256.0GB SSD. 13.6"" IPS display. weighs 1.24kg. running macOS Sequoia.",Apple,Midnight,Thin and Light Laptop,Apple,M2,16,Unified Memory,,,FALSE,256,SSD,13.6,IPS,FALSE,1.24,,macOS Sequoia,FALSE,FALSE,TRUE,TRUE,TRUE
laptop,Acer Aspire 3 Intel Core i3 13th Gen 1305U - (8 GB/512 GB SSD/Windows 11 Home) A324-53 Thin and Light ...,https://www.flipkart.com/acer-aspire-3-intel-core-i3-13th-gen-1305u-8-gb-512-gb-ssd-windows-11-home-a324-53-thin-light-laptop/p/itma6a6812aa712e?pid=COMH4B6CGTPNVJW9&lid=LSTCOMH4B6CGTPNVJW9JOF4ZC&marketplace=FLIPKART&store=6bo%2Fb5g&srno=b_1_6&otracker=browse&fm=organic&iid=en_y6dBkqsj9fl8DpQbOo1yG1B-An6nSPV7G5hpyoIXssK-CCdiKz6i-4KaKxXqVYIW-o7kXZ0fBoEaI_L769vx7sDbPjpExlWhmpgUQnOg2ao%3D&ppt=None&ppn=None&ssid=x7qqpg2kgw0000001764345620504,30990,4.3,233,https://rukminim2.flixcart.com/image/312/312/xif0q/computer/r/p/w/-original-imahg5fxzmyzbkv8.jpeg?q=70,"Acer Aspire 3 Intel Core i3 13th Gen 1305U - (8 GB/512 GB SSD/Windows 11 Home) A324-53 Thin and Light .... powered by Intel Core i3. 8GB DDR4 RAM. 512.0GB SSD. 14.0"" HD display. weighs 1.45kg. running Windows 11 Home.",Acer,Steel Gray,Thin and Light Laptop,Intel,Core i3,8,DDR4,Intel,Integrated Graphics,FALSE,512,SSD,14,HD,FALSE,1.45,,Windows 11 Home,FALSE,FALSE,FALSE,TRUE,TRUE
laptop,Apple MacBook AIR M2 - (16 GB/256 GB SSD/macOS Sequoia) MC7W4HN/A,https://www.flipkart.com/apple-macbook-air-m2-16-gb-256-gb-ssd-macos-sequoia-mc7w4hn-a/p/itm2ea42dec44bca?pid=COMH64PYZU4ZZR79&lid=LSTCOMH64PYZU4ZZR79AHLYXY&marketplace=FLIPKART&store=6bo%2Fb5g&srno=b_1_7&otracker=browse&fm=organic&iid=a15a8e40-9d2b-4b5d-8df8-68bc98a746a5.COMH64PYZU4ZZR79.SEARCH&ppt=None&ppn=None&ssid=x7qqpg2kgw0000001764345620504,67990,4.6,651,https://rukminim2.flixcart.com/image/312/312/xif0q/computer/m/f/y/-original-imahgfdfjcy6aghz.jpeg?q=70,"Apple MacBook AIR M2 - (16 GB/256 GB SSD/macOS Sequoia) MC7W4HN/A. powered by Apple M2. 16GB Unified Memory RAM. 256.0GB SSD. 13.6"" IPS display. weighs 1.24kg. running macOS Sequoia.",Apple,Starlight,Thin and Light Laptop,Apple,M2,16,Unified Memory,,,FALSE,256,SSD,13.6,IPS,FALSE,1.24,,macOS Sequoia,FALSE,FALSE,TRUE,TRUE,TRUE
laptop,ASUS Expertbook P1 Intel Core i3 13th Gen 1315U - (16 GB/512 GB SSD/Windows 11 Home) P1403CVA-S60938WS...,https://www.flipkart.com/asus-expertbook-p1-intel-core-i3-13th-gen-1315u-16-gb-512-gb-ssd-windows-11-home-p1403cva-s60938ws-thin-light-laptop/p/itm0af4b81838b5b?pid=COMH8Z2QAWCCUCSP&lid=LSTCOMH8Z2QAWCCUCSPPZPFKG&marketplace=FLIPKART&store=6bo%2Fb5g&srno=b_1_8&otracker=browse&fm=organic&iid=a15a8e40-9d2b-4b5d-8df8-68bc98a746a5.COMH8Z2QAWCCUCSP.SEARCH&ppt=None&ppn=None&ssid=x7qqpg2kgw0000001764345620504,37990,4.3,309,https://rukminim2.flixcart.com/image/312/312/xif0q/computer/p/i/a/-original-imahg53uwgmhzfcd.jpeg?q=70,"ASUS Expertbook P1 Intel Core i3 13th Gen 1315U - (16 GB/512 GB SSD/Windows 11 Home) P1403CVA-S60938WS.... powered by Intel Core i3. 16GB DDR5 RAM. 512.0GB SSD. 14.0"" Full HD display. weighs 1.4kg. running Windows 11 Home.",ASUS,Misty Grey,Thin and Light Laptop,Intel,Core i3,16,DDR5,Intel,Integrated Graphics,FALSE,512,SSD,14,Full HD,FALSE,1.4,50,Windows 11 Home,FALSE,FALSE,TRUE,TRUE,TRUE
laptop,Samsung Galaxy Book4 Metal Intel Core i3 13th Gen 1315U - (8 GB/512 GB SSD/Windows 11 Home) NP750XGJ-L...,https://www.flipkart.com/samsung-galaxy-book4-metal-intel-core-i3-13th-gen-1315u-8-gb-512-gb-ssd-windows-11-home-np750xgj-lg9in-thin-light-laptop/p/itmc29d559898e6f?pid=COMH4Y6KKRC9YSWE&lid=LSTCOMH4Y6KKRC9YSWERDUMZD&marketplace=FLIPKART&store=6bo%2Fb5g&srno=b_1_9&otracker=browse&fm=organic&iid=a15a8e40-9d2b-4b5d-8df8-68bc98a746a5.COMH4Y6KKRC9YSWE.SEARCH&ppt=None&ppn=None&ssid=x7qqpg2kgw0000001764345620504,38990,4.4,840,https://rukminim2.flixcart.com/image/312/312/xif0q/computer/q/k/o/-original-imahg53xmzmtsynn.jpeg?q=70,"Samsung Galaxy Book4 Metal Intel Core i3 13th Gen 1315U - (8 GB/512 GB SSD/Windows 11 Home) NP750XGJ-L.... powered by Intel Core i3. 8GB LPDDR4X RAM. 512.0GB SSD. 15.6"" HD display. weighs 1.55kg. running Windows 11 Home.",Samsung,Gray,Thin and Light Laptop,Intel,Core i3,8,LPDDR4X,Intel,Iris Xe,FALSE,512,SSD,15.6,HD,FALSE,1.55,,Windows 11 Home,FALSE,FALSE,FALSE,TRUE,TRUE
laptop,DELL 15 AMD Ryzen 5 Hexa Core 7530U - (16 GB/512 GB SSD/Windows 11 Home) 3535 Thin and Light Laptop,https://www.flipkart.com/dell-15-amd-ryzen-5-hexa-core-7530u-16-gb-512-gb-ssd-windows-11-home-3535-thin-light-laptop/p/itm672bf7685863c?pid=COMH8EPFGAZ5HFM3&lid=LSTCOMH8EPFGAZ5HFM3UCBKL5&marketplace=FLIPKART&store=6bo%2Fb5g&srno=b_1_10&otracker=browse&fm=organic&iid=a15a8e40-9d2b-4b5d-8df8-68bc98a746a5.COMH8EPFGAZ5HFM3.SEARCH&ppt=None&ppn=None&ssid=x7qqpg2kgw0000001764345620504,38990,4.3,134,https://rukminim2.flixcart.com/image/312/312/xif0q/computer/g/t/d/-original-imahg5fyqgdfhugy.jpeg?q=70,"DELL 15 AMD Ryzen 5 Hexa Core 7530U - (16 GB/512 GB SSD/Windows 11 Home) 3535 Thin and Light Laptop. powered by AMD Ryzen 5. 16GB DDR4 RAM. 512.0GB SSD. AMD Radeon Amd graphics. 15.6"" HD display. weighs 1.67kg. running Windows 11 Home.",DELL,Platinum Silver,Thin and Light Laptop,AMD,Ryzen 5,16,DDR4,AMD,Radeon Amd,TRUE,512,SSD,15.6,HD,FALSE,1.67,,Windows 11 Home,TRUE,TRUE,TRUE,TRUE,TRUE
laptop,"ASUS Vivobook 15 (2025) (i5 14th Gen) with MSO 2024 + M365 Basic*, Backlit Keyboard, Intel Core 5 120U...",https://www.flipkart.com/asus-vivobook-15-2025-i5-14th-gen-mso-2024-m365-basic-backlit-keyboard-intel-core-5-120u-16-gb-512-gb-ssd-windows-11-home-x1504vap-nj2862ws-thin-light-laptop/p/itm509f174cc1a04?pid=COMHDG7CFDWVKYMZ&lid=LSTCOMHDG7CFDWVKYMZSDYMWT&marketplace=FLIPKART&store=6bo%2Fb5g&srno=b_1_11&otracker=browse&fm=organic&iid=en_y6dBkqsj9fl8DpQbOo1yG1B-An6nSPV7G5hpyoIXssKk548tyxAl88GmhXVaJ7T9gucKAGwzWv5BCpJ2X91iU2JMZAJirnjvZRqZ0WhE16A%3D&ppt=None&ppn=None&ssid=x7qqpg2kgw0000001764345620504,49990,4.3,79,https://rukminim2.flixcart.com/image/312/312/xif0q/computer/k/u/e/-original-imahcd8gzqjnp2vv.jpeg?q=70,"ASUS Vivobook 15 (2025) (i5 14th Gen) with MSO 2024 + M365 Basic*, Backlit Keyboard, Intel Core 5 120U.... powered by Intel Core 5. 16GB DDR4 RAM. 512.0GB SSD. 15.6"" Full HD display. weighs 1.7kg. running Windows 11 Home.",ASUS,Cool Silver,Thin and Light Laptop,Intel,Core 5,16,DDR4,Intel,Integrated Graphics,FALSE,512,SSD,15.6,Full HD,FALSE,1.7,,Windows 11 Home,FALSE,FALSE,TRUE,TRUE,TRUE
laptop,DELL 15 Intel Core i3 13th Gen 1305U - (16 GB/512 GB SSD/Windows 11 Home) OVN353025001RING1O Thin and ...,https://www.flipkart.com/dell-15-intel-core-i3-13th-gen-1305u-16-gb-512-gb-ssd-windows-11-home-ovn353025001ring1o-thin-light-laptop/p/itmb007cf7efac41?pid=COMHD99W94EPN2H2&lid=LSTCOMHD99W94EPN2H28GBQQL&marketplace=FLIPKART&store=6bo%2Fb5g&srno=b_1_12&otracker=browse&fm=organic&iid=en_y6dBkqsj9fl8DpQbOo1yG1B-An6nSPV7G5hpyoIXssJBFdeID9oi-W9imgx5_xR93Fe9j8Fdxmh8g1N6LF3sLiqhaHrzSI4OjvZa1DRoeKc%3D&ppt=None&ppn=None&ssid=x7qqpg2kgw0000001764345620504,38990,4.2,31,https://rukminim2.flixcart.com/image/312/312/xif0q/computer/f/i/b/-original-imahgx8ws7ypyhmd.jpeg?q=70,"DELL 15 Intel Core i3 13th Gen 1305U - (16 GB/512 GB SSD/Windows 11 Home) OVN353025001RING1O Thin and .... powered by Intel Core i3. 16GB DDR4 RAM. 512.0GB SSD. 15.6"" HD display. weighs 1.66kg. running Windows 11 Home.",DELL,Titan Grey,Thin and Light Laptop,Intel,Core i3,16,DDR4,Intel,Integrated Graphics,FALSE,512,SSD,15.6,HD,FALSE,1.66,,Windows 11 Home,FALSE,FALSE,TRUE,TRUE,TRUE
laptop,"ASUS Vivobook 14 (2025) with Office 2024 + M365 Basic*, Backlit Keyboard, Intel Core i3 13th Gen 1315U...",https://www.flipkart.com/asus-vivobook-14-2025-office-2024-m365-basic-backlit-keyboard-intel-core-i3-13th-gen-1315u-8-gb-512-gb-ssd-windows-11-home-x1404va-eb322ws-thin-light-laptop/p/itmf2e5281da2512?pid=COMHEZZT3T9G2DZN&lid=LSTCOMHEZZT3T9G2DZNUH7WDO&marketplace=FLIPKART&store=6bo%2Fb5g&srno=b_1_13&otracker=browse&fm=organic&iid=a15a8e40-9d2b-4b5d-8df8-68bc98a746a5.COMHEZZT3T9G2DZN.SEARCH&ppt=None&ppn=None&ssid=x7qqpg2kgw0000001764345620504,35990,4.3,163,https://rukminim2.flixcart.com/image/312/312/xif0q/computer/a/w/f/-original-imahfcztkqbayhnc.jpeg?q=70,"ASUS Vivobook 14 (2025) with Office 2024 + M365 Basic*, Backlit Keyboard, Intel Core i3 13th Gen 1315U.... powered by Intel Core i3. 8GB DDR4 RAM. 512.0GB SSD. 14.0"" Full HD display. weighs 1.4kg. running Windows 11 Home.",ASUS,Quiet Blue,Thin and Light Laptop,Intel,Core i3,8,DDR4,Intel,Integrated Graphics,FALSE,512,SSD,14,Full HD,FALSE,1.4,,Windows 11 Home,FALSE,FALSE,FALSE,TRUE,TRUE
laptop,Acer Aspire 3 Intel Core i3 12th Gen 1215U - (8 GB/512 GB SSD/Windows 11 Home) A324-51 Thin and Light ...,https://www.flipkart.com/acer-aspire-3-intel-core-i3-12th-gen-1215u-8-gb-512-gb-ssd-windows-11-home-a324-51-thin-light-laptop/p/itm7dda0a4d1d62a?pid=COMHY24RJH2YXVPG&lid=LSTCOMHY24RJH2YXVPGTVAAXW&marketplace=FLIPKART&store=6bo%2Fb5g&srno=b_1_14&otracker=browse&fm=organic&iid=a15a8e40-9d2b-4b5d-8df8-68bc98a746a5.COMHY24RJH2YXVPG.SEARCH&ppt=None&ppn=None&ssid=x7qqpg2kgw0000001764345620504,26990,4.2,399,https://rukminim2.flixcart.com/image/312/312/xif0q/computer/j/l/s/-original-imahg5fxuwkvnbmr.jpeg?q=70,"Acer Aspire 3 Intel Core i3 12th Gen 1215U - (8 GB/512 GB SSD/Windows 11 Home) A324-51 Thin and Light .... powered by Intel Core i3. 8GB DDR4 RAM. 512.0GB SSD. 14.0"" IPS display. weighs 1.45kg. running Windows 11 Home.",Acer,Steel Gray,Thin and Light Laptop,Intel,Core i3,8,DDR4,Intel,Integrated Graphics,FALSE,512,SSD,14,IPS,FALSE,1.45,,Windows 11 Home,FALSE,FALSE,FALSE,TRUE,TRUE
laptop,ASUS Expertbook P1 Intel Core i3 13th Gen 1315U - (8 GB/512 GB SSD/Windows 11 Home) P1403CVA-S60343WS ...,https://www.flipkart.com/asus-expertbook-p1-intel-core-i3-13th-gen-1315u-8-gb-512-gb-ssd-windows-11-home-p1403cva-s60343ws-thin-light-laptop/p/itm275e21a6deac0?pid=COMH8Z2QRWQQZTCJ&lid=LSTCOMH8Z2QRWQQZTCJ7QVQUG&marketplace=FLIPKART&store=6bo%2Fb5g&srno=b_1_15&otracker=browse&fm=organic&iid=a15a8e40-9d2b-4b5d-8df8-68bc98a746a5.COMH8Z2QRWQQZTCJ.SEARCH&ppt=None&ppn=None&ssid=x7qqpg2kgw0000001764345620504,35990,4.3,309,https://rukminim2.flixcart.com/image/312/312/xif0q/computer/p/i/a/-original-imahg53uwgmhzfcd.jpeg?q=70,"ASUS Expertbook P1 Intel Core i3 13th Gen 1315U - (8 GB/512 GB SSD/Windows 11 Home) P1403CVA-S60343WS .... powered by Intel Core i3. 8GB DDR5 RAM. 512.0GB SSD. 14.0"" Full HD display. weighs 1.4kg. running Windows 11 Home.",ASUS,Misty Grey,Thin and Light Laptop,Intel,Core i3,8,DDR5,Intel,Integrated Graphics,FALSE,512,SSD,14,Full HD,FALSE,1.4,50,Windows 11 Home,FALSE,FALSE,FALSE,TRUE,TRUE
laptop,Acer Aspire 15 AMD Ryzen 5 Hexa Core 7430U - (16 GB/512 GB SSD/Windows 11 Home) Aspire AS15-42 Thin an...,https://www.flipkart.com/acer-aspire-15-amd-ryzen-5-hexa-core-7430u-16-gb-512-gb-ssd-windows-11-home-as15-42-thin-light-laptop/p/itmdaf15e01a1d1a?pid=COMH397XW36HUXB8&lid=LSTCOMH397XW36HUXB8LCSOPU&marketplace=FLIPKART&store=6bo%2Fb5g&srno=b_1_16&otracker=browse&fm=organic&iid=a15a8e40-9d2b-4b5d-8df8-68bc98a746a5.COMH397XW36HUXB8.SEARCH&ppt=None&ppn=None&ssid=x7qqpg2kgw0000001764345620504,34990,4.1,310,https://rukminim2.flixcart.com/image/312/312/xif0q/computer/p/c/z/-original-imahg5fusry5atvm.jpeg?q=70,"Acer Aspire 15 AMD Ryzen 5 Hexa Core 7430U - (16 GB/512 GB SSD/Windows 11 Home) Aspire AS15-42 Thin an.... powered by AMD Ryzen 5. 16GB DDR4 RAM. 512.0GB SSD. AMD Radeon Amd graphics. 15.6"" HD display. weighs 1.79kg. running Windows 11 Home.",Acer,Silver,Thin and Light Laptop,AMD,Ryzen 5,16,DDR4,AMD,Radeon Amd,TRUE,512,SSD,15.6,HD,FALSE,1.79,,Windows 11 Home,TRUE,TRUE,TRUE,TRUE,TRUE
laptop,Lenovo IdeaPad Slim 5 Co-Pilot Next Gen AI PC Full Metal Snapdragon X Plus - (16 GB/1 TB SSD/Windows 1...,https://www.flipkart.com/lenovo-ideapad-slim-5-co-pilot-next-gen-ai-pc-full-metal-snapdragon-x-plus-16-gb-1-tb-ssd-windows-11-home-14q8x9-thin-light-laptop/p/itm8a59041fc8c0f?pid=COMH4N9CZ7JKPQQC&lid=LSTCOMH4N9CZ7JKPQQCOFLXDU&marketplace=FLIPKART&store=6bo%2Fb5g&srno=b_1_17&otracker=browse&fm=organic&iid=en_y6dBkqsj9fl8DpQbOo1yG1B-An6nSPV7G5hpyoIXssKAoUAdC0YSC7hl4KKbxeM_f8buMiRqn_MsC_hjUtM-h9mEaX_1OVaDgohoY5ZV-y8%3D&ppt=None&ppn=None&ssid=x7qqpg2kgw0000001764345620504,57990,4.1,68,https://rukminim2.flixcart.com/image/312/312/xif0q/computer/6/l/r/-original-imahg5fxwyqndjhu.jpeg?q=70,"Lenovo IdeaPad Slim 5 Co-Pilot Next Gen AI PC Full Metal Snapdragon X Plus - (16 GB/1 TB SSD/Windows 1.... powered by Snapdragon X Plus. 16GB LPDDR5X RAM. 1024.0GB SSD. 14.0"" IPS display. weighs 1.48kg. running Windows 11 Home.",Lenovo,Cloud Grey,Thin and Light Laptop,Snapdragon,X Plus,16,LPDDR5X,Qualcomm,Adreno,FALSE,1024,SSD,14,IPS,FALSE,1.48,,Windows 11 Home,FALSE,FALSE,TRUE,TRUE,TRUE
laptop,ASUS Vivobook Go 15 AMD Ryzen 3 Quad Core 7320U - (8 GB/512 GB SSD/Windows 11 Home) E1504FA-NJ130WS | ...,https://www.flipkart.com/asus-vivobook-go-15-amd-ryzen-3-quad-core-7320u-8-gb-512-gb-ssd-windows-11-home-e1504fa-nj130ws-e1504fa-bq2322ws-thin-light-laptop/p/itm9af4f3b5de2ff?pid=COMH94992SQ8HYGZ&lid=LSTCOMH94992SQ8HYGZMHVF97&marketplace=FLIPKART&store=6bo%2Fb5g&srno=b_1_18&otracker=browse&fm=organic&iid=en_y6dBkqsj9fl8DpQbOo1yG1B-An6nSPV7G5hpyoIXssKlcGrXxLaFLF99YgIS7ijcLlV6l99ziOX60plGaLbUZlhWlg14bXFG9tZ2S67Bqg0%3D&ppt=None&ppn=None&ssid=x7qqpg2kgw0000001764345620504,30990,4.3,94,https://rukminim2.flixcart.com/image/312/312/xif0q/computer/m/y/o/-original-imahg5fxjta7gns7.jpeg?q=70,"ASUS Vivobook Go 15 AMD Ryzen 3 Quad Core 7320U - (8 GB/512 GB SSD/Windows 11 Home) E1504FA-NJ130WS | .... powered by AMD Ryzen 3. 8GB LPDDR5 RAM. 512.0GB SSD. AMD Radeon Amd graphics. 15.6"" Full HD display. weighs 1.63kg. running Windows 11 Home.",ASUS,Mixed Black,Thin and Light Laptop,AMD,Ryzen 3,8,LPDDR5,AMD,Radeon Amd,TRUE,512,SSD,15.6,Full HD,FALSE,1.63,,Windows 11 Home,TRUE,FALSE,FALSE,TRUE,TRUE
laptop,DELL 15 AMD Ryzen 3 Quad Core 7320U - (8 GB/512 GB SSD/Windows 11 Home) Inspiron 3535 / 15 DC 15255 Th...,https://www.flipkart.com/dell-15-amd-ryzen-3-quad-core-7320u-8-gb-512-gb-ssd-windows-11-home-inspiron-3535-dc-15255-thin-light-laptop/p/itm58c1d8a904449?pid=COMH5PBYWQTDJGQG&lid=LSTCOMH5PBYWQTDJGQGUCDMOA&marketplace=FLIPKART&store=6bo%2Fb5g&srno=b_1_19&otracker=browse&fm=organic&iid=a15a8e40-9d2b-4b5d-8df8-68bc98a746a5.COMH5PBYWQTDJGQG.SEARCH&ppt=None&ppn=None&ssid=x7qqpg2kgw0000001764345620504,28990,4.3,250,https://rukminim2.flixcart.com/image/312/312/xif0q/computer/y/m/5/-original-imahgfdfyeh6tyah.jpeg?q=70,"DELL 15 AMD Ryzen 3 Quad Core 7320U - (8 GB/512 GB SSD/Windows 11 Home) Inspiron 3535 / 15 DC 15255 Th.... powered by AMD Ryzen 3. 8GB DDR5 RAM. 512.0GB SSD. AMD Radeon Amd graphics. 15.6"" IPS display. weighs 1.67kg. running Windows 11 Home.",DELL,Carbon Black,Thin and Light Laptop,AMD,Ryzen 3,8,DDR5,AMD,Radeon Amd,TRUE,512,SSD,15.6,IPS,FALSE,1.67,,Windows 11 Home,TRUE,FALSE,FALSE,TRUE,TRUE
laptop,MSI Thin A15 AMD Ryzen 5 Hexa Core 7535HS - (16 GB/512 GB SSD/Windows 11 Home/4 GB Graphics/NVIDIA GeF...,https://www.flipkart.com/msi-thin-a15-amd-ryzen-5-hexa-core-7535hs-16-gb-512-gb-ssd-windows-11-home-4-graphics-nvidia-geforce-rtx-2050-144-hz-b7ucx-285in-b7ucx-105in-gaming-laptop/p/itm61400c2ed6802?pid=COMGXMSXZTA8NKTP&lid=LSTCOMGXMSXZTA8NKTPBP1VB6&marketplace=FLIPKART&store=6bo%2Fb5g&srno=b_1_20&otracker=browse&fm=organic&iid=a15a8e40-9d2b-4b5d-8df8-68bc98a746a5.COMGXMSXZTA8NKTP.SEARCH&ppt=None&ppn=None&ssid=x7qqpg2kgw0000001764345620504,49990,4.3,45,https://rukminim2.flixcart.com/image/312/312/xif0q/computer/q/t/k/-original-imahg5funwzrtwug.jpeg?q=70,"MSI Thin A15 AMD Ryzen 5 Hexa Core 7535HS - (16 GB/512 GB SSD/Windows 11 Home/4 GB Graphics/NVIDIA GeF.... powered by AMD Ryzen 5. 16GB DDR5 RAM. 512.0GB SSD. NVIDIA RTX 2050 graphics. 15.6"" IPS display. weighs 1.86kg. running Windows 11 Home.",MSI,Cosmos Gray,Gaming Laptop,AMD,Ryzen 5,16,DDR5,NVIDIA,RTX 2050,TRUE,512,SSD,15.6,IPS,FALSE,1.86,,Windows 11 Home,TRUE,TRUE,TRUE,TRUE,TRUE
laptop,ASUS Vivobook Go 15 AMD Ryzen 5 Quad Core 7520U - (8 GB/512 GB SSD/Windows 11 Home) E1504FA-NJ132WS | ...,https://www.flipkart.com/asus-vivobook-go-15-amd-ryzen-5-quad-core-7520u-8-gb-512-gb-ssd-windows-11-home-e1504fa-nj132ws-e1504fa-nj521ws-thin-light-laptop/p/itm657eb80ea799a?pid=COMH9499JNGDGTZ5&lid=LSTCOMH9499JNGDGTZ5WJGUDN&marketplace=FLIPKART&store=6bo%2Fb5g&srno=b_1_21&otracker=browse&fm=organic&iid=en_y6dBkqsj9fl8DpQbOo1yG1B-An6nSPV7G5hpyoIXssJKJx_XSsOoxZTC9LgjJA38A7n7AfVUkWPBQmloXe9mZp2-SIbIDZ6lLvgRS75Tj4w%3D&ppt=None&ppn=None&ssid=x7qqpg2kgw0000001764345620504,36990,4.2,49,https://rukminim2.flixcart.com/image/312/312/xif0q/computer/k/b/i/-original-imahg53xeuxqm6bv.jpeg?q=70,"ASUS Vivobook Go 15 AMD Ryzen 5 Quad Core 7520U - (8 GB/512 GB SSD/Windows 11 Home) E1504FA-NJ132WS | .... powered by AMD Ryzen 5. 8GB LPDDR5 RAM. 512.0GB SSD. AMD Radeon Amd graphics. 15.6"" Full HD display. weighs 1.63kg. running Windows 11 Home.",ASUS,Cool Silver,Thin and Light Laptop,AMD,Ryzen 5,8,LPDDR5,AMD,Radeon Amd,TRUE,512,SSD,15.6,Full HD,FALSE,1.63,,Windows 11 Home,TRUE,FALSE,FALSE,TRUE,TRUE
laptop,"ASUS Vivobook S16 OLED (2025) with Backlit Keyboard, Metal Body*, Qualcomm Snapdragon X - (16 GB/512 G...",https://www.flipkart.com/asus-vivobook-s16-oled-2025-backlit-keyboard-metal-body-qualcomm-snapdragon-x-16-gb-512-gb-ssd-windows-11-home-s3607qa-sh078ws-thin-light-laptop/p/itm252509f1beb81?pid=COMHCQ5EYNZ2HRWW&lid=LSTCOMHCQ5EYNZ2HRWWUYQZ3F&marketplace=FLIPKART&store=6bo%2Fb5g&srno=b_1_22&otracker=browse&fm=organic&iid=en_y6dBkqsj9fl8DpQbOo1yG1B-An6nSPV7G5hpyoIXssJUJZSZjPM5T1d8R6WKFW1JG2amLjs3IPadBpBV9DWta73nN5BP0oUQf7sdSRT1im4%3D&ppt=None&ppn=None&ssid=x7qqpg2kgw0000001764345620504,71990,4.4,51,https://rukminim2.flixcart.com/image/312/312/xif0q/computer/g/4/k/-original-imahfn3geekjdudx.jpeg?q=70,"ASUS Vivobook S16 OLED (2025) with Backlit Keyboard, Metal Body*, Qualcomm Snapdragon X - (16 GB/512 G.... powered by Qualcomm Snapdragon X. 16GB LPDDR5X RAM. 512.0GB SSD. 16.0"" Full HD display. weighs 1.74kg. running Windows 11 Home.",ASUS,Pink,Thin and Light Laptop,Qualcomm,Snapdragon X,16,LPDDR5X,Qualcomm,Adreno,FALSE,512,SSD,16,Full HD,FALSE,1.74,,Windows 11 Home,FALSE,FALSE,TRUE,TRUE,TRUE
laptop,Samsung Galaxy Book4 Metal Intel Core i5 13th Gen 1335U - (16 GB/512 GB SSD/Windows 11 Home) NP750XGJ-...,https://www.flipkart.com/samsung-galaxy-book4-metal-intel-core-i5-13th-gen-1335u-16-gb-512-gb-ssd-windows-11-home-np750xgj-kg2in-np750xgj-lg2in-thin-light-laptop/p/itm1df5212efb9fc?pid=COMGZUYDGFJGHZR4&lid=LSTCOMGZUYDGFJGHZR4JPVIN2&marketplace=FLIPKART&store=6bo%2Fb5g&srno=b_1_23&otracker=browse&fm=organic&iid=a15a8e40-9d2b-4b5d-8df8-68bc98a746a5.COMGZUYDGFJGHZR4.SEARCH&ppt=None&ppn=None&ssid=x7qqpg2kgw0000001764345620504,49990,4.4,1164,https://rukminim2.flixcart.com/image/312/312/xif0q/computer/k/t/y/-original-imahg53xspmfrsdd.jpeg?q=70,"Samsung Galaxy Book4 Metal Intel Core i5 13th Gen 1335U - (16 GB/512 GB SSD/Windows 11 Home) NP750XGJ-.... powered by Intel Core i5. 16GB LPDDR4X RAM. 512.0GB SSD. 15.6"" HD display. weighs 1.55kg. running Windows 11 Home.",Samsung,Gray,Thin and Light Laptop,Intel,Core i5,16,LPDDR4X,Intel,Iris Xe,FALSE,512,SSD,15.6,HD,FALSE,1.55,,Windows 11 Home,FALSE,FALSE,TRUE,TRUE,TRUE
laptop,Acer Aspire 3 Backlit AMD Ryzen 7 Octa Core 7730U - (16 GB/512 GB SSD/Windows 11 Home) Aspire AS15 - 4...,https://www.flipkart.com/acer-aspire-3-backlit-amd-ryzen-7-octa-core-7730u-16-gb-512-gb-ssd-windows-11-home-as15-42-thin-light-laptop/p/itmdaf15e01a1d1a?pid=COMH397XPF4Z3BMX&lid=LSTCOMH397XPF4Z3BMXL8O53G&marketplace=FLIPKART&store=6bo%2Fb5g&srno=b_1_24&otracker=browse&fm=organic&iid=a15a8e40-9d2b-4b5d-8df8-68bc98a746a5.COMH397XPF4Z3BMX.SEARCH&ppt=None&ppn=None&ssid=x7qqpg2kgw0000001764345620504,38990,4.1,108,https://rukminim2.flixcart.com/image/312/312/xif0q/computer/2/q/t/-original-imahg5ftjkmg4m82.jpeg?q=70,"Acer Aspire 3 Backlit AMD Ryzen 7 Octa Core 7730U - (16 GB/512 GB SSD/Windows 11 Home) Aspire AS15 - 4.... powered by AMD Ryzen 7. 16GB DDR4 RAM. 512.0GB SSD. AMD Radeon Amd graphics. 15.6"" HD display. weighs 1.79kg. running Windows 11 Home.",Acer,Silver,Thin and Light Laptop,AMD,Ryzen 7,16,DDR4,AMD,Radeon Amd,TRUE,512,SSD,15.6,HD,FALSE,1.79,,Windows 11 Home,TRUE,TRUE,TRUE,TRUE,TRUE
laptop,Samsung Galaxy Book4 Edge Series Copilot AI-PC Full Metal Chasis Qualcomm Snapdragon X - (16 GB/512 GB...,https://www.flipkart.com/samsung-galaxy-book4-edge-series-copilot-ai-pc-full-metal-chasis-qualcomm-snapdragon-x-16-gb-512-gb-ssd-windows-11-home-np750xqb-ka1in-thin-light-laptop/p/itm1d61ec8d90cc7?pid=COMHE4ATFWNVHXHS&lid=LSTCOMHE4ATFWNVHXHSIHS0FO&marketplace=FLIPKART&store=6bo%2Fb5g&srno=b_2_25&otracker=browse&fm=organic&iid=en_UvJoNalLb2TEa2qnLhHEvQdD7wfZXsISvvSa8ABz0uA_jkaSIo3k13joK-60EmrWl3LVU23Rn5TEHCp33wMSfvUFjCTyOHoHZs-Z5_PS_w0%3D&ppt=None&ppn=None&ssid=ocvrd61tww0000001764345628723,64990,4.4,128,https://rukminim2.flixcart.com/image/312/312/xif0q/computer/a/g/p/-original-imahgwkqughzkwt3.jpeg?q=70,"Samsung Galaxy Book4 Edge Series Copilot AI-PC Full Metal Chasis Qualcomm Snapdragon X - (16 GB/512 GB.... powered by Qualcomm Snapdragon X. 16GB LPDDR5X RAM. 512.0GB SSD. 15.6"" HD display. weighs 1.55kg. running Windows 11 Home.",Samsung,Sapphire Blue,Thin and Light Laptop,Qualcomm,Snapdragon X,16,LPDDR5X,Qualcomm,Adreno,FALSE,512,SSD,15.6,HD,FALSE,1.55,,Windows 11 Home,FALSE,FALSE,TRUE,TRUE,TRUE
laptop,Acer Aspire Lite AMD Ryzen 3 Quad Core 5300U - (8 GB/256 GB SSD/Windows 11 Home) AL15-41 Thin and Ligh...,https://www.flipkart.com/acer-aspire-lite-amd-ryzen-3-quad-core-5300u-8-gb-256-gb-ssd-windows-11-home-al15-41-thin-light-laptop/p/itm1bc0bcb4598e7?pid=COMH2TPSVSGUVKY4&lid=LSTCOMH2TPSVSGUVKY4MJENVA&marketplace=FLIPKART&store=6bo%2Fb5g&srno=b_2_26&otracker=browse&fm=organic&iid=4fa0b7a5-e0e3-4bcd-b550-79634c5dc6df.COMH2TPSVSGUVKY4.SEARCH&ppt=None&ppn=None&ssid=ocvrd61tww0000001764345628723,26990,4.1,9,https://rukminim2.flixcart.com/image/312/312/xif0q/computer/u/p/m/-original-imah2pf2u98xefzx.jpeg?q=70,"Acer Aspire Lite AMD Ryzen 3 Quad Core 5300U - (8 GB/256 GB SSD/Windows 11 Home) AL15-41 Thin and Ligh.... powered by AMD Ryzen 3. 8GB DDR4 RAM. 256.0GB SSD. AMD Radeon Amd graphics. 15.6"" HD display. weighs 1.59kg. running Windows 11 Home.",Acer,Steel Grey,Thin and Light Laptop,AMD,Ryzen 3,8,DDR4,AMD,Radeon Amd,TRUE,256,SSD,15.6,HD,FALSE,1.59,,Windows 11 Home,TRUE,FALSE,FALSE,TRUE,TRUE
laptop,"ASUS Vivobook 15 (2025) with Office 2024 + M365 Basic*, Intel Core i3 13th Gen 1315U - (8 GB/512 GB SS...",https://www.flipkart.com/asus-vivobook-15-2025-office-2024-m365-basic-intel-core-i3-13th-gen-1315u-8-gb-512-gb-ssd-windows-11-home-x1504va-nj3700ws-thin-light-laptop/p/itmf31c79724a398?pid=COMHCQ5ECZZV6THK&lid=LSTCOMHCQ5ECZZV6THKTW8YMF&marketplace=FLIPKART&store=6bo%2Fb5g&srno=b_2_27&otracker=browse&fm=organic&iid=en_UvJoNalLb2TEa2qnLhHEvQdD7wfZXsISvvSa8ABz0uBuQUdxcqGf7qEqWtqyYQxjVLCGCpnr56tU-0Batk7usvUFjCTyOHoHZs-Z5_PS_w0%3D&ppt=None&ppn=None&ssid=ocvrd61tww0000001764345628723,34990,4.3,163,https://rukminim2.flixcart.com/image/312/312/xif0q/computer/b/l/v/-original-imahgfdffszmurd7.jpeg?q=70,"ASUS Vivobook 15 (2025) with Office 2024 + M365 Basic*, Intel Core i3 13th Gen 1315U - (8 GB/512 GB SS.... powered by Intel Core i3. 8GB DDR4 RAM. 512.0GB SSD. 15.6"" Full HD display. weighs 1.7kg. running Windows 11 Home.",ASUS,Terra Cotta,Thin and Light Laptop,Intel,Core i3,8,DDR4,Intel,Integrated Graphics,FALSE,512,SSD,15.6,Full HD,FALSE,1.7,,Windows 11 Home,FALSE,FALSE,FALSE,TRUE,TRUE
laptop,Lenovo IdeaPad Slim 3 Next Gen AI PC WUXGA IPS Copilot + PC Qualcomm Snapdragon X - (16 GB/512 GB SSD/...,https://www.flipkart.com/lenovo-ideapad-slim-3-next-gen-ai-pc-wuxga-ips-copilot-qualcomm-snapdragon-x-16-gb-512-gb-ssd-windows-11-home-15q8x10-thin-light-laptop/p/itm097ac7e15511b?pid=COMHDMJYDGBTMJXG&lid=LSTCOMHDMJYDGBTMJXG112MJM&marketplace=FLIPKART&store=6bo%2Fb5g&srno=b_2_28&otracker=browse&fm=organic&iid=en_UvJoNalLb2TEa2qnLhHEvQdD7wfZXsISvvSa8ABz0uB2LxpnYd9H7r4LycJq94oJCyFnIq7oQjZv4QTW91eeV_UFjCTyOHoHZs-Z5_PS_w0%3D&ppt=None&ppn=None&ssid=ocvrd61tww0000001764345628723,49990,4.3,27,https://rukminim2.flixcart.com/image/312/312/xif0q/computer/d/z/z/-original-imahgfdfx3hhguyc.jpeg?q=70,"Lenovo IdeaPad Slim 3 Next Gen AI PC WUXGA IPS Copilot + PC Qualcomm Snapdragon X - (16 GB/512 GB SSD/.... powered by Qualcomm Snapdragon X. 16GB LPDDR5X RAM. 512.0GB SSD. 15.3"" IPS display. weighs 1.55kg. running Windows 11 Home.",Lenovo,Luna Grey,Thin and Light Laptop,Qualcomm,Snapdragon X,16,LPDDR5X,Qualcomm,Adreno,FALSE,512,SSD,15.3,IPS,FALSE,1.55,50,Windows 11 Home,FALSE,FALSE,TRUE,TRUE,TRUE
laptop,Acer Aspire 3 Intel Core i3 13th Gen 1305U - (8 GB/512 GB SSD/Windows 11 Home) A324-53 Thin and Light ...,https://www.flipkart.com/acer-aspire-3-intel-core-i3-13th-gen-1305u-8-gb-512-gb-ssd-windows-11-home-a324-53-thin-light-laptop/p/itma6a6812aa712e?pid=COMH4B6CGTPNVJW9&lid=LSTCOMH4B6CGTPNVJW9JOF4ZC&marketplace=FLIPKART&store=6bo%2Fb5g&srno=b_2_29&otracker=browse&fm=organic&iid=4fa0b7a5-e0e3-4bcd-b550-79634c5dc6df.COMH4B6CGTPNVJW9.SEARCH&ppt=None&ppn=None&ssid=ocvrd61tww0000001764345628723,30990,4.3,233,https://rukminim2.flixcart.com/image/312/312/xif0q/computer/r/p/w/-original-imahg5fxzmyzbkv8.jpeg?q=70,"Acer Aspire 3 Intel Core i3 13th Gen 1305U - (8 GB/512 GB SSD/Windows 11 Home) A324-53 Thin and Light .... powered by Intel Core i3. 8GB DDR4 RAM. 512.0GB SSD. 14.0"" HD display. weighs 1.45kg. running Windows 11 Home.",Acer,Steel Gray,Thin and Light Laptop,Intel,Core i3,8,DDR4,Intel,Integrated Graphics,FALSE,512,SSD,14,HD,FALSE,1.45,,Windows 11 Home,FALSE,FALSE,FALSE,TRUE,TRUE
laptop,ASUS Expertbook P1 Intel Core i3 13th Gen 1315U - (8 GB/512 GB SSD/Windows 11 Home) P1503CVA-S70501WS ...,https://www.flipkart.com/asus-expertbook-p1-intel-core-i3-13th-gen-1315u-8-gb-512-gb-ssd-windows-11-home-p1503cva-s70501ws-thin-light-laptop/p/itm5b59a30b4c016?pid=COMH8Z2QADYUVZN8&lid=LSTCOMH8Z2QADYUVZN8LRHSHZ&marketplace=FLIPKART&store=6bo%2Fb5g&srno=b_2_30&otracker=browse&fm=organic&iid=4fa0b7a5-e0e3-4bcd-b550-79634c5dc6df.COMH8Z2QADYUVZN8.SEARCH&ppt=None&ppn=None&ssid=ocvrd61tww0000001764345628723,35990,4.3,309,https://rukminim2.flixcart.com/image/312/312/xif0q/computer/3/7/q/-original-imahehnhwehhffc4.jpeg?q=70,"ASUS Expertbook P1 Intel Core i3 13th Gen 1315U - (8 GB/512 GB SSD/Windows 11 Home) P1503CVA-S70501WS .... powered by Intel Core i3. 8GB DDR5 RAM. 512.0GB SSD. 15.6"" Full HD display. weighs 1.62kg. running Windows 11 Home.",ASUS,Misty Grey,Thin and Light Laptop,Intel,Core i3,8,DDR5,Intel,Integrated Graphics,FALSE,512,SSD,15.6,Full HD,FALSE,1.62,50,Windows 11 Home,FALSE,FALSE,FALSE,TRUE,TRUE
laptop,"ASUS Vivobook 15 (2025) (i5 14th Gen) with MSO 2024 + M365 Basic*, Backlit Keyboard, Intel Core 5 120U...",https://www.flipkart.com/asus-vivobook-15-2025-i5-14th-gen-mso-2024-m365-basic-backlit-keyboard-intel-core-5-120u-16-gb-512-gb-ssd-windows-11-home-x1504vap-nj2862ws-thin-light-laptop/p/itm509f174cc1a04?pid=COMHDG7CFDWVKYMZ&lid=LSTCOMHDG7CFDWVKYMZSDYMWT&marketplace=FLIPKART&store=6bo%2Fb5g&srno=b_2_31&otracker=browse&fm=organic&iid=en_UvJoNalLb2TEa2qnLhHEvQdD7wfZXsISvvSa8ABz0uCFGYIT4V5mGA6EzXUqJKhTsPdAy3Tmi2TEYPIlS-D4zPUFjCTyOHoHZs-Z5_PS_w0%3D&ppt=None&ppn=None&ssid=ocvrd61tww0000001764345628723,49990,4.3,79,https://rukminim2.flixcart.com/image/312/312/xif0q/computer/k/u/e/-original-imahcd8gzqjnp2vv.jpeg?q=70,"ASUS Vivobook 15 (2025) (i5 14th Gen) with MSO 2024 + M365 Basic*, Backlit Keyboard, Intel Core 5 120U.... powered by Intel Core 5. 16GB DDR4 RAM. 512.0GB SSD. 15.6"" Full HD display. weighs 1.7kg. running Windows 11 Home.",ASUS,Cool Silver,Thin and Light Laptop,Intel,Core 5,16,DDR4,Intel,Integrated Graphics,FALSE,512,SSD,15.6,Full HD,FALSE,1.7,,Windows 11 Home,FALSE,FALSE,TRUE,TRUE,TRUE
laptop,DELL 15 Intel Core i3 13th Gen 1305U - (16 GB/512 GB SSD/Windows 11 Home) OVN353025001RING1O Thin and ...,https://www.flipkart.com/dell-15-intel-core-i3-13th-gen-1305u-16-gb-512-gb-ssd-windows-11-home-ovn353025001ring1o-thin-light-laptop/p/itmb007cf7efac41?pid=COMHD99W94EPN2H2&lid=LSTCOMHD99W94EPN2H28GBQQL&marketplace=FLIPKART&store=6bo%2Fb5g&srno=b_2_32&otracker=browse&fm=organic&iid=en_UvJoNalLb2TEa2qnLhHEvQdD7wfZXsISvvSa8ABz0uANqDKZsn5Tm48jxrD2nnq_EkLod264BTOTANLjYPSTffUFjCTyOHoHZs-Z5_PS_w0%3D&ppt=None&ppn=None&ssid=ocvrd61tww0000001764345628723,38990,4.2,31,https://rukminim2.flixcart.com/image/312/312/xif0q/computer/f/i/b/-original-imahgx8ws7ypyhmd.jpeg?q=70,"DELL 15 Intel Core i3 13th Gen 1305U - (16 GB/512 GB SSD/Windows 11 Home) OVN353025001RING1O Thin and .... powered by Intel Core i3. 16GB DDR4 RAM. 512.0GB SSD. 15.6"" HD display. weighs 1.66kg. running Windows 11 Home.",DELL,Titan Grey,Thin and Light Laptop,Intel,Core i3,16,DDR4,Intel,Integrated Graphics,FALSE,512,SSD,15.6,HD,FALSE,1.66,,Windows 11 Home,FALSE,FALSE,TRUE,TRUE,TRUE
laptop,Acer Aspire Lite AMD Ryzen 5 Hexa Core 5625U - (16 GB/512 GB SSD/Windows 11 Home) AL15-41 Thin and Lig...,https://www.flipkart.com/acer-aspire-lite-amd-ryzen-5-hexa-core-5625u-16-gb-512-gb-ssd-windows-11-home-al15-41-thin-light-laptop/p/itm0d8b84d052ad4?pid=COMGXPH6V5PZNMWU&lid=LSTCOMGXPH6V5PZNMWUALJFDH&marketplace=FLIPKART&store=6bo%2Fb5g&srno=b_2_33&otracker=browse&fm=organic&iid=4fa0b7a5-e0e3-4bcd-b550-79634c5dc6df.COMGXPH6V5PZNMWU.SEARCH&ppt=None&ppn=None&ssid=ocvrd61tww0000001764345628723,34990,4.1,194,https://rukminim2.flixcart.com/image/312/312/xif0q/computer/b/k/d/-original-imahb2kbf2zdan3z.jpeg?q=70,"Acer Aspire Lite AMD Ryzen 5 Hexa Core 5625U - (16 GB/512 GB SSD/Windows 11 Home) AL15-41 Thin and Lig.... powered by AMD Ryzen 5. 16GB DDR4 RAM. 512.0GB SSD. AMD Radeon Amd graphics. 15.6"" HD display. weighs 1.59kg. running Windows 11 Home.",Acer,Steel Grey,Thin and Light Laptop,AMD,Ryzen 5,16,DDR4,AMD,Radeon Amd,TRUE,512,SSD,15.6,HD,FALSE,1.59,,Windows 11 Home,TRUE,TRUE,TRUE,TRUE,TRUE
laptop,HP MSO 2024 Intel Core i3 13th Gen 1315U - (16 GB/512 GB SSD/Windows 11 Home) 15-fd0574TU / 15 - fd066...,https://www.flipkart.com/hp-mso-2024-intel-core-i3-13th-gen-1315u-16-gb-512-gb-ssd-windows-11-home-15-fd0574tu-15-fd0668tu-thin-light-laptop/p/itmcb9e5b7b2d3fb?pid=COMHBFRJEWGN4FMY&lid=LSTCOMHBFRJEWGN4FMYK9ZQ2H&marketplace=FLIPKART&store=6bo%2Fb5g&srno=b_2_34&otracker=browse&fm=organic&iid=4fa0b7a5-e0e3-4bcd-b550-79634c5dc6df.COMHBFRJEWGN4FMY.SEARCH&ppt=None&ppn=None&ssid=ocvrd61tww0000001764345628723,39990,4.1,126,https://rukminim2.flixcart.com/image/312/312/xif0q/computer/y/z/o/-original-imahg5fuv5wqgkkj.jpeg?q=70,"HP MSO 2024 Intel Core i3 13th Gen 1315U - (16 GB/512 GB SSD/Windows 11 Home) 15-fd0574TU / 15 - fd066.... powered by Intel Core i3. 16GB DDR4 RAM. 512.0GB SSD. 15.6"" Full HD display. weighs 1.59kg. running Windows 11 Home.",HP,Natural Silver,Thin and Light Laptop,Intel,Core i3,16,DDR4,Intel,Integrated Graphics,FALSE,512,SSD,15.6,Full HD,FALSE,1.59,,Windows 11 Home,FALSE,FALSE,TRUE,TRUE,TRUE
laptop,Lenovo IdeaPad Slim 5 Co-Pilot Next Gen AI PC Full Metal Snapdragon X Plus - (16 GB/1 TB SSD/Windows 1...,https://www.flipkart.com/lenovo-ideapad-slim-5-co-pilot-next-gen-ai-pc-full-metal-snapdragon-x-plus-16-gb-1-tb-ssd-windows-11-home-14q8x9-thin-light-laptop/p/itm8a59041fc8c0f?pid=COMH4N9CZ7JKPQQC&lid=LSTCOMH4N9CZ7JKPQQCOFLXDU&marketplace=FLIPKART&store=6bo%2Fb5g&srno=b_2_35&otracker=browse&fm=organic&iid=en_UvJoNalLb2TEa2qnLhHEvQdD7wfZXsISvvSa8ABz0uBSBy27Jn_Ng1OzIsu2RhBHmr8_Dvd2c2p1xsx-3Mn_CPUFjCTyOHoHZs-Z5_PS_w0%3D&ppt=None&ppn=None&ssid=ocvrd61tww0000001764345628723,57990,4.1,68,https://rukminim2.flixcart.com/image/312/312/xif0q/computer/6/l/r/-original-imahg5fxwyqndjhu.jpeg?q=70,"Lenovo IdeaPad Slim 5 Co-Pilot Next Gen AI PC Full Metal Snapdragon X Plus - (16 GB/1 TB SSD/Windows 1.... powered by Snapdragon X Plus. 16GB LPDDR5X RAM. 1024.0GB SSD. 14.0"" IPS display. weighs 1.48kg. running Windows 11 Home.",Lenovo,Cloud Grey,Thin and Light Laptop,Snapdragon,X Plus,16,LPDDR5X,Qualcomm,Adreno,FALSE,1024,SSD,14,IPS,FALSE,1.48,,Windows 11 Home,FALSE,FALSE,TRUE,TRUE,TRUE
laptop,"ASUS Vivobook 15 (2025) with Office 2024 + M365 Basic*, Backlit Keyboard, Intel Core i3 13th Gen 1315U...",https://www.flipkart.com/asus-vivobook-15-2025-office-2024-m365-basic-backlit-keyboard-intel-core-i3-13th-gen-1315u-16-gb-512-gb-ssd-windows-11-home-x1504va-nj2324ws-thin-light-laptop/p/itmf40dd3e4553f6?pid=COMH9SJ95TXH5PYE&lid=LSTCOMH9SJ95TXH5PYEG6PLFV&marketplace=FLIPKART&store=6bo%2Fb5g&srno=b_2_36&otracker=browse&fm=organic&iid=4fa0b7a5-e0e3-4bcd-b550-79634c5dc6df.COMH9SJ95TXH5PYE.SEARCH&ppt=None&ppn=None&ssid=ocvrd61tww0000001764345628723,39990,4.3,163,https://rukminim2.flixcart.com/image/312/312/xif0q/computer/w/h/g/-original-imahg5fuxuw5afvh.jpeg?q=70,"ASUS Vivobook 15 (2025) with Office 2024 + M365 Basic*, Backlit Keyboard, Intel Core i3 13th Gen 1315U.... powered by Intel Core i3. 16GB DDR4 RAM. 512.0GB SSD. 15.6"" Full HD display. weighs 1.7kg. running Windows 11 Home.",ASUS,Cool Silver,Thin and Light Laptop,Intel,Core i3,16,DDR4,Intel,Integrated Graphics,FALSE,512,SSD,15.6,Full HD,FALSE,1.7,,Windows 11 Home,FALSE,FALSE,TRUE,TRUE,TRUE
laptop,ASUS Vivobook Go 15 AMD Ryzen 3 Quad Core 7320U - (8 GB/512 GB SSD/Windows 11 Home) E1504FA-NJ130WS | ...,https://www.flipkart.com/asus-vivobook-go-15-amd-ryzen-3-quad-core-7320u-8-gb-512-gb-ssd-windows-11-home-e1504fa-nj130ws-e1504fa-bq2322ws-thin-light-laptop/p/itm9af4f3b5de2ff?pid=COMH94992SQ8HYGZ&lid=LSTCOMH94992SQ8HYGZMHVF97&marketplace=FLIPKART&store=6bo%2Fb5g&srno=b_2_37&otracker=browse&fm=organic&iid=en_UvJoNalLb2TEa2qnLhHEvQdD7wfZXsISvvSa8ABz0uCKBPjZMOB94z5aMg298bQdELXLmukSLH7KQ9_ORAK8qfUFjCTyOHoHZs-Z5_PS_w0%3D&ppt=None&ppn=None&ssid=ocvrd61tww0000001764345628723,30990,4.3,94,https://rukminim2.flixcart.com/image/312/312/xif0q/computer/m/y/o/-original-imahg5fxjta7gns7.jpeg?q=70,"ASUS Vivobook Go 15 AMD Ryzen 3 Quad Core 7320U - (8 GB/512 GB SSD/Windows 11 Home) E1504FA-NJ130WS | .... powered by AMD Ryzen 3. 8GB LPDDR5 RAM. 512.0GB SSD. AMD Radeon Amd graphics. 15.6"" Full HD display. weighs 1.63kg. running Windows 11 Home.",ASUS,Mixed Black,Thin and Light Laptop,AMD,Ryzen 3,8,LPDDR5,AMD,Radeon Amd,TRUE,512,SSD,15.6,Full HD,FALSE,1.63,,Windows 11 Home,TRUE,FALSE,FALSE,TRUE,TRUE
laptop,ASUS Vivobook Go 15 AMD Ryzen 5 Quad Core 7520U - (8 GB/512 GB SSD/Windows 11 Home) E1504FA-NJ132WS | ...,https://www.flipkart.com/asus-vivobook-go-15-amd-ryzen-5-quad-core-7520u-8-gb-512-gb-ssd-windows-11-home-e1504fa-nj132ws-e1504fa-nj521ws-thin-light-laptop/p/itm657eb80ea799a?pid=COMH9499JNGDGTZ5&lid=LSTCOMH9499JNGDGTZ5WJGUDN&marketplace=FLIPKART&store=6bo%2Fb5g&srno=b_2_38&otracker=browse&fm=organic&iid=en_UvJoNalLb2TEa2qnLhHEvQdD7wfZXsISvvSa8ABz0uBmHmckvwegawo8EzQDiF8tUWkoD2J2j_YaEn3NUrRsVPUFjCTyOHoHZs-Z5_PS_w0%3D&ppt=None&ppn=None&ssid=ocvrd61tww0000001764345628723,36990,4.2,49,https://rukminim2.flixcart.com/image/312/312/xif0q/computer/k/b/i/-original-imahg53xeuxqm6bv.jpeg?q=70,"ASUS Vivobook Go 15 AMD Ryzen 5 Quad Core 7520U - (8 GB/512 GB SSD/Windows 11 Home) E1504FA-NJ132WS | .... powered by AMD Ryzen 5. 8GB LPDDR5 RAM. 512.0GB SSD. AMD Radeon Amd graphics. 15.6"" Full HD display. weighs 1.63kg. running Windows 11 Home.",ASUS,Cool Silver,Thin and Light Laptop,AMD,Ryzen 5,8,LPDDR5,AMD,Radeon Amd,TRUE,512,SSD,15.6,Full HD,FALSE,1.63,,Windows 11 Home,TRUE,FALSE,FALSE,TRUE,TRUE
laptop,Acer Nitro V 15 Intel Core 5 210H - (16 GB/512 GB SSD/Windows 11 Home/6 GB Graphics/NVIDIA GeForce RTX...,https://www.flipkart.com/acer-nitro-v-15-intel-core-5-210h-16-gb-512-gb-ssd-windows-11-home-6-graphics-nvidia-geforce-rtx-4050-anv15-52-gaming-laptop/p/itmba7351a27b6a2?pid=COMHF8KZWUFYYPZK&lid=LSTCOMHF8KZWUFYYPZKMG3IVH&marketplace=FLIPKART&store=6bo%2Fb5g&srno=b_2_39&otracker=browse&fm=organic&iid=4fa0b7a5-e0e3-4bcd-b550-79634c5dc6df.COMHF8KZWUFYYPZK.SEARCH&ppt=None&ppn=None&ssid=ocvrd61tww0000001764345628723,67990,4.5,53,https://rukminim2.flixcart.com/image/312/312/xif0q/computer/u/l/w/-original-imahg9gzrzqj2dzx.jpeg?q=70,"Acer Nitro V 15 Intel Core 5 210H - (16 GB/512 GB SSD/Windows 11 Home/6 GB Graphics/NVIDIA GeForce RTX.... powered by Intel Core 5. 16GB DDR5 RAM. 512.0GB SSD. NVIDIA RTX 4050 graphics. 15.6"" IPS display. weighs 2.113kg. running Windows 11 Home.",Acer,Obsidian Black,Gaming Laptop,Intel,Core 5,16,DDR5,NVIDIA,RTX 4050,TRUE,512,SSD,15.6,IPS,FALSE,2.113,,Windows 11 Home,TRUE,TRUE,TRUE,TRUE,FALSE
laptop,Lenovo IdeaPad Slim 1 AMD Ryzen 5 Hexa Core 5500U - (8 GB/512 GB SSD/Windows 11 Home) 15ACL6 | 15ALC7 ...,https://www.flipkart.com/lenovo-ideapad-slim-1-amd-ryzen-5-hexa-core-5500u-8-gb-512-gb-ssd-windows-11-home-15acl6-15alc7-2-thin-light-laptop/p/itm3680fb576eb7b?pid=COMG9VHHF6HVJPP9&lid=LSTCOMG9VHHF6HVJPP9U213LU&marketplace=FLIPKART&store=6bo%2Fb5g&srno=b_2_40&otracker=browse&fm=organic&iid=4fa0b7a5-e0e3-4bcd-b550-79634c5dc6df.COMG9VHHF6HVJPP9.SEARCH&ppt=None&ppn=None&ssid=ocvrd61tww0000001764345628723,33990,4.2,563,https://rukminim2.flixcart.com/image/312/312/xif0q/computer/m/o/u/-original-imahg5fxhyfzpqwy.jpeg?q=70,"Lenovo IdeaPad Slim 1 AMD Ryzen 5 Hexa Core 5500U - (8 GB/512 GB SSD/Windows 11 Home) 15ACL6 | 15ALC7 .... powered by AMD Ryzen 5. 8GB DDR4 RAM. 512.0GB SSD. AMD Radeon Amd graphics. 15.6"" HD display. weighs 1.65kg. running Windows 11 Home.",Lenovo,Cloud Grey,Thin and Light Laptop,AMD,Ryzen 5,8,DDR4,AMD,Radeon Amd,TRUE,512,SSD,15.6,HD,FALSE,1.65,,Windows 11 Home,TRUE,FALSE,FALSE,TRUE,TRUE
laptop,"ASUS Vivobook S16 OLED (2025) with Backlit Keyboard, Metal Body*, Qualcomm Snapdragon X - (16 GB/512 G...",https://www.flipkart.com/asus-vivobook-s16-oled-2025-backlit-keyboard-metal-body-qualcomm-snapdragon-x-16-gb-512-gb-ssd-windows-11-home-s3607qa-sh078ws-thin-light-laptop/p/itm252509f1beb81?pid=COMHCQ5EYNZ2HRWW&lid=LSTCOMHCQ5EYNZ2HRWWUYQZ3F&marketplace=FLIPKART&store=6bo%2Fb5g&srno=b_2_41&otracker=browse&fm=organic&iid=en_UvJoNalLb2TEa2qnLhHEvQdD7wfZXsISvvSa8ABz0uBXxYaj_QXUVJTF_PbqaDhtG2amLjs3IPadBpBV9DWta6V8WX5krIChubBlraAu4CQ%3D&ppt=None&ppn=None&ssid=ocvrd61tww0000001764345628723,71990,4.4,51,https://rukminim2.flixcart.com/image/312/312/xif0q/computer/g/4/k/-original-imahfn3geekjdudx.jpeg?q=70,"ASUS Vivobook S16 OLED (2025) with Backlit Keyboard, Metal Body*, Qualcomm Snapdragon X - (16 GB/512 G.... powered by Qualcomm Snapdragon X. 16GB LPDDR5X RAM. 512.0GB SSD. 16.0"" Full HD display. weighs 1.74kg. running Windows 11 Home.",ASUS,Pink,Thin and Light Laptop,Qualcomm,Snapdragon X,16,LPDDR5X,Qualcomm,Adreno,FALSE,512,SSD,16,Full HD,FALSE,1.74,,Windows 11 Home,FALSE,FALSE,TRUE,TRUE,TRUE
laptop,"ASUS Vivobook S14 Flip (2025) with Office 2024 + M365 Basic*, Backlit Keyboard, Intel Core i5 13th Gen...",https://www.flipkart.com/asus-vivobook-s14-flip-2025-office-2024-m365-basic-backlit-keyboard-intel-core-i5-13th-gen-13420h-16-gb-512-gb-ssd-windows-11-home-tp3402vao-lz612ws-2-1-laptop/p/itme494b3629a714?pid=COMH9SJ9VAJ7ZD99&lid=LSTCOMH9SJ9VAJ7ZD99ZNVNMB&marketplace=FLIPKART&store=6bo%2Fb5g&srno=b_2_42&otracker=browse&fm=organic&iid=en_UvJoNalLb2TEa2qnLhHEvQdD7wfZXsISvvSa8ABz0uD6lC3gAGAlIW314C8hUEW0gu1VHW1OrbMooQVsEbPVPQ891ypMzu4_aryI8_sihJ8%3D&ppt=None&ppn=None&ssid=ocvrd61tww0000001764345628723,63990,4.4,51,https://rukminim2.flixcart.com/image/312/312/xif0q/computer/a/s/e/-original-imahg4ut9hnhkwhg.jpeg?q=70,"ASUS Vivobook S14 Flip (2025) with Office 2024 + M365 Basic*, Backlit Keyboard, Intel Core i5 13th Gen.... powered by Intel Core i5. 16GB DDR4 RAM. 512.0GB SSD. 14.0"" IPS display. weighs 1.65kg. running Windows 11 Home.",ASUS,Transparent Silver,2 in 1 Laptop,Intel,Core i5,16,DDR4,Intel,Integrated Graphics,FALSE,512,SSD,14,IPS,FALSE,1.65,,Windows 11 Home,FALSE,FALSE,TRUE,TRUE,TRUE
laptop,Acer Aspire Lite AMD Ryzen 3 Quad Core 5300U - (8 GB/512 GB SSD/Windows 11 Home) AL15-41 Thin and Ligh...,https://www.flipkart.com/acer-aspire-lite-amd-ryzen-3-quad-core-5300u-8-gb-512-gb-ssd-windows-11-home-al15-41-thin-light-laptop/p/itm1bc0bcb4598e7?pid=COMH2TPSM9V7V38F&lid=LSTCOMH2TPSM9V7V38F5SNKCO&marketplace=FLIPKART&store=6bo%2Fb5g&srno=b_2_43&otracker=browse&fm=organic&iid=4fa0b7a5-e0e3-4bcd-b550-79634c5dc6df.COMH2TPSM9V7V38F.SEARCH&ppt=None&ppn=None&ssid=ocvrd61tww0000001764345628723,26990,4.1,94,https://rukminim2.flixcart.com/image/312/312/xif0q/computer/b/k/d/-original-imahb2kbf2zdan3z.jpeg?q=70,"Acer Aspire Lite AMD Ryzen 3 Quad Core 5300U - (8 GB/512 GB SSD/Windows 11 Home) AL15-41 Thin and Ligh.... powered by AMD Ryzen 3. 8GB DDR4 RAM. 512.0GB SSD. AMD Radeon Amd graphics. 15.6"" HD display. weighs 1.59kg. running Windows 11 Home.",Acer,Steel Grey,Thin and Light Laptop,AMD,Ryzen 3,8,DDR4,AMD,Radeon Amd,TRUE,512,SSD,15.6,HD,FALSE,1.59,,Windows 11 Home,TRUE,FALSE,FALSE,TRUE,TRUE
laptop,HP 15 Intel Celeron Dual Core 12th Gen -N4500 - (8 GB/256 GB SSD/Windows 11 Pro) 250 G9 Thin and Light...,https://www.flipkart.com/hp-15-intel-celeron-dual-core-12th-gen-n4500-8-gb-256-gb-ssd-windows-11-pro-250-g9-thin-light-laptop/p/itm6929dbff87f98?pid=COMHCZFNKPRFHKHN&lid=LSTCOMHCZFNKPRFHKHNHJ68DI&marketplace=FLIPKART&store=6bo%2Fb5g&srno=b_2_44&otracker=browse&fm=organic&iid=4fa0b7a5-e0e3-4bcd-b550-79634c5dc6df.COMHCZFNKPRFHKHN.SEARCH&ppt=None&ppn=None&ssid=ocvrd61tww0000001764345628723,28000,4,22,https://rukminim2.flixcart.com/image/312/312/xif0q/computer/c/z/o/250-g9-laptop-hp-original-imahczfnxwzvecxj.jpeg?q=70,"HP 15 Intel Celeron Dual Core 12th Gen -N4500 - (8 GB/256 GB SSD/Windows 11 Pro) 250 G9 Thin and Light.... powered by Intel Celeron Dual Core. 8GB DDR4 RAM. 256.0GB SSD. 15.6"" LCD display. weighs 1.36kg. running Windows 11 Pro.",HP,Gray,Thin and Light Laptop,Intel,Celeron Dual Core,8,DDR4,Intel,Iris Xe,FALSE,256,SSD,15.6,LCD,FALSE,1.36,,Windows 11 Pro,FALSE,FALSE,FALSE,TRUE,TRUE
laptop,HP 15 Intel Core i5 13th Gen 1334U - (16 GB/512 GB SSD/Windows 11 Home) 15-fd0576TU / 15-fd0467TU Thin...,https://www.flipkart.com/hp-15-intel-core-i5-13th-gen-1334u-16-gb-512-gb-ssd-windows-11-home-15-fd0576tu-15-fd0467tu-thin-light-laptop/p/itm3d552029526ba?pid=COMH8QXWHJRQKR6P&lid=LSTCOMH8QXWHJRQKR6PW3FWJH&marketplace=FLIPKART&store=6bo%2Fb5g&srno=b_2_45&otracker=browse&fm=organic&iid=en_UvJoNalLb2TEa2qnLhHEvQdD7wfZXsISvvSa8ABz0uDU81Lls2h1qX-kXv-Yq2ewGlnOP_OGkjFhOzyTBchephhTy0lUJ14SzoMSv_CzLF0%3D&ppt=None&ppn=None&ssid=ocvrd61tww0000001764345628723,54990,4.2,45,https://rukminim2.flixcart.com/image/312/312/xif0q/computer/t/v/8/-original-imahg5fxfpvjasap.jpeg?q=70,"HP 15 Intel Core i5 13th Gen 1334U - (16 GB/512 GB SSD/Windows 11 Home) 15-fd0576TU / 15-fd0467TU Thin.... powered by Intel Core i5. 16GB DDR4 RAM. 512.0GB SSD. 15.6"" Full HD display. weighs 1.59kg. running Windows 11 Home.",HP,Silver,Thin and Light Laptop,Intel,Core i5,16,DDR4,Intel,Iris Xe,FALSE,512,SSD,15.6,Full HD,FALSE,1.59,,Windows 11 Home,FALSE,FALSE,TRUE,TRUE,TRUE
laptop,HP AMD Ryzen 5 Quad Core 7520U - (8 GB/512 GB SSD/Windows 11 Home) 15-fc0155AU Thin and Light Laptop,https://www.flipkart.com/hp-amd-ryzen-5-quad-core-7520u-8-gb-512-gb-ssd-windows-11-home-15-fc0155au-thin-light-laptop/p/itmd9ac5762d7458?pid=COMH4N767SJX8MZV&lid=LSTCOMH4N767SJX8MZVTL7NML&marketplace=FLIPKART&store=6bo%2Fb5g&srno=b_2_46&otracker=browse&fm=organic&iid=4fa0b7a5-e0e3-4bcd-b550-79634c5dc6df.COMH4N767SJX8MZV.SEARCH&ppt=None&ppn=None&ssid=ocvrd61tww0000001764345628723,36780,4.1,36,https://rukminim2.flixcart.com/image/312/312/xif0q/computer/x/t/0/-original-imahg5fxczhkjvzh.jpeg?q=70,"HP AMD Ryzen 5 Quad Core 7520U - (8 GB/512 GB SSD/Windows 11 Home) 15-fc0155AU Thin and Light Laptop. powered by AMD Ryzen 5. 8GB LPDDR5 RAM. 512.0GB SSD. AMD Radeon Amd graphics. 15.6"" HD display. weighs 1.59kg. running Windows 11 Home.",HP,Natural Silver,Thin and Light Laptop,AMD,Ryzen 5,8,LPDDR5,AMD,Radeon Amd,TRUE,512,SSD,15.6,HD,FALSE,1.59,,Windows 11 Home,TRUE,FALSE,FALSE,TRUE,TRUE
laptop,HP Intel Core i7 13th Gen 13620H - (16 GB/512 GB SSD/Windows 11 Home) 15-fr0046TU Thin and Light Lapto...,https://www.flipkart.com/hp-intel-core-i7-13th-gen-13620h-16-gb-512-gb-ssd-windows-11-home-15-fr0046tu-thin-light-laptop/p/itmc255f42578e1e?pid=COMHDFUWWFF77NQC&lid=LSTCOMHDFUWWFF77NQCREKA4R&marketplace=FLIPKART&store=6bo%2Fb5g&srno=b_2_47&otracker=browse&fm=organic&iid=en_UvJoNalLb2TEa2qnLhHEvQdD7wfZXsISvvSa8ABz0uDinqWw7fh7mw4x9PMeorjtgbcsbDxHo1zib_EaqSVwi33Gaq_wzx4HJysDmGalzMk%3D&ppt=None&ppn=None&ssid=ocvrd61tww0000001764345628723,65990,4.3,36,https://rukminim2.flixcart.com/image/312/312/xif0q/computer/y/y/x/-original-imahgx8weecatg2f.jpeg?q=70,"HP Intel Core i7 13th Gen 13620H - (16 GB/512 GB SSD/Windows 11 Home) 15-fr0046TU Thin and Light Lapto.... powered by Intel Core i7. 16GB DDR4 RAM. 512.0GB SSD. 15.6"" Full HD display. weighs 1.65kg. running Windows 11 Home.",HP,Natural Silver,Thin and Light Laptop,Intel,Core i7,16,DDR4,Intel,Integrated Graphics,FALSE,512,SSD,15.6,Full HD,FALSE,1.65,,Windows 11 Home,FALSE,FALSE,TRUE,TRUE,TRUE
laptop,Acer Swift Neo OLED AI PC Intel Core Ultra 5 115U - (16 GB/512 GB SSD/Windows 11 Home) SFN14-54H Thin ...,https://www.flipkart.com/acer-swift-neo-oled-ai-pc-intel-core-ultra-5-115u-16-gb-512-gb-ssd-windows-11-home-sfn14-54h-thin-light-laptop/p/itm7e110040e3132?pid=COMHDF2CEWYVC82H&lid=LSTCOMHDF2CEWYVC82HHY6OWR&marketplace=FLIPKART&store=6bo%2Fb5g&srno=b_2_48&otracker=browse&fm=organic&iid=en_UvJoNalLb2TEa2qnLhHEvQdD7wfZXsISvvSa8ABz0uB-ofLZJxnWCNlGFzDouYA6wBJBttCGPr4abwz-K8-kTuvN4Mn-dv-pi277bRzMbnY%3D&ppt=None&ppn=None&ssid=ocvrd61tww0000001764345628723,52990,4.1,114,https://rukminim2.flixcart.com/image/312/312/xif0q/computer/e/8/9/-original-imahgx8w63f8shx4.jpeg?q=70,"Acer Swift Neo OLED AI PC Intel Core Ultra 5 115U - (16 GB/512 GB SSD/Windows 11 Home) SFN14-54H Thin .... powered by Intel Core Ultra 5. 16GB LPDDR5 RAM. 512.0GB SSD. 14.0"" OLED display. weighs 1.3kg. running Windows 11 Home.",Acer,Silver,Thin and Light Laptop,Intel,Core Ultra 5,16,LPDDR5,Intel,Integrated Graphics,FALSE,512,SSD,14,OLED,FALSE,1.3,,Windows 11 Home,FALSE,FALSE,TRUE,TRUE,TRUE
laptop,"ASUS Vivobook 14 (2025) with Office 2024 + M365 Basic*, Intel Core i3 13th Gen 1315U - (8 GB/512 GB SS...",https://www.flipkart.com/asus-vivobook-14-2025-office-2024-m365-basic-intel-core-i3-13th-gen-1315u-8-gb-512-gb-ssd-windows-11-home-x1404va-eb323ws-thin-light-laptop/p/itm4ec733dfcd801?pid=COMHEZZTYEAC6VEM&lid=LSTCOMHEZZTYEAC6VEMD00KXC&marketplace=FLIPKART&store=6bo%2Fb5g&srno=b_3_49&otracker=browse&fm=organic&iid=19d9fc0a-0c19-4487-8e56-0970308f885a.COMHEZZTYEAC6VEM.SEARCH&ppt=None&ppn=None&ssid=gwmyxm9urk0000001764345637679,35990,4.3,163,https://rukminim2.flixcart.com/image/312/312/xif0q/computer/2/m/o/-original-imahfmzz5qkfce6d.jpeg?q=70,"ASUS Vivobook 14 (2025) with Office 2024 + M365 Basic*, Intel Core i3 13th Gen 1315U - (8 GB/512 GB SS.... powered by Intel Core i3. 8GB DDR4 RAM. 512.0GB SSD. 14.0"" Full HD display. weighs 1.4kg. running Windows 11 Home.",ASUS,Terra Cotta,Thin and Light Laptop,Intel,Core i3,8,DDR4,Intel,Integrated Graphics,FALSE,512,SSD,14,Full HD,FALSE,1.4,,Windows 11 Home,FALSE,FALSE,FALSE,TRUE,TRUE
laptop,HP Laptop Intel Core i3 13th Gen 1315U - (8 GB/512 GB SSD/Windows 11 Home) 15-fd0129TU / 15-fd0568TU T...,https://www.flipkart.com/hp-laptop-intel-core-i3-13th-gen-1315u-8-gb-512-gb-ssd-windows-11-home-15-fd0129tu-15-fd0568tu-thin-light/p/itmcf7c16556a324?pid=COMHF6WAGPZCBQVZ&lid=LSTCOMHF6WAGPZCBQVZPP4MLX&marketplace=FLIPKART&store=6bo%2Fb5g&srno=b_3_50&otracker=browse&fm=organic&iid=19d9fc0a-0c19-4487-8e56-0970308f885a.COMHF6WAGPZCBQVZ.SEARCH&ppt=None&ppn=None&ssid=gwmyxm9urk0000001764345637679,35990,4.1,126,https://rukminim2.flixcart.com/image/312/312/xif0q/computer/y/z/o/-original-imahg5fuv5wqgkkj.jpeg?q=70,"HP Laptop Intel Core i3 13th Gen 1315U - (8 GB/512 GB SSD/Windows 11 Home) 15-fd0129TU / 15-fd0568TU T.... powered by Intel Core i3. 8GB DDR4 RAM. 512.0GB SSD. 15.6"" HD display. weighs 1.59kg. running Windows 11 Home.",HP,Natural Silver,Thin and Light Laptop,Intel,Core i3,8,DDR4,Intel,Integrated Graphics,FALSE,512,SSD,15.6,HD,FALSE,1.59,,Windows 11 Home,FALSE,FALSE,FALSE,TRUE,TRUE
laptop,Samsung Galaxy Book4 Edge Series Copilot AI-PC Full Metal Chasis Qualcomm Snapdragon X - (16 GB/512 GB...,https://www.flipkart.com/samsung-galaxy-book4-edge-series-copilot-ai-pc-full-metal-chasis-qualcomm-snapdragon-x-16-gb-512-gb-ssd-windows-11-home-np750xqb-ka1in-thin-light-laptop/p/itm1d61ec8d90cc7?pid=COMHE4ATFWNVHXHS&lid=LSTCOMHE4ATFWNVHXHSIHS0FO&marketplace=FLIPKART&store=6bo%2Fb5g&srno=b_3_51&otracker=browse&fm=organic&iid=en_6VqV0mWC8SJalNj3yj0_1nMOxhNpJzcWD1hmFXn0StzLctJ2vsrQmjH0dDGjaijWQ71Y6DzfE2Py1YOKCzM1GPUFjCTyOHoHZs-Z5_PS_w0%3D&ppt=None&ppn=None&ssid=gwmyxm9urk0000001764345637679,64990,4.4,128,https://rukminim2.flixcart.com/image/312/312/xif0q/computer/a/g/p/-original-imahgwkqughzkwt3.jpeg?q=70,"Samsung Galaxy Book4 Edge Series Copilot AI-PC Full Metal Chasis Qualcomm Snapdragon X - (16 GB/512 GB.... powered by Qualcomm Snapdragon X. 16GB LPDDR5X RAM. 512.0GB SSD. 15.6"" HD display. weighs 1.55kg. running Windows 11 Home.",Samsung,Sapphire Blue,Thin and Light Laptop,Qualcomm,Snapdragon X,16,LPDDR5X,Qualcomm,Adreno,FALSE,512,SSD,15.6,HD,FALSE,1.55,,Windows 11 Home,FALSE,FALSE,TRUE,TRUE,TRUE
laptop,"ASUS Vivobook 15 (2025) with Office 2024 + M365 Basic*, Intel Core i3 13th Gen 1315U - (8 GB/512 GB SS...",https://www.flipkart.com/asus-vivobook-15-2025-office-2024-m365-basic-intel-core-i3-13th-gen-1315u-8-gb-512-gb-ssd-windows-11-home-x1504va-nj3700ws-thin-light-laptop/p/itmf31c79724a398?pid=COMHCQ5ECZZV6THK&lid=LSTCOMHCQ5ECZZV6THKTW8YMF&marketplace=FLIPKART&store=6bo%2Fb5g&srno=b_3_52&otracker=browse&fm=organic&iid=en_6VqV0mWC8SJalNj3yj0_1nMOxhNpJzcWD1hmFXn0Stx6e_AGaOX9Xt9IMh9Mt6dtVLCGCpnr56tU-0Batk7usvUFjCTyOHoHZs-Z5_PS_w0%3D&ppt=None&ppn=None&ssid=gwmyxm9urk0000001764345637679,34990,4.3,163,https://rukminim2.flixcart.com/image/312/312/xif0q/computer/b/l/v/-original-imahgfdffszmurd7.jpeg?q=70,"ASUS Vivobook 15 (2025) with Office 2024 + M365 Basic*, Intel Core i3 13th Gen 1315U - (8 GB/512 GB SS.... powered by Intel Core i3. 8GB DDR4 RAM. 512.0GB SSD. 15.6"" Full HD display. weighs 1.7kg. running Windows 11 Home.",ASUS,Terra Cotta,Thin and Light Laptop,Intel,Core i3,8,DDR4,Intel,Integrated Graphics,FALSE,512,SSD,15.6,Full HD,FALSE,1.7,,Windows 11 Home,FALSE,FALSE,FALSE,TRUE,TRUE
laptop,"ASUS Vivobook S14 (2025) with Office 2024 + M365 Basic*, Backlit Keyboard, Intel Core i5 13th Gen 1342...",https://www.flipkart.com/asus-vivobook-s14-2025-office-2024-m365-basic-backlit-keyboard-intel-core-i5-13th-gen-13420h-16-gb-512-gb-ssd-windows-11-home-s3407va-ly037ws-thin-light-laptop/p/itm820c07740b4c9?pid=COMH9SJ9VCEQJCSX&lid=LSTCOMH9SJ9VCEQJCSXBL2HSQ&marketplace=FLIPKART&store=6bo%2Fb5g&srno=b_3_53&otracker=browse&fm=organic&iid=19d9fc0a-0c19-4487-8e56-0970308f885a.COMH9SJ9VCEQJCSX.SEARCH&ppt=None&ppn=None&ssid=gwmyxm9urk0000001764345637679,56990,4.4,49,https://rukminim2.flixcart.com/image/312/312/xif0q/computer/k/a/c/-original-imahg4utfpfb6bv6.jpeg?q=70,"ASUS Vivobook S14 (2025) with Office 2024 + M365 Basic*, Backlit Keyboard, Intel Core i5 13th Gen 1342.... powered by Intel Core i5. 16GB DDR5 RAM. 512.0GB SSD. 14.0"" IPS display. weighs 1.39kg. running Windows 11 Home.",ASUS,Matte Gray,Thin and Light Laptop,Intel,Core i5,16,DDR5,Intel,Integrated Graphics,FALSE,512,SSD,14,IPS,FALSE,1.39,,Windows 11 Home,FALSE,FALSE,TRUE,TRUE,TRUE
laptop,ASUS Vivobook Go 15 AMD Ryzen 3 Quad Core 7320U - (8 GB/512 GB SSD/Windows 11 Home) E1504FA-NJ131WS | ...,https://www.flipkart.com/asus-vivobook-go-15-amd-ryzen-3-quad-core-7320u-8-gb-512-gb-ssd-windows-11-home-e1504fa-nj131ws-e1504fa-bq2321ws-thin-light-laptop/p/itm459fb45576278?pid=COMH94998FGG8FHG&lid=LSTCOMH94998FGG8FHGLMIDOV&marketplace=FLIPKART&store=6bo%2Fb5g&srno=b_3_54&otracker=browse&fm=organic&iid=19d9fc0a-0c19-4487-8e56-0970308f885a.COMH94998FGG8FHG.SEARCH&ppt=None&ppn=None&ssid=gwmyxm9urk0000001764345637679,32990,4.3,94,https://rukminim2.flixcart.com/image/312/312/xif0q/computer/8/z/9/-original-imahg5fyefybajws.jpeg?q=70,"ASUS Vivobook Go 15 AMD Ryzen 3 Quad Core 7320U - (8 GB/512 GB SSD/Windows 11 Home) E1504FA-NJ131WS | .... powered by AMD Ryzen 3. 8GB LPDDR5 RAM. 512.0GB SSD. AMD Radeon Amd graphics. 15.6"" Full HD display. weighs 1.63kg. running Windows 11 Home.",ASUS,Cool Silver,Thin and Light Laptop,AMD,Ryzen 3,8,LPDDR5,AMD,Radeon Amd,TRUE,512,SSD,15.6,Full HD,FALSE,1.63,,Windows 11 Home,TRUE,FALSE,FALSE,TRUE,TRUE
laptop,Lenovo IdeaPad Slim 3 Next Gen AI PC WUXGA IPS Copilot + PC Qualcomm Snapdragon X - (16 GB/512 GB SSD/...,https://www.flipkart.com/lenovo-ideapad-slim-3-next-gen-ai-pc-wuxga-ips-copilot-qualcomm-snapdragon-x-16-gb-512-gb-ssd-windows-11-home-15q8x10-thin-light-laptop/p/itm097ac7e15511b?pid=COMHDMJYDGBTMJXG&lid=LSTCOMHDMJYDGBTMJXG112MJM&marketplace=FLIPKART&store=6bo%2Fb5g&srno=b_3_55&otracker=browse&fm=organic&iid=en_6VqV0mWC8SJalNj3yj0_1nMOxhNpJzcWD1hmFXn0StwAWNHgst8wS2rkjj9_T-T9NwAKNkUyoQ8jObELuPEQTPUFjCTyOHoHZs-Z5_PS_w0%3D&ppt=None&ppn=None&ssid=gwmyxm9urk0000001764345637679,49990,4.3,27,https://rukminim2.flixcart.com/image/312/312/xif0q/computer/d/z/z/-original-imahgfdfx3hhguyc.jpeg?q=70,"Lenovo IdeaPad Slim 3 Next Gen AI PC WUXGA IPS Copilot + PC Qualcomm Snapdragon X - (16 GB/512 GB SSD/.... powered by Qualcomm Snapdragon X. 16GB LPDDR5X RAM. 512.0GB SSD. 15.3"" IPS display. weighs 1.55kg. running Windows 11 Home.",Lenovo,Luna Grey,Thin and Light Laptop,Qualcomm,Snapdragon X,16,LPDDR5X,Qualcomm,Adreno,FALSE,512,SSD,15.3,IPS,FALSE,1.55,50,Windows 11 Home,FALSE,FALSE,TRUE,TRUE,TRUE
laptop,Acer Aspire 3 AMD Ryzen 3 Quad Core 7330U - (8 GB/512 GB SSD/Windows 11 Home) A325-42 Thin and Light L...,https://www.flipkart.com/acer-aspire-3-amd-ryzen-quad-core-7330u-8-gb-512-gb-ssd-windows-11-home-a325-42-thin-light-laptop/p/itmdaf15e01a1d1a?pid=COMH397X2KJ8XCHR&lid=LSTCOMH397X2KJ8XCHROGTGJP&marketplace=FLIPKART&store=6bo%2Fb5g&srno=b_3_56&otracker=browse&fm=organic&iid=19d9fc0a-0c19-4487-8e56-0970308f885a.COMH397X2KJ8XCHR.SEARCH&ppt=None&ppn=None&ssid=gwmyxm9urk0000001764345637679,29101,4.1,92,https://rukminim2.flixcart.com/image/312/312/xif0q/computer/7/z/j/-original-imahg5fyhy7ggkns.jpeg?q=70,"Acer Aspire 3 AMD Ryzen 3 Quad Core 7330U - (8 GB/512 GB SSD/Windows 11 Home) A325-42 Thin and Light L.... powered by AMD Ryzen 3. 8GB DDR4 RAM. 512.0GB SSD. AMD Radeon Amd graphics. 15.6"" HD display. weighs 1.79kg. running Windows 11 Home.",Acer,Silver,Thin and Light Laptop,AMD,Ryzen 3,8,DDR4,AMD,Radeon Amd,TRUE,512,SSD,15.6,HD,FALSE,1.79,,Windows 11 Home,TRUE,FALSE,FALSE,TRUE,TRUE
laptop,Acer Aspire 3 Intel Core i3 13th Gen 1305U - (8 GB/512 GB SSD/Windows 11 Home) A324-53 Thin and Light ...,https://www.flipkart.com/acer-aspire-3-intel-core-i3-13th-gen-1305u-8-gb-512-gb-ssd-windows-11-home-a324-53-thin-light-laptop/p/itma6a6812aa712e?pid=COMH4B6CGTPNVJW9&lid=LSTCOMH4B6CGTPNVJW9JOF4ZC&marketplace=FLIPKART&store=6bo%2Fb5g&srno=b_3_57&otracker=browse&fm=organic&iid=en_6VqV0mWC8SJalNj3yj0_1nMOxhNpJzcWD1hmFXn0StyKh1PqY7qiiBb1xQpv1zMIp5iBsv_cHJc2xbWysDCSOfUFjCTyOHoHZs-Z5_PS_w0%3D&ppt=None&ppn=None&ssid=gwmyxm9urk0000001764345637679,30990,4.3,233,https://rukminim2.flixcart.com/image/312/312/xif0q/computer/r/p/w/-original-imahg5fxzmyzbkv8.jpeg?q=70,"Acer Aspire 3 Intel Core i3 13th Gen 1305U - (8 GB/512 GB SSD/Windows 11 Home) A324-53 Thin and Light .... powered by Intel Core i3. 8GB DDR4 RAM. 512.0GB SSD. 14.0"" HD display. weighs 1.45kg. running Windows 11 Home.",Acer,Steel Gray,Thin and Light Laptop,Intel,Core i3,8,DDR4,Intel,Integrated Graphics,FALSE,512,SSD,14,HD,FALSE,1.45,,Windows 11 Home,FALSE,FALSE,FALSE,TRUE,TRUE
laptop,"ASUS Vivobook 15 (2025) (i5 14th Gen) with MSO 2024 + M365 Basic*, Backlit Keyboard, Intel Core 5 120U...",https://www.flipkart.com/asus-vivobook-15-2025-i5-14th-gen-mso-2024-m365-basic-backlit-keyboard-intel-core-5-120u-16-gb-512-gb-ssd-windows-11-home-x1504vap-nj2862ws-thin-light-laptop/p/itm509f174cc1a04?pid=COMHDG7CFDWVKYMZ&lid=LSTCOMHDG7CFDWVKYMZSDYMWT&marketplace=FLIPKART&store=6bo%2Fb5g&srno=b_3_58&otracker=browse&fm=organic&iid=en_6VqV0mWC8SJalNj3yj0_1nMOxhNpJzcWD1hmFXn0StzRCc5yN55FsvtT30eR_tDuJubSY-XXxoDQMrwdvEBBPPUFjCTyOHoHZs-Z5_PS_w0%3D&ppt=None&ppn=None&ssid=gwmyxm9urk0000001764345637679,49990,4.3,79,https://rukminim2.flixcart.com/image/312/312/xif0q/computer/k/u/e/-original-imahcd8gzqjnp2vv.jpeg?q=70,"ASUS Vivobook 15 (2025) (i5 14th Gen) with MSO 2024 + M365 Basic*, Backlit Keyboard, Intel Core 5 120U.... powered by Intel Core 5. 16GB DDR4 RAM. 512.0GB SSD. 15.6"" Full HD display. weighs 1.7kg. running Windows 11 Home.",ASUS,Cool Silver,Thin and Light Laptop,Intel,Core 5,16,DDR4,Intel,Integrated Graphics,FALSE,512,SSD,15.6,Full HD,FALSE,1.7,,Windows 11 Home,FALSE,FALSE,TRUE,TRUE,TRUE
laptop,MOTOROLA Motobook 60 Full Metal OLED (i7 14th Gen) Intel Core 7 (Series 2) 240H - (16 GB/512 GB SSD/Wi...,https://www.flipkart.com/motorola-motobook-60-full-metal-oled-i7-14th-gen-intel-core-7-series-2-240h-16-gb-512-gb-ssd-windows-11-home-14irh10r-thin-light-laptop/p/itm96df72a170b7f?pid=COMHAUZWRPCKAGKZ&lid=LSTCOMHAUZWRPCKAGKZVQFR3D&marketplace=FLIPKART&store=6bo%2Fb5g&srno=b_3_59&otracker=browse&fm=organic&iid=19d9fc0a-0c19-4487-8e56-0970308f885a.COMHAUZWRPCKAGKZ.SEARCH&ppt=None&ppn=None&ssid=gwmyxm9urk0000001764345637679,55990,4.4,69,https://rukminim2.flixcart.com/image/312/312/xif0q/computer/b/a/v/-original-imahg5fxgntg3thz.jpeg?q=70,"MOTOROLA Motobook 60 Full Metal OLED (i7 14th Gen) Intel Core 7 (Series 2) 240H - (16 GB/512 GB SSD/Wi.... powered by Intel Core 7 (Series 2). 16GB DDR5 RAM. 512.0GB SSD. 14.0"" OLED display. weighs 1.4kg. running Windows 11 Home.",MOTOROLA,PANTONE Bronze Green,Thin and Light Laptop,Intel,Core 7 (Series 2),16,DDR5,Intel,Integrated Graphics,FALSE,512,SSD,14,OLED,FALSE,1.4,,Windows 11 Home,FALSE,FALSE,TRUE,TRUE,TRUE
laptop,Acer NITRO LITE 16 Intel Core i5 13th Gen 13420H - (16 GB/512 GB SSD/Windows 11 Home/6 GB Graphics/NVI...,https://www.flipkart.com/acer-nitro-lite-16-intel-core-i5-13th-gen-13420h-16-gb-512-gb-ssd-windows-11-home-6-graphics-nvidia-geforce-rtx-3050-nl16-71g-gaming-laptop/p/itm8b5cc2bc3b9ac?pid=COMHDFTZNV9NKCNE&lid=LSTCOMHDFTZNV9NKCNEGCLHOY&marketplace=FLIPKART&store=6bo%2Fb5g&srno=b_3_60&otracker=browse&fm=organic&iid=19d9fc0a-0c19-4487-8e56-0970308f885a.COMHDFTZNV9NKCNE.SEARCH&ppt=None&ppn=None&ssid=gwmyxm9urk0000001764345637679,59990,4.3,4,https://rukminim2.flixcart.com/image/312/312/xif0q/computer/1/x/l/-original-imahgfz4ttyc9z5y.jpeg?q=70,"Acer NITRO LITE 16 Intel Core i5 13th Gen 13420H - (16 GB/512 GB SSD/Windows 11 Home/6 GB Graphics/NVI.... powered by Intel Core i5. 16GB DDR5 RAM. 512.0GB SSD. NVIDIA RTX 3050 graphics. 16.0"" IPS display. weighs 1.95kg. running Windows 11 Home.",Acer,Pure White,Gaming Laptop,Intel,Core i5,16,DDR5,NVIDIA,RTX 3050,TRUE,512,SSD,16,IPS,FALSE,1.95,,Windows 11 Home,TRUE,TRUE,TRUE,TRUE,TRUE
laptop,DELL 15 Intel Core i3 13th Gen 1305U - (16 GB/512 GB SSD/Windows 11 Home) OVN353025001RING1O Thin and ...,https://www.flipkart.com/dell-15-intel-core-i3-13th-gen-1305u-16-gb-512-gb-ssd-windows-11-home-ovn353025001ring1o-thin-light-laptop/p/itmb007cf7efac41?pid=COMHD99W94EPN2H2&lid=LSTCOMHD99W94EPN2H28GBQQL&marketplace=FLIPKART&store=6bo%2Fb5g&srno=b_3_61&otracker=browse&fm=organic&iid=en_6VqV0mWC8SJalNj3yj0_1nMOxhNpJzcWD1hmFXn0StxG_Quyu64ihItKT3xjcYwMEkLod264BTOTANLjYPSTffUFjCTyOHoHZs-Z5_PS_w0%3D&ppt=None&ppn=None&ssid=gwmyxm9urk0000001764345637679,38990,4.2,31,https://rukminim2.flixcart.com/image/312/312/xif0q/computer/f/i/b/-original-imahgx8ws7ypyhmd.jpeg?q=70,"DELL 15 Intel Core i3 13th Gen 1305U - (16 GB/512 GB SSD/Windows 11 Home) OVN353025001RING1O Thin and .... powered by Intel Core i3. 16GB DDR4 RAM. 512.0GB SSD. 15.6"" HD display. weighs 1.66kg. running Windows 11 Home.",DELL,Titan Grey,Thin and Light Laptop,Intel,Core i3,16,DDR4,Intel,Integrated Graphics,FALSE,512,SSD,15.6,HD,FALSE,1.66,,Windows 11 Home,FALSE,FALSE,TRUE,TRUE,TRUE
laptop,Lenovo IdeaPad Slim 5 Co-Pilot Next Gen AI PC Full Metal Snapdragon X Plus - (16 GB/1 TB SSD/Windows 1...,https://www.flipkart.com/lenovo-ideapad-slim-5-co-pilot-next-gen-ai-pc-full-metal-snapdragon-x-plus-16-gb-1-tb-ssd-windows-11-home-14q8x9-thin-light-laptop/p/itm8a59041fc8c0f?pid=COMH4N9CZ7JKPQQC&lid=LSTCOMH4N9CZ7JKPQQCOFLXDU&marketplace=FLIPKART&store=6bo%2Fb5g&srno=b_3_62&otracker=browse&fm=organic&iid=en_6VqV0mWC8SJalNj3yj0_1nMOxhNpJzcWD1hmFXn0Stz1y5dLMbshHKqdeIrQ1qbpWjuanWzn_fwNsSOeIbWWJvUFjCTyOHoHZs-Z5_PS_w0%3D&ppt=None&ppn=None&ssid=gwmyxm9urk0000001764345637679,57990,4.1,68,https://rukminim2.flixcart.com/image/312/312/xif0q/computer/6/l/r/-original-imahg5fxwyqndjhu.jpeg?q=70,"Lenovo IdeaPad Slim 5 Co-Pilot Next Gen AI PC Full Metal Snapdragon X Plus - (16 GB/1 TB SSD/Windows 1.... powered by Snapdragon X Plus. 16GB LPDDR5X RAM. 1024.0GB SSD. 14.0"" IPS display. weighs 1.48kg. running Windows 11 Home.",Lenovo,Cloud Grey,Thin and Light Laptop,Snapdragon,X Plus,16,LPDDR5X,Qualcomm,Adreno,FALSE,1024,SSD,14,IPS,FALSE,1.48,,Windows 11 Home,FALSE,FALSE,TRUE,TRUE,TRUE
laptop,DELL 14 (2025) Intel Core i3 13th Gen 1305U - (16 GB/512 GB SSD/Windows 11 Pro) 14 Thin and Light Lapt...,https://www.flipkart.com/dell-14-2025-intel-core-i3-13th-gen-1305u-16-gb-512-gb-ssd-windows-11-pro-thin-light-laptop/p/itm97c6a9e61a155?pid=COMHERGVNSV8ZAYP&lid=LSTCOMHERGVNSV8ZAYPCSNXXZ&marketplace=FLIPKART&store=6bo%2Fb5g&srno=b_3_63&otracker=browse&fm=organic&iid=19d9fc0a-0c19-4487-8e56-0970308f885a.COMHERGVNSV8ZAYP.SEARCH&ppt=None&ppn=None&ssid=gwmyxm9urk0000001764345637679,37790,4.3,11,https://rukminim2.flixcart.com/image/312/312/xif0q/computer/l/g/j/inspiron-5440-thin-and-light-laptop-dell-original-imahergvsay7kepc.jpeg?q=70,"DELL 14 (2025) Intel Core i3 13th Gen 1305U - (16 GB/512 GB SSD/Windows 11 Pro) 14 Thin and Light Lapt.... powered by Intel Core i3. 16GB DDR5 RAM. 512.0GB SSD. 14.0"" IPS display. weighs 1.5kg. running Windows 11 Pro.",DELL,Ice Blue,Thin and Light Laptop,Intel,Core i3,16,DDR5,Intel,Integrated Graphics,FALSE,512,SSD,14,IPS,TRUE,1.5,,Windows 11 Pro,FALSE,FALSE,TRUE,TRUE,TRUE
laptop,Acer Aspire 3 AMD Ryzen 3 Quad Core 7330U - (16 GB/512 GB SSD/Windows 11 Home) AS15-42 Thin and Light ...,https://www.flipkart.com/acer-aspire-3-amd-ryzen-quad-core-7330u-16-gb-512-gb-ssd-windows-11-home-as15-42-thin-light-laptop/p/itmdaf15e01a1d1a?pid=COMH898FYYFGRAFZ&lid=LSTCOMH898FYYFGRAFZQQMWQA&marketplace=FLIPKART&store=6bo%2Fb5g&srno=b_3_64&otracker=browse&fm=organic&iid=19d9fc0a-0c19-4487-8e56-0970308f885a.COMH898FYYFGRAFZ.SEARCH&ppt=None&ppn=None&ssid=gwmyxm9urk0000001764345637679,31990,4.1,92,https://rukminim2.flixcart.com/image/312/312/xif0q/computer/m/d/w/-original-imahg4urf6w2jyuh.jpeg?q=70,"Acer Aspire 3 AMD Ryzen 3 Quad Core 7330U - (16 GB/512 GB SSD/Windows 11 Home) AS15-42 Thin and Light .... powered by AMD Ryzen 3. 16GB DDR4 RAM. 512.0GB SSD. AMD Radeon Amd graphics. 15.6"" IPS display. weighs 1.79kg. running Windows 11 Home.",Acer,Pure Silver,Thin and Light Laptop,AMD,Ryzen 3,16,DDR4,AMD,Radeon Amd,TRUE,512,SSD,15.6,IPS,FALSE,1.79,,Windows 11 Home,TRUE,TRUE,TRUE,TRUE,TRUE
laptop,ASUS Vivobook Go 15 AMD Ryzen 3 Quad Core 7320U - (8 GB/512 GB SSD/Windows 11 Home) E1504FA-NJ130WS | ...,https://www.flipkart.com/asus-vivobook-go-15-amd-ryzen-3-quad-core-7320u-8-gb-512-gb-ssd-windows-11-home-e1504fa-nj130ws-e1504fa-bq2322ws-thin-light-laptop/p/itm9af4f3b5de2ff?pid=COMH94992SQ8HYGZ&lid=LSTCOMH94992SQ8HYGZMHVF97&marketplace=FLIPKART&store=6bo%2Fb5g&srno=b_3_65&otracker=browse&fm=organic&iid=en_6VqV0mWC8SJalNj3yj0_1nMOxhNpJzcWD1hmFXn0Stz9Bxonpb3N46Icv0sO77nR4s37nkXtPpbgFELKp_SOVvUFjCTyOHoHZs-Z5_PS_w0%3D&ppt=None&ppn=None&ssid=gwmyxm9urk0000001764345637679,30990,4.3,94,https://rukminim2.flixcart.com/image/312/312/xif0q/computer/m/y/o/-original-imahg5fxjta7gns7.jpeg?q=70,"ASUS Vivobook Go 15 AMD Ryzen 3 Quad Core 7320U - (8 GB/512 GB SSD/Windows 11 Home) E1504FA-NJ130WS | .... powered by AMD Ryzen 3. 8GB LPDDR5 RAM. 512.0GB SSD. AMD Radeon Amd graphics. 15.6"" Full HD display. weighs 1.63kg. running Windows 11 Home.",ASUS,Mixed Black,Thin and Light Laptop,AMD,Ryzen 3,8,LPDDR5,AMD,Radeon Amd,TRUE,512,SSD,15.6,Full HD,FALSE,1.63,,Windows 11 Home,TRUE,FALSE,FALSE,TRUE,TRUE
laptop,ASUS Expertbook P1 Intel Core i3 13th Gen 1315U - (16 GB/512 GB SSD/Windows 11 Home) P1503CVA-S71074WS...,https://www.flipkart.com/asus-expertbook-p1-intel-core-i3-13th-gen-1315u-16-gb-512-gb-ssd-windows-11-home-p1503cva-s71074ws-thin-light-laptop/p/itmf84b442d31b6b?pid=COMH8Z2QENXVKHGX&lid=LSTCOMH8Z2QENXVKHGXT2JJBZ&marketplace=FLIPKART&store=6bo%2Fb5g&srno=b_3_66&otracker=browse&fm=organic&iid=19d9fc0a-0c19-4487-8e56-0970308f885a.COMH8Z2QENXVKHGX.SEARCH&ppt=None&ppn=None&ssid=gwmyxm9urk0000001764345637679,37990,4.3,309,https://rukminim2.flixcart.com/image/312/312/xif0q/computer/3/7/q/-original-imahehnhwehhffc4.jpeg?q=70,"ASUS Expertbook P1 Intel Core i3 13th Gen 1315U - (16 GB/512 GB SSD/Windows 11 Home) P1503CVA-S71074WS.... powered by Intel Core i3. 16GB DDR5 RAM. 512.0GB SSD. 15.6"" Full HD display. weighs 1.62kg. running Windows 11 Home.",ASUS,Misty Grey,Thin and Light Laptop,Intel,Core i3,16,DDR5,Intel,Integrated Graphics,FALSE,512,SSD,15.6,Full HD,FALSE,1.62,50,Windows 11 Home,FALSE,FALSE,TRUE,TRUE,TRUE
laptop,ASUS Vivobook Go 15 AMD Ryzen 5 Quad Core 7520U - (8 GB/512 GB SSD/Windows 11 Home) E1504FA-NJ132WS | ...,https://www.flipkart.com/asus-vivobook-go-15-amd-ryzen-5-quad-core-7520u-8-gb-512-gb-ssd-windows-11-home-e1504fa-nj132ws-e1504fa-nj521ws-thin-light-laptop/p/itm657eb80ea799a?pid=COMH9499JNGDGTZ5&lid=LSTCOMH9499JNGDGTZ5WJGUDN&marketplace=FLIPKART&store=6bo%2Fb5g&srno=b_3_67&otracker=browse&fm=organic&iid=en_6VqV0mWC8SJalNj3yj0_1nMOxhNpJzcWD1hmFXn0StzwdnnWN2LC2Fy39BExWwzCSUgykyDQJKYN_y9jM4Dl9_UFjCTyOHoHZs-Z5_PS_w0%3D&ppt=None&ppn=None&ssid=gwmyxm9urk0000001764345637679,36990,4.2,49,https://rukminim2.flixcart.com/image/312/312/xif0q/computer/k/b/i/-original-imahg53xeuxqm6bv.jpeg?q=70,"ASUS Vivobook Go 15 AMD Ryzen 5 Quad Core 7520U - (8 GB/512 GB SSD/Windows 11 Home) E1504FA-NJ132WS | .... powered by AMD Ryzen 5. 8GB LPDDR5 RAM. 512.0GB SSD. AMD Radeon Amd graphics. 15.6"" Full HD display. weighs 1.63kg. running Windows 11 Home.",ASUS,Cool Silver,Thin and Light Laptop,AMD,Ryzen 5,8,LPDDR5,AMD,Radeon Amd,TRUE,512,SSD,15.6,Full HD,FALSE,1.63,,Windows 11 Home,TRUE,FALSE,FALSE,TRUE,TRUE
laptop,"ASUS Vivobook S16 OLED (2025) with Backlit Keyboard, Metal Body*, Qualcomm Snapdragon X - (16 GB/512 G...",https://www.flipkart.com/asus-vivobook-s16-oled-2025-backlit-keyboard-metal-body-qualcomm-snapdragon-x-16-gb-512-gb-ssd-windows-11-home-s3607qa-sh078ws-thin-light-laptop/p/itm252509f1beb81?pid=COMHCQ5EYNZ2HRWW&lid=LSTCOMHCQ5EYNZ2HRWWUYQZ3F&marketplace=FLIPKART&store=6bo%2Fb5g&srno=b_3_68&otracker=browse&fm=organic&iid=en_6VqV0mWC8SJalNj3yj0_1nMOxhNpJzcWD1hmFXn0StwWlislEdl-yE_XP9ALrnW6W8cb0MjlVyzUTxFrorRXaKV8WX5krIChubBlraAu4CQ%3D&ppt=None&ppn=None&ssid=gwmyxm9urk0000001764345637679,71990,4.4,51,https://rukminim2.flixcart.com/image/312/312/xif0q/computer/g/4/k/-original-imahfn3geekjdudx.jpeg?q=70,"ASUS Vivobook S16 OLED (2025) with Backlit Keyboard, Metal Body*, Qualcomm Snapdragon X - (16 GB/512 G.... powered by Qualcomm Snapdragon X. 16GB LPDDR5X RAM. 512.0GB SSD. 16.0"" Full HD display. weighs 1.74kg. running Windows 11 Home.",ASUS,Pink,Thin and Light Laptop,Qualcomm,Snapdragon X,16,LPDDR5X,Qualcomm,Adreno,FALSE,512,SSD,16,Full HD,FALSE,1.74,,Windows 11 Home,FALSE,FALSE,TRUE,TRUE,TRUE
laptop,Lenovo IdeaPad Slim 1 AMD Ryzen 5 Hexa Core 5500U - (16 GB/512 GB SSD/Windows 11 Home) 15ALC7 Thin and...,https://www.flipkart.com/lenovo-ideapad-slim-1-amd-ryzen-5-hexa-core-5500u-16-gb-512-gb-ssd-windows-11-home-15alc7-thin-light-laptop/p/itm3680fb576eb7b?pid=COMGN2YDSFGGXYG3&lid=LSTCOMGN2YDSFGGXYG3MJBCRU&marketplace=FLIPKART&store=6bo%2Fb5g&srno=b_3_69&otracker=browse&fm=organic&iid=19d9fc0a-0c19-4487-8e56-0970308f885a.COMGN2YDSFGGXYG3.SEARCH&ppt=None&ppn=None&ssid=gwmyxm9urk0000001764345637679,35940,4.2,563,https://rukminim2.flixcart.com/image/312/312/xif0q/computer/m/o/u/-original-imahg5fxhyfzpqwy.jpeg?q=70,"Lenovo IdeaPad Slim 1 AMD Ryzen 5 Hexa Core 5500U - (16 GB/512 GB SSD/Windows 11 Home) 15ALC7 Thin and.... powered by AMD Ryzen 5. 16GB DDR4 RAM. 512.0GB SSD. AMD Radeon Amd graphics. 15.6"" IPS display. weighs 1.65kg. running Windows 11 Home.",Lenovo,Cloud Grey,Thin and Light Laptop,AMD,Ryzen 5,16,DDR4,AMD,Radeon Amd,TRUE,512,SSD,15.6,IPS,FALSE,1.65,,Windows 11 Home,TRUE,TRUE,TRUE,TRUE,TRUE
laptop,Acer Aspire Lite Intel Core i3 13th Gen 1305U - (16 GB/512 GB SSD/Windows 11 Home) AL15-53 Notebook,https://www.flipkart.com/acer-aspire-lite-intel-core-i3-13th-gen-1305u-16-gb-512-gb-ssd-windows-11-home-al15-53-notebook/p/itm1bc0bcb4598e7?pid=COMH5WHPWD7GUWGT&lid=LSTCOMH5WHPWD7GUWGTJJNAXL&marketplace=FLIPKART&store=6bo%2Fb5g&srno=b_3_70&otracker=browse&fm=organic&iid=19d9fc0a-0c19-4487-8e56-0970308f885a.COMH5WHPWD7GUWGT.SEARCH&ppt=None&ppn=None&ssid=gwmyxm9urk0000001764345637679,35990,4.2,16,https://rukminim2.flixcart.com/image/312/312/xif0q/computer/i/y/m/-original-imahcqeynxxzdhcy.jpeg?q=70,"Acer Aspire Lite Intel Core i3 13th Gen 1305U - (16 GB/512 GB SSD/Windows 11 Home) AL15-53 Notebook. powered by Intel Core i3. 16GB DDR4 RAM. 512.0GB SSD. 15.6"" HD display. weighs 1.59kg. running Windows 11 Home.",Acer,Steel Grey,Notebook,Intel,Core i3,16,DDR4,Intel,Integrated Graphics,FALSE,512,SSD,15.6,HD,FALSE,1.59,36,Windows 11 Home,FALSE,FALSE,TRUE,TRUE,TRUE
laptop,"ASUS Vivobook S14 Flip (2025) with Office 2024 + M365 Basic*, Backlit Keyboard, Intel Core i5 13th Gen...",https://www.flipkart.com/asus-vivobook-s14-flip-2025-office-2024-m365-basic-backlit-keyboard-intel-core-i5-13th-gen-13420h-16-gb-512-gb-ssd-windows-11-home-tp3402vao-lz612ws-2-1-laptop/p/itme494b3629a714?pid=COMH9SJ9VAJ7ZD99&lid=LSTCOMH9SJ9VAJ7ZD99ZNVNMB&marketplace=FLIPKART&store=6bo%2Fb5g&srno=b_3_71&otracker=browse&fm=organic&iid=en_6VqV0mWC8SJalNj3yj0_1nMOxhNpJzcWD1hmFXn0Styp2qButKYBnKzWVLeHvqpydFkRelIWHe0RXA3B_oL1dA891ypMzu4_aryI8_sihJ8%3D&ppt=None&ppn=None&ssid=gwmyxm9urk0000001764345637679,63990,4.4,51,https://rukminim2.flixcart.com/image/312/312/xif0q/computer/a/s/e/-original-imahg4ut9hnhkwhg.jpeg?q=70,"ASUS Vivobook S14 Flip (2025) with Office 2024 + M365 Basic*, Backlit Keyboard, Intel Core i5 13th Gen.... powered by Intel Core i5. 16GB DDR4 RAM. 512.0GB SSD. 14.0"" IPS display. weighs 1.65kg. running Windows 11 Home.",ASUS,Transparent Silver,2 in 1 Laptop,Intel,Core i5,16,DDR4,Intel,Integrated Graphics,FALSE,512,SSD,14,IPS,FALSE,1.65,,Windows 11 Home,FALSE,FALSE,TRUE,TRUE,TRUE
laptop,HP 15 Intel Core i5 13th Gen 1334U - (16 GB/512 GB SSD/Windows 11 Home) 15-fd0576TU / 15-fd0467TU Thin...,https://www.flipkart.com/hp-15-intel-core-i5-13th-gen-1334u-16-gb-512-gb-ssd-windows-11-home-15-fd0576tu-15-fd0467tu-thin-light-laptop/p/itm3d552029526ba?pid=COMH8QXWHJRQKR6P&lid=LSTCOMH8QXWHJRQKR6PW3FWJH&marketplace=FLIPKART&store=6bo%2Fb5g&srno=b_3_72&otracker=browse&fm=organic&iid=en_6VqV0mWC8SJalNj3yj0_1nMOxhNpJzcWD1hmFXn0StzgXpAOobOr4ZpZFhCw8n2_R57Z4l_HLHKKHpq25cShABhTy0lUJ14SzoMSv_CzLF0%3D&ppt=None&ppn=None&ssid=gwmyxm9urk0000001764345637679,54990,4.2,45,https://rukminim2.flixcart.com/image/312/312/xif0q/computer/t/v/8/-original-imahg5fxfpvjasap.jpeg?q=70,"HP 15 Intel Core i5 13th Gen 1334U - (16 GB/512 GB SSD/Windows 11 Home) 15-fd0576TU / 15-fd0467TU Thin.... powered by Intel Core i5. 16GB DDR4 RAM. 512.0GB SSD. 15.6"" Full HD display. weighs 1.59kg. running Windows 11 Home.",HP,Silver,Thin and Light Laptop,Intel,Core i5,16,DDR4,Intel,Iris Xe,FALSE,512,SSD,15.6,Full HD,FALSE,1.59,,Windows 11 Home,FALSE,FALSE,TRUE,TRUE,TRUE
laptop,"ASUS Vivobook 15 (2025) with Office 2024 + M365 Basic*, Backlit Keyboard, Intel Core i3 13th Gen 1315U...",https://www.flipkart.com/asus-vivobook-15-2025-office-2024-m365-basic-backlit-keyboard-intel-core-i3-13th-gen-1315u-8-gb-512-gb-ssd-windows-11-home-x1504va-nj3321ws-thin-light-laptop/p/itmc2fba93418f49?pid=COMH9SJ9RWCU5EMG&lid=LSTCOMH9SJ9RWCU5EMGCXAOXO&marketplace=FLIPKART&store=6bo%2Fb5g&srno=b_4_73&otracker=browse&fm=organic&iid=0bd05324-8c4b-4d67-b28d-08c0558abc8a.COMH9SJ9RWCU5EMG.SEARCH&ppt=None&ppn=None&ssid=v78895f37k0000001764345646710,34990,4.3,163,https://rukminim2.flixcart.com/image/312/312/xif0q/computer/d/a/f/-original-imahgfdfwsdgtrv6.jpeg?q=70,"ASUS Vivobook 15 (2025) with Office 2024 + M365 Basic*, Backlit Keyboard, Intel Core i3 13th Gen 1315U.... powered by Intel Core i3. 8GB DDR4 RAM. 512.0GB SSD. 15.6"" Full HD display. weighs 1.7kg. running Windows 11 Home.",ASUS,Quiet Blue,Thin and Light Laptop,Intel,Core i3,8,DDR4,Intel,Integrated Graphics,FALSE,512,SSD,15.6,Full HD,FALSE,1.7,,Windows 11 Home,FALSE,FALSE,FALSE,TRUE,TRUE
laptop,Acer Swift Neo OLED AI PC Intel Core Ultra 5 115U - (16 GB/512 GB SSD/Windows 11 Home) SFN14-54H Thin ...,https://www.flipkart.com/acer-swift-neo-oled-ai-pc-intel-core-ultra-5-115u-16-gb-512-gb-ssd-windows-11-home-sfn14-54h-thin-light-laptop/p/itm7e110040e3132?pid=COMHDF2CEWYVC82H&lid=LSTCOMHDF2CEWYVC82HHY6OWR&marketplace=FLIPKART&store=6bo%2Fb5g&srno=b_4_74&otracker=browse&fm=organic&iid=0bd05324-8c4b-4d67-b28d-08c0558abc8a.COMHDF2CEWYVC82H.SEARCH&ppt=None&ppn=None&ssid=v78895f37k0000001764345646710,52990,4.1,114,https://rukminim2.flixcart.com/image/312/312/xif0q/computer/e/8/9/-original-imahgx8w63f8shx4.jpeg?q=70,"Acer Swift Neo OLED AI PC Intel Core Ultra 5 115U - (16 GB/512 GB SSD/Windows 11 Home) SFN14-54H Thin .... powered by Intel Core Ultra 5. 16GB LPDDR5 RAM. 512.0GB SSD. 14.0"" OLED display. weighs 1.3kg. running Windows 11 Home.",Acer,Silver,Thin and Light Laptop,Intel,Core Ultra 5,16,LPDDR5,Intel,Integrated Graphics,FALSE,512,SSD,14,OLED,FALSE,1.3,,Windows 11 Home,FALSE,FALSE,TRUE,TRUE,TRUE
laptop,Samsung Galaxy Book4 Edge Series Copilot AI-PC Full Metal Chasis Qualcomm Snapdragon X - (16 GB/512 GB...,https://www.flipkart.com/samsung-galaxy-book4-edge-series-copilot-ai-pc-full-metal-chasis-qualcomm-snapdragon-x-16-gb-512-gb-ssd-windows-11-home-np750xqb-ka1in-thin-light-laptop/p/itm1d61ec8d90cc7?pid=COMHE4ATFWNVHXHS&lid=LSTCOMHE4ATFWNVHXHSIHS0FO&marketplace=FLIPKART&store=6bo%2Fb5g&srno=b_4_75&otracker=browse&fm=organic&iid=en_WbUK-fjYz_z09FknnULjjp_dFBWsdzrMgXilkIOdRgJrwSAqHaEZSyLRY52GUCXdQ71Y6DzfE2Py1YOKCzM1GPUFjCTyOHoHZs-Z5_PS_w0%3D&ppt=None&ppn=None&ssid=v78895f37k0000001764345646710,64990,4.4,128,https://rukminim2.flixcart.com/image/312/312/xif0q/computer/a/g/p/-original-imahgwkqughzkwt3.jpeg?q=70,"Samsung Galaxy Book4 Edge Series Copilot AI-PC Full Metal Chasis Qualcomm Snapdragon X - (16 GB/512 GB.... powered by Qualcomm Snapdragon X. 16GB LPDDR5X RAM. 512.0GB SSD. 15.6"" HD display. weighs 1.55kg. running Windows 11 Home.",Samsung,Sapphire Blue,Thin and Light Laptop,Qualcomm,Snapdragon X,16,LPDDR5X,Qualcomm,Adreno,FALSE,512,SSD,15.6,HD,FALSE,1.55,,Windows 11 Home,FALSE,FALSE,TRUE,TRUE,TRUE
laptop,MOTOROLA Motobook 60 Full Metal OLED (i7 14th Gen) Intel Core 7 (Series 2) 240H - (16 GB/512 GB SSD/Wi...,https://www.flipkart.com/motorola-motobook-60-full-metal-oled-i7-14th-gen-intel-core-7-series-2-240h-16-gb-512-gb-ssd-windows-11-home-14irh10r-thin-light-laptop/p/itmf0b4d7c55543d?pid=COMHAUZWUZNATFET&lid=LSTCOMHAUZWUZNATFETMS2VMV&marketplace=FLIPKART&store=6bo%2Fb5g&srno=b_4_76&otracker=browse&fm=organic&iid=0bd05324-8c4b-4d67-b28d-08c0558abc8a.COMHAUZWUZNATFET.SEARCH&ppt=None&ppn=None&ssid=v78895f37k0000001764345646710,55990,4.4,69,https://rukminim2.flixcart.com/image/312/312/xif0q/computer/c/n/p/-original-imahg5fvzkgrh5ky.jpeg?q=70,"MOTOROLA Motobook 60 Full Metal OLED (i7 14th Gen) Intel Core 7 (Series 2) 240H - (16 GB/512 GB SSD/Wi.... powered by Intel Core 7 (Series 2). 16GB DDR5 RAM. 512.0GB SSD. 14.0"" OLED display. weighs 1.4kg. running Windows 11 Home.",MOTOROLA,PANTONE Wedgewood,Thin and Light Laptop,Intel,Core 7 (Series 2),16,DDR5,Intel,Integrated Graphics,FALSE,512,SSD,14,OLED,FALSE,1.4,,Windows 11 Home,FALSE,FALSE,TRUE,TRUE,TRUE
laptop,"ASUS Vivobook 15 (2025) with Office 2024 + M365 Basic*, Intel Core i3 13th Gen 1315U - (8 GB/512 GB SS...",https://www.flipkart.com/asus-vivobook-15-2025-office-2024-m365-basic-intel-core-i3-13th-gen-1315u-8-gb-512-gb-ssd-windows-11-home-x1504va-nj3700ws-thin-light-laptop/p/itmf31c79724a398?pid=COMHCQ5ECZZV6THK&lid=LSTCOMHCQ5ECZZV6THKTW8YMF&marketplace=FLIPKART&store=6bo%2Fb5g&srno=b_4_77&otracker=browse&fm=organic&iid=en_WbUK-fjYz_z09FknnULjjp_dFBWsdzrMgXilkIOdRgKyd588KRRCUcK1T5A7DYAVVLCGCpnr56tU-0Batk7usvUFjCTyOHoHZs-Z5_PS_w0%3D&ppt=None&ppn=None&ssid=v78895f37k0000001764345646710,34990,4.3,163,https://rukminim2.flixcart.com/image/312/312/xif0q/computer/b/l/v/-original-imahgfdffszmurd7.jpeg?q=70,"ASUS Vivobook 15 (2025) with Office 2024 + M365 Basic*, Intel Core i3 13th Gen 1315U - (8 GB/512 GB SS.... powered by Intel Core i3. 8GB DDR4 RAM. 512.0GB SSD. 15.6"" Full HD display. weighs 1.7kg. running Windows 11 Home.",ASUS,Terra Cotta,Thin and Light Laptop,Intel,Core i3,8,DDR4,Intel,Integrated Graphics,FALSE,512,SSD,15.6,Full HD,FALSE,1.7,,Windows 11 Home,FALSE,FALSE,FALSE,TRUE,TRUE
laptop,Lenovo IdeaPad Slim 3 Next Gen AI PC WUXGA IPS Copilot + PC Qualcomm Snapdragon X - (16 GB/512 GB SSD/...,https://www.flipkart.com/lenovo-ideapad-slim-3-next-gen-ai-pc-wuxga-ips-copilot-qualcomm-snapdragon-x-16-gb-512-gb-ssd-windows-11-home-15q8x10-thin-light-laptop/p/itm097ac7e15511b?pid=COMHDMJYDGBTMJXG&lid=LSTCOMHDMJYDGBTMJXG112MJM&marketplace=FLIPKART&store=6bo%2Fb5g&srno=b_4_78&otracker=browse&fm=organic&iid=en_WbUK-fjYz_z09FknnULjjp_dFBWsdzrMgXilkIOdRgLbi0a4qfC3fKUCbx3fvJi9CyFnIq7oQjZv4QTW91eeV_UFjCTyOHoHZs-Z5_PS_w0%3D&ppt=None&ppn=None&ssid=v78895f37k0000001764345646710,49990,4.3,27,https://rukminim2.flixcart.com/image/312/312/xif0q/computer/d/z/z/-original-imahgfdfx3hhguyc.jpeg?q=70,"Lenovo IdeaPad Slim 3 Next Gen AI PC WUXGA IPS Copilot + PC Qualcomm Snapdragon X - (16 GB/512 GB SSD/.... powered by Qualcomm Snapdragon X. 16GB LPDDR5X RAM. 512.0GB SSD. 15.3"" IPS display. weighs 1.55kg. running Windows 11 Home.",Lenovo,Luna Grey,Thin and Light Laptop,Qualcomm,Snapdragon X,16,LPDDR5X,Qualcomm,Adreno,FALSE,512,SSD,15.3,IPS,FALSE,1.55,50,Windows 11 Home,FALSE,FALSE,TRUE,TRUE,TRUE
laptop,HP Victus AI 31 TOPS AMD Ryzen 5 Hexa Core 8645HS - (16 GB/512 GB SSD/Windows 11 Home/4 GB Graphics/NV...,https://www.flipkart.com/hp-victus-ai-31-tops-amd-ryzen-5-hexa-core-8645hs-16-gb-512-gb-ssd-windows-11-home-4-graphics-nvidia-geforce-rtx-2050-144-hz-15-fb3003ax-gaming-laptop/p/itm515d20da2ddd0?pid=COMH8XZFKQRGWMWT&lid=LSTCOMH8XZFKQRGWMWTPAZF4H&marketplace=FLIPKART&store=6bo%2Fb5g&srno=b_4_79&otracker=browse&fm=organic&iid=0bd05324-8c4b-4d67-b28d-08c0558abc8a.COMH8XZFKQRGWMWT.SEARCH&ppt=None&ppn=None&ssid=v78895f37k0000001764345646710,57990,4.3,33,https://rukminim2.flixcart.com/image/312/312/xif0q/computer/1/o/w/-original-imahg4vkxdhcgyyu.jpeg?q=70,"HP Victus AI 31 TOPS AMD Ryzen 5 Hexa Core 8645HS - (16 GB/512 GB SSD/Windows 11 Home/4 GB Graphics/NV.... powered by AMD Ryzen 5. 16GB DDR5 RAM. 512.0GB SSD. NVIDIA RTX 2050 graphics. 15.6"" IPS display. weighs 2.29kg. running Windows 11 Home.",HP,Blue,Gaming Laptop,AMD,Ryzen 5,16,DDR5,NVIDIA,RTX 2050,TRUE,512,SSD,15.6,IPS,FALSE,2.29,3,Windows 11 Home,TRUE,TRUE,TRUE,TRUE,FALSE
laptop,"ASUS Vivobook S14 (2025) with Office 2024 + M365 Basic*, Backlit Keyboard, Intel Core i5 13th Gen 1342...",https://www.flipkart.com/asus-vivobook-s14-2025-office-2024-m365-basic-backlit-keyboard-intel-core-i5-13th-gen-13420h-16-gb-512-gb-ssd-windows-11-home-s3407va-ly033ws-thin-light-laptop/p/itm7da6134d4236a?pid=COMH9SJ9QHFMWRGM&lid=LSTCOMH9SJ9QHFMWRGMPKHG6W&marketplace=FLIPKART&store=6bo%2Fb5g&srno=b_4_80&otracker=browse&fm=organic&iid=0bd05324-8c4b-4d67-b28d-08c0558abc8a.COMH9SJ9QHFMWRGM.SEARCH&ppt=None&ppn=None&ssid=v78895f37k0000001764345646710,56990,4.4,49,https://rukminim2.flixcart.com/image/312/312/xif0q/computer/t/s/w/-original-imahg4utezsksjfh.jpeg?q=70,"ASUS Vivobook S14 (2025) with Office 2024 + M365 Basic*, Backlit Keyboard, Intel Core i5 13th Gen 1342.... powered by Intel Core i5. 16GB DDR5 RAM. 512.0GB SSD. 14.0"" IPS display. weighs 1.39kg. running Windows 11 Home.",ASUS,Cool Silver,Thin and Light Laptop,Intel,Core i5,16,DDR5,Intel,Integrated Graphics,FALSE,512,SSD,14,IPS,FALSE,1.39,,Windows 11 Home,FALSE,FALSE,TRUE,TRUE,TRUE
laptop,Acer Aspire 3 Intel Core i3 13th Gen 1305U - (8 GB/512 GB SSD/Windows 11 Home) A324-53 Thin and Light ...,https://www.flipkart.com/acer-aspire-3-intel-core-i3-13th-gen-1305u-8-gb-512-gb-ssd-windows-11-home-a324-53-thin-light-laptop/p/itma6a6812aa712e?pid=COMH4B6CGTPNVJW9&lid=LSTCOMH4B6CGTPNVJW9JOF4ZC&marketplace=FLIPKART&store=6bo%2Fb5g&srno=b_4_81&otracker=browse&fm=organic&iid=en_WbUK-fjYz_z09FknnULjjp_dFBWsdzrMgXilkIOdRgIO98mvdT222BN5FpGMH1EGp5iBsv_cHJc2xbWysDCSOfUFjCTyOHoHZs-Z5_PS_w0%3D&ppt=None&ppn=None&ssid=v78895f37k0000001764345646710,30990,4.3,233,https://rukminim2.flixcart.com/image/312/312/xif0q/computer/r/p/w/-original-imahg5fxzmyzbkv8.jpeg?q=70,"Acer Aspire 3 Intel Core i3 13th Gen 1305U - (8 GB/512 GB SSD/Windows 11 Home) A324-53 Thin and Light .... powered by Intel Core i3. 8GB DDR4 RAM. 512.0GB SSD. 14.0"" HD display. weighs 1.45kg. running Windows 11 Home.",Acer,Steel Gray,Thin and Light Laptop,Intel,Core i3,8,DDR4,Intel,Integrated Graphics,FALSE,512,SSD,14,HD,FALSE,1.45,,Windows 11 Home,FALSE,FALSE,FALSE,TRUE,TRUE
laptop,"ASUS Vivobook 15 (2025) (i5 14th Gen) with MSO 2024 + M365 Basic*, Backlit Keyboard, Intel Core 5 120U...",https://www.flipkart.com/asus-vivobook-15-2025-i5-14th-gen-mso-2024-m365-basic-backlit-keyboard-intel-core-5-120u-16-gb-512-gb-ssd-windows-11-home-x1504vap-nj2862ws-thin-light-laptop/p/itm509f174cc1a04?pid=COMHDG7CFDWVKYMZ&lid=LSTCOMHDG7CFDWVKYMZSDYMWT&marketplace=FLIPKART&store=6bo%2Fb5g&srno=b_4_82&otracker=browse&fm=organic&iid=en_WbUK-fjYz_z09FknnULjjp_dFBWsdzrMgXilkIOdRgKIo02G8fLtOn_zj1d91fOMvIyKrJOOyrWKvQt3koA-iPUFjCTyOHoHZs-Z5_PS_w0%3D&ppt=None&ppn=None&ssid=v78895f37k0000001764345646710,49990,4.3,79,https://rukminim2.flixcart.com/image/312/312/xif0q/computer/k/u/e/-original-imahcd8gzqjnp2vv.jpeg?q=70,"ASUS Vivobook 15 (2025) (i5 14th Gen) with MSO 2024 + M365 Basic*, Backlit Keyboard, Intel Core 5 120U.... powered by Intel Core 5. 16GB DDR4 RAM. 512.0GB SSD. 15.6"" Full HD display. weighs 1.7kg. running Windows 11 Home.",ASUS,Cool Silver,Thin and Light Laptop,Intel,Core 5,16,DDR4,Intel,Integrated Graphics,FALSE,512,SSD,15.6,Full HD,FALSE,1.7,,Windows 11 Home,FALSE,FALSE,TRUE,TRUE,TRUE
laptop,ASUS Vivobook Go 15 AMD Ryzen 3 Quad Core 7320U - (8 GB/512 GB SSD/Windows 11 Home) E1504FA-NJ130WS | ...,https://www.flipkart.com/asus-vivobook-go-15-amd-ryzen-3-quad-core-7320u-8-gb-512-gb-ssd-windows-11-home-e1504fa-nj130ws-e1504fa-bq2322ws-thin-light-laptop/p/itm9af4f3b5de2ff?pid=COMH94992SQ8HYGZ&lid=LSTCOMH94992SQ8HYGZUDRTZU&marketplace=FLIPKART&store=6bo%2Fb5g&srno=b_4_83&otracker=browse&fm=organic&iid=0bd05324-8c4b-4d67-b28d-08c0558abc8a.COMH94992SQ8HYGZ.SEARCH&ppt=None&ppn=None&ssid=v78895f37k0000001764345646710,31990,4.3,94,https://rukminim2.flixcart.com/image/312/312/xif0q/computer/m/y/o/-original-imahg5fxjta7gns7.jpeg?q=70,"ASUS Vivobook Go 15 AMD Ryzen 3 Quad Core 7320U - (8 GB/512 GB SSD/Windows 11 Home) E1504FA-NJ130WS | .... powered by AMD Ryzen 3. 8GB LPDDR5 RAM. 512.0GB SSD. AMD Radeon Amd graphics. 15.6"" Full HD display. weighs 1.63kg. running Windows 11 Home.",ASUS,Mixed Black,Thin and Light Laptop,AMD,Ryzen 3,8,LPDDR5,AMD,Radeon Amd,TRUE,512,SSD,15.6,Full HD,FALSE,1.63,,Windows 11 Home,TRUE,FALSE,FALSE,TRUE,TRUE
laptop,HP 15 Intel Core 3 100U - (8 GB/512 GB SSD/Windows 11 Home) 15-fd1253TU/ 15-fd1225TU Thin and Light La...,https://www.flipkart.com/hp-15-intel-core-3-100u-8-gb-512-gb-ssd-windows-11-home-15-fd1253tu-15-fd1225tu-thin-light-laptop/p/itm09491ad4135b2?pid=COMHBFRJDZSGPFKZ&lid=LSTCOMHBFRJDZSGPFKZVNWQJP&marketplace=FLIPKART&store=6bo%2Fb5g&srno=b_4_84&otracker=browse&fm=organic&iid=0bd05324-8c4b-4d67-b28d-08c0558abc8a.COMHBFRJDZSGPFKZ.SEARCH&ppt=None&ppn=None&ssid=v78895f37k0000001764345646710,36990,4.2,56,https://rukminim2.flixcart.com/image/312/312/xif0q/computer/1/l/z/-original-imahg4utkhphhrg9.jpeg?q=70,"HP 15 Intel Core 3 100U - (8 GB/512 GB SSD/Windows 11 Home) 15-fd1253TU/ 15-fd1225TU Thin and Light La.... powered by Intel Core 3. 8GB DDR4 RAM. 512.0GB SSD. 15.6"" Full HD display. weighs 1.65kg. running Windows 11 Home.",HP,Natural Silver,Thin and Light Laptop,Intel,Core 3,8,DDR4,Intel,Integrated Graphics,FALSE,512,SSD,15.6,Full HD,FALSE,1.65,,Windows 11 Home,FALSE,FALSE,FALSE,TRUE,TRUE
laptop,MOTOROLA Motobook 60 Full Metal OLED (i5 14th Gen) Intel Core 5 (Series 2) 210H - (16 GB/512 GB SSD/Wi...,https://www.flipkart.com/motorola-motobook-60-full-metal-oled-i5-14th-gen-intel-core-5-series-2-210h-16-gb-512-gb-ssd-windows-11-home-14irh10r-thin-light-laptop/p/itme7b254581c42e?pid=COMHAUZW4MMNNCGT&lid=LSTCOMHAUZW4MMNNCGTEVATRK&marketplace=FLIPKART&store=6bo%2Fb5g&srno=b_4_85&otracker=browse&fm=organic&iid=en_WbUK-fjYz_z09FknnULjjp_dFBWsdzrMgXilkIOdRgKspBWPt1A02OUv_NOqoVYdTtQ3kAa7GWVHZmlPP8GfYQ%3D%3D&ppt=None&ppn=None&ssid=v78895f37k0000001764345646710,49990,4.4,200,https://rukminim2.flixcart.com/image/312/312/xif0q/computer/g/r/p/-original-imahg5ftvnmqhgqp.jpeg?q=70,"MOTOROLA Motobook 60 Full Metal OLED (i5 14th Gen) Intel Core 5 (Series 2) 210H - (16 GB/512 GB SSD/Wi.... powered by Intel Core 5 (Series 2). 16GB DDR5 RAM. 512.0GB SSD. 14.0"" OLED display. weighs 1.4kg. running Windows 11 Home.",MOTOROLA,PANTONE Bronze Green,Thin and Light Laptop,Intel,Core 5 (Series 2),16,DDR5,Intel,Integrated Graphics,FALSE,512,SSD,14,OLED,FALSE,1.4,,Windows 11 Home,FALSE,FALSE,TRUE,TRUE,TRUE
laptop,DELL Latitude 3550 (2025) Intel Core i3 13th Gen 1315U - (16 GB/512 GB SSD/Windows 11 Home) Latitude 3...,https://www.flipkart.com/dell-latitude-3550-2025-intel-core-i3-13th-gen-1315u-16-gb-512-gb-ssd-windows-11-home-thin-light-laptop/p/itm49c1e413434bd?pid=COMHFAHVQVASQC9W&lid=LSTCOMHFAHVQVASQC9WAHNMHD&marketplace=FLIPKART&store=6bo%2Fb5g&srno=b_4_86&otracker=browse&fm=organic&iid=0bd05324-8c4b-4d67-b28d-08c0558abc8a.COMHFAHVQVASQC9W.SEARCH&ppt=None&ppn=None&ssid=v78895f37k0000001764345646710,38990,4,3,https://rukminim2.flixcart.com/image/312/312/xif0q/computer/8/r/e/latitude-3550-thin-and-light-laptop-dell-original-imahfahvdtqtzttv.jpeg?q=70,"DELL Latitude 3550 (2025) Intel Core i3 13th Gen 1315U - (16 GB/512 GB SSD/Windows 11 Home) Latitude 3.... powered by Intel Core i3. 16GB DDR5 RAM. 512.0GB SSD. 15.6"" HD display. weighs 1.6kg. running Windows 11 Home.",DELL,Smoky Black,Thin and Light Laptop,Intel,Core i3,16,DDR5,Intel,Integrated Graphics,FALSE,512,SSD,15.6,HD,TRUE,1.6,,Windows 11 Home,FALSE,FALSE,TRUE,TRUE,TRUE
laptop,DELL 15 Intel Core i3 13th Gen 1305U - (16 GB/512 GB SSD/Windows 11 Home) OVN353025001RING1O Thin and ...,https://www.flipkart.com/dell-15-intel-core-i3-13th-gen-1305u-16-gb-512-gb-ssd-windows-11-home-ovn353025001ring1o-thin-light-laptop/p/itmb007cf7efac41?pid=COMHD99W94EPN2H2&lid=LSTCOMHD99W94EPN2H28GBQQL&marketplace=FLIPKART&store=6bo%2Fb5g&srno=b_4_87&otracker=browse&fm=organic&iid=en_WbUK-fjYz_z09FknnULjjp_dFBWsdzrMgXilkIOdRgLM6p671xS0iqFo_b9ZqoE6xmq-N3ckn5uu7Zz4vmIU_vUFjCTyOHoHZs-Z5_PS_w0%3D&ppt=None&ppn=None&ssid=v78895f37k0000001764345646710,38990,4.2,31,https://rukminim2.flixcart.com/image/312/312/xif0q/computer/f/i/b/-original-imahgx8ws7ypyhmd.jpeg?q=70,"DELL 15 Intel Core i3 13th Gen 1305U - (16 GB/512 GB SSD/Windows 11 Home) OVN353025001RING1O Thin and .... powered by Intel Core i3. 16GB DDR4 RAM. 512.0GB SSD. 15.6"" HD display. weighs 1.66kg. running Windows 11 Home.",DELL,Titan Grey,Thin and Light Laptop,Intel,Core i3,16,DDR4,Intel,Integrated Graphics,FALSE,512,SSD,15.6,HD,FALSE,1.66,,Windows 11 Home,FALSE,FALSE,TRUE,TRUE,TRUE
laptop,Lenovo IdeaPad Slim 5 Co-Pilot Next Gen AI PC Full Metal Snapdragon X Plus - (16 GB/1 TB SSD/Windows 1...,https://www.flipkart.com/lenovo-ideapad-slim-5-co-pilot-next-gen-ai-pc-full-metal-snapdragon-x-plus-16-gb-1-tb-ssd-windows-11-home-14q8x9-thin-light-laptop/p/itm8a59041fc8c0f?pid=COMH4N9CZ7JKPQQC&lid=LSTCOMH4N9CZ7JKPQQCOFLXDU&marketplace=FLIPKART&store=6bo%2Fb5g&srno=b_4_88&otracker=browse&fm=organic&iid=en_WbUK-fjYz_z09FknnULjjp_dFBWsdzrMgXilkIOdRgKLm2ukmtLQCHrC9M-Z7_4_mHEXmeLQL2cKi8ce-UIJ0PUFjCTyOHoHZs-Z5_PS_w0%3D&ppt=None&ppn=None&ssid=v78895f37k0000001764345646710,57990,4.1,68,https://rukminim2.flixcart.com/image/312/312/xif0q/computer/6/l/r/-original-imahg5fxwyqndjhu.jpeg?q=70,"Lenovo IdeaPad Slim 5 Co-Pilot Next Gen AI PC Full Metal Snapdragon X Plus - (16 GB/1 TB SSD/Windows 1.... powered by Snapdragon X Plus. 16GB LPDDR5X RAM. 1024.0GB SSD. 14.0"" IPS display. weighs 1.48kg. running Windows 11 Home.",Lenovo,Cloud Grey,Thin and Light Laptop,Snapdragon,X Plus,16,LPDDR5X,Qualcomm,Adreno,FALSE,1024,SSD,14,IPS,FALSE,1.48,,Windows 11 Home,FALSE,FALSE,TRUE,TRUE,TRUE
laptop,ASUS Vivobook Go 15 AMD Ryzen 3 Quad Core 7320U - (8 GB/512 GB SSD/Windows 11 Home) E1504FA-NJ321WS Th...,https://www.flipkart.com/asus-vivobook-go-15-amd-ryzen-3-quad-core-7320u-8-gb-512-gb-ssd-windows-11-home-e1504fa-nj321ws-thin-light-laptop/p/itmf2da9c7085e1b?pid=COMGNRNUUGYRB96A&lid=LSTCOMGNRNUUGYRB96AXULOGS&marketplace=FLIPKART&store=6bo%2Fb5g&srno=b_4_89&otracker=browse&fm=organic&iid=0bd05324-8c4b-4d67-b28d-08c0558abc8a.COMGNRNUUGYRB96A.SEARCH&ppt=None&ppn=None&ssid=v78895f37k0000001764345646710,30990,4.3,290,https://rukminim2.flixcart.com/image/312/312/xif0q/computer/j/n/w/-original-imahg5fur7csf5kn.jpeg?q=70,"ASUS Vivobook Go 15 AMD Ryzen 3 Quad Core 7320U - (8 GB/512 GB SSD/Windows 11 Home) E1504FA-NJ321WS Th.... powered by AMD Ryzen 3. 8GB LPDDR5 RAM. 512.0GB SSD. AMD Radeon Amd graphics. 15.6"" Full HD display. weighs 1.63kg. running Windows 11 Home.",ASUS,Silver,Thin and Light Laptop,AMD,Ryzen 3,8,LPDDR5,AMD,Radeon Amd,TRUE,512,SSD,15.6,Full HD,FALSE,1.63,,Windows 11 Home,TRUE,FALSE,FALSE,TRUE,TRUE
laptop,DELL Inspiron 5440 (2025) Intel Core i3 13th Gen 1305U - (8 GB/512 GB SSD/Windows 11 Home) Inspiron 54...,https://www.flipkart.com/dell-inspiron-5440-2025-intel-core-i3-13th-gen-1305u-8-gb-512-gb-ssd-windows-11-home-thin-light-laptop/p/itm1dc3eb60c7b18?pid=COMHERGYAJHHW4AN&lid=LSTCOMHERGYAJHHW4ANUTRYZH&marketplace=FLIPKART&store=6bo%2Fb5g&srno=b_4_90&otracker=browse&fm=organic&iid=0bd05324-8c4b-4d67-b28d-08c0558abc8a.COMHERGYAJHHW4AN.SEARCH&ppt=None&ppn=None&ssid=v78895f37k0000001764345646710,34490,4,9,https://rukminim2.flixcart.com/image/312/312/xif0q/computer/e/x/8/inspiron-5440-thin-and-light-laptop-dell-original-imahergyhvuezy2g.jpeg?q=70,"DELL Inspiron 5440 (2025) Intel Core i3 13th Gen 1305U - (8 GB/512 GB SSD/Windows 11 Home) Inspiron 54.... powered by Intel Core i3. 8GB DDR5 RAM. 512.0GB SSD. 14.0"" IPS display. weighs 1.5kg. running Windows 11 Home.",DELL,Ice Blue,Thin and Light Laptop,Intel,Core i3,8,DDR5,Intel,Integrated Graphics,FALSE,512,SSD,14,IPS,TRUE,1.5,,Windows 11 Home,FALSE,FALSE,FALSE,TRUE,TRUE
laptop,ASUS Vivobook Go 15 AMD Ryzen 5 Quad Core 7520U - (8 GB/512 GB SSD/Windows 11 Home) E1504FA-NJ132WS | ...,https://www.flipkart.com/asus-vivobook-go-15-amd-ryzen-5-quad-core-7520u-8-gb-512-gb-ssd-windows-11-home-e1504fa-nj132ws-e1504fa-nj521ws-thin-light-laptop/p/itm657eb80ea799a?pid=COMH9499JNGDGTZ5&lid=LSTCOMH9499JNGDGTZ5WJGUDN&marketplace=FLIPKART&store=6bo%2Fb5g&srno=b_4_91&otracker=browse&fm=organic&iid=en_WbUK-fjYz_z09FknnULjjp_dFBWsdzrMgXilkIOdRgKHkIEO6miAr4tGaqVYJr9kxu0SnwRnU0-3x48vd2ae0KV8WX5krIChubBlraAu4CQ%3D&ppt=None&ppn=None&ssid=v78895f37k0000001764345646710,36990,4.2,49,https://rukminim2.flixcart.com/image/312/312/xif0q/computer/k/b/i/-original-imahg53xeuxqm6bv.jpeg?q=70,"ASUS Vivobook Go 15 AMD Ryzen 5 Quad Core 7520U - (8 GB/512 GB SSD/Windows 11 Home) E1504FA-NJ132WS | .... powered by AMD Ryzen 5. 8GB LPDDR5 RAM. 512.0GB SSD. AMD Radeon Amd graphics. 15.6"" Full HD display. weighs 1.63kg. running Windows 11 Home.",ASUS,Cool Silver,Thin and Light Laptop,AMD,Ryzen 5,8,LPDDR5,AMD,Radeon Amd,TRUE,512,SSD,15.6,Full HD,FALSE,1.63,,Windows 11 Home,TRUE,FALSE,FALSE,TRUE,TRUE
laptop,"ASUS Vivobook S14 Flip (2025) with Office 2024 + M365 Basic*, Backlit Keyboard, Intel Core i5 13th Gen...",https://www.flipkart.com/asus-vivobook-s14-flip-2025-office-2024-m365-basic-backlit-keyboard-intel-core-i5-13th-gen-13420h-16-gb-512-gb-ssd-windows-11-home-tp3402vao-lz612ws-2-1-laptop/p/itme494b3629a714?pid=COMH9SJ9VAJ7ZD99&lid=LSTCOMH9SJ9VAJ7ZD99ZNVNMB&marketplace=FLIPKART&store=6bo%2Fb5g&srno=b_4_92&otracker=browse&fm=organic&iid=en_WbUK-fjYz_z09FknnULjjp_dFBWsdzrMgXilkIOdRgKgYmdp53SI36D6iiFyY7qodFkRelIWHe0RXA3B_oL1dA891ypMzu4_aryI8_sihJ8%3D&ppt=None&ppn=None&ssid=v78895f37k0000001764345646710,63990,4.4,51,https://rukminim2.flixcart.com/image/312/312/xif0q/computer/a/s/e/-original-imahg4ut9hnhkwhg.jpeg?q=70,"ASUS Vivobook S14 Flip (2025) with Office 2024 + M365 Basic*, Backlit Keyboard, Intel Core i5 13th Gen.... powered by Intel Core i5. 16GB DDR4 RAM. 512.0GB SSD. 14.0"" IPS display. weighs 1.65kg. running Windows 11 Home.",ASUS,Transparent Silver,2 in 1 Laptop,Intel,Core i5,16,DDR4,Intel,Integrated Graphics,FALSE,512,SSD,14,IPS,FALSE,1.65,,Windows 11 Home,FALSE,FALSE,TRUE,TRUE,TRUE
laptop,HP 15 (2025) AMD Ryzen 3 Quad Core 7320U - (8 GB/512 GB SSD/Windows 11 Pro) 15 Thin and Light Laptop,https://www.flipkart.com/hp-15-2025-amd-ryzen-3-quad-core-7320u-8-gb-512-gb-ssd-windows-11-pro-thin-light-laptop/p/itmabb2025b1c74a?pid=COMHDPMUNPRNF9XJ&lid=LSTCOMHDPMUNPRNF9XJMXVNA6&marketplace=FLIPKART&store=6bo%2Fb5g&srno=b_4_93&otracker=browse&fm=organic&iid=0bd05324-8c4b-4d67-b28d-08c0558abc8a.COMHDPMUNPRNF9XJ.SEARCH&ppt=None&ppn=None&ssid=v78895f37k0000001764345646710,30990,4.1,1,https://rukminim2.flixcart.com/image/312/312/xif0q/computer/y/y/3/15-thin-and-light-laptop-hp-original-imahdpmugz3dsftc.jpeg?q=70,"HP 15 (2025) AMD Ryzen 3 Quad Core 7320U - (8 GB/512 GB SSD/Windows 11 Pro) 15 Thin and Light Laptop. powered by AMD Ryzen 3. 8GB DDR4 RAM. 512.0GB SSD. AMD Radeon Radeon graphics. 15.6"" HD display. weighs 1.5kg. running Windows 11 Pro.",HP,Silver,Thin and Light Laptop,AMD,Ryzen 3,8,DDR4,AMD,Radeon Radeon,TRUE,512,SSD,15.6,HD,FALSE,1.5,,Windows 11 Pro,TRUE,FALSE,FALSE,TRUE,TRUE
laptop,Lenovo V15 AMD Ryzen 5 Quad Core 7520U - (16 GB/512 GB SSD/Windows 11 Home) V15 Thin and Light Laptop,https://www.flipkart.com/lenovo-v15-amd-ryzen-5-quad-core-7520u-16-gb-512-gb-ssd-windows-11-home-thin-light-laptop/p/itmd7282dfaeb5de?pid=COMHATEAHZYGZ6KF&lid=LSTCOMHATEAHZYGZ6KF1KHQ02&marketplace=FLIPKART&store=6bo%2Fb5g&srno=b_4_94&otracker=browse&fm=organic&iid=0bd05324-8c4b-4d67-b28d-08c0558abc8a.COMHATEAHZYGZ6KF.SEARCH&ppt=None&ppn=None&ssid=v78895f37k0000001764345646710,37890,4.1,154,https://rukminim2.flixcart.com/image/312/312/xif0q/computer/o/p/v/v15-g4-thin-and-light-laptop-lenovo-original-imahasn4skjzwefy.jpeg?q=70,"Lenovo V15 AMD Ryzen 5 Quad Core 7520U - (16 GB/512 GB SSD/Windows 11 Home) V15 Thin and Light Laptop. powered by AMD Ryzen 5. 16GB DDR4 RAM. 512.0GB SSD. AMD Radeon Amd graphics. 15.6"" HD display. weighs 1.62kg. running Windows 11 Home.",Lenovo,Iron Grey,Thin and Light Laptop,AMD,Ryzen 5,16,DDR4,AMD,Radeon Amd,TRUE,512,SSD,15.6,HD,FALSE,1.62,,Windows 11 Home,TRUE,TRUE,TRUE,TRUE,TRUE
laptop,MOTOROLA Motobook 60 Full Metal OLED (i7 14th Gen) Intel Core 7 (Series 2) 240H - (16 GB/1 TB SSD/Wind...,https://www.flipkart.com/motorola-motobook-60-full-metal-oled-i7-14th-gen-intel-core-7-series-2-240h-16-gb-1-tb-ssd-windows-11-home-14irh10r-thin-light-laptop/p/itmd38998009f90e?pid=COMHAUZWMJNUBXVE&lid=LSTCOMHAUZWMJNUBXVEFCZ6QJ&marketplace=FLIPKART&store=6bo%2Fb5g&srno=b_4_95&otracker=browse&fm=organic&iid=en_WbUK-fjYz_z09FknnULjjp_dFBWsdzrMgXilkIOdRgL9I5hdzOvrW3u2hB33umF5hGcrGrhN2tt-ZOW4zUSuE4QEIsITtCzc4bHaOMTqL08%3D&ppt=None&ppn=None&ssid=v78895f37k0000001764345646710,58990,4.4,69,https://rukminim2.flixcart.com/image/312/312/xif0q/computer/g/r/p/-original-imahg5ftvnmqhgqp.jpeg?q=70,"MOTOROLA Motobook 60 Full Metal OLED (i7 14th Gen) Intel Core 7 (Series 2) 240H - (16 GB/1 TB SSD/Wind.... powered by Intel Core 7 (Series 2). 16GB DDR5 RAM. 1024.0GB SSD. 14.0"" OLED display. weighs 1.4kg. running Windows 11 Home.",MOTOROLA,PANTONE Bronze Green,Thin and Light Laptop,Intel,Core 7 (Series 2),16,DDR5,Intel,Integrated Graphics,FALSE,1024,SSD,14,OLED,FALSE,1.4,,Windows 11 Home,FALSE,FALSE,TRUE,TRUE,TRUE
laptop,Lenovo IdeaPad Slim 3 Intel Core i5 12th Gen 12450H - (16 GB/512 GB SSD/Windows 11 Home) 15IAH8 Thin a...,https://www.flipkart.com/lenovo-ideapad-slim-3-intel-core-i5-12th-gen-12450h-16-gb-512-gb-ssd-windows-11-home-15iah8-thin-light-laptop/p/itm8dd83f96f8d79?pid=COMHEARFBRJHJCA4&lid=LSTCOMHEARFBRJHJCA4FT2WQ9&marketplace=FLIPKART&store=6bo%2Fb5g&srno=b_4_96&otracker=browse&fm=organic&iid=0bd05324-8c4b-4d67-b28d-08c0558abc8a.COMHEARFBRJHJCA4.SEARCH&ppt=None&ppn=None&ssid=v78895f37k0000001764345646710,47200,4.6,0,https://rukminim2.flixcart.com/image/312/312/xif0q/computer/w/e/i/-original-imah8anb8kvnzpnm.jpeg?q=70,"Lenovo IdeaPad Slim 3 Intel Core i5 12th Gen 12450H - (16 GB/512 GB SSD/Windows 11 Home) 15IAH8 Thin a.... powered by Intel Core i5. 16GB LPDDR5 RAM. 512.0GB SSD. 15.6"" Full HD display. weighs 1.62kg. running Windows 11 Home.",Lenovo,Arctic Grey,Thin and Light Laptop,Intel,Core i5,16,LPDDR5,Intel,Integrated Graphics,FALSE,512,SSD,15.6,Full HD,FALSE,1.62,47,Windows 11 Home,FALSE,FALSE,TRUE,TRUE,TRUE
laptop,Samsung Galaxy Book4 Edge Series Copilot AI-PC Full Metal Chasis Qualcomm Snapdragon X - (16 GB/512 GB...,https://www.flipkart.com/samsung-galaxy-book4-edge-series-copilot-ai-pc-full-metal-chasis-qualcomm-snapdragon-x-16-gb-512-gb-ssd-windows-11-home-np750xqb-ka1in-thin-light-laptop/p/itm1d61ec8d90cc7?pid=COMHE4ATFWNVHXHS&lid=LSTCOMHE4ATFWNVHXHSIHS0FO&marketplace=FLIPKART&store=6bo%2Fb5g&srno=b_5_97&otracker=browse&fm=organic&iid=en_yhAyDheIErjdwlWQVDUwVysA0tosXMEN4e9F9bw4xJ0ZmJqBUEAdmbxudI1IR2-Rl3LVU23Rn5TEHCp33wMSfvUFjCTyOHoHZs-Z5_PS_w0%3D&ppt=None&ppn=None&ssid=2faujh66a80000001764345655377,64990,4.4,128,https://rukminim2.flixcart.com/image/312/312/xif0q/computer/a/g/p/-original-imahgwkqughzkwt3.jpeg?q=70,"Samsung Galaxy Book4 Edge Series Copilot AI-PC Full Metal Chasis Qualcomm Snapdragon X - (16 GB/512 GB.... powered by Qualcomm Snapdragon X. 16GB LPDDR5X RAM. 512.0GB SSD. 15.6"" HD display. weighs 1.55kg. running Windows 11 Home.",Samsung,Sapphire Blue,Thin and Light Laptop,Qualcomm,Snapdragon X,16,LPDDR5X,Qualcomm,Adreno,FALSE,512,SSD,15.6,HD,FALSE,1.55,,Windows 11 Home,FALSE,FALSE,TRUE,TRUE,TRUE
laptop,"ASUS Vivobook 15 (2025) with Office 2024 + M365 Basic*, Intel Core i3 13th Gen 1315U - (8 GB/512 GB SS...",https://www.flipkart.com/asus-vivobook-15-2025-office-2024-m365-basic-intel-core-i3-13th-gen-1315u-8-gb-512-gb-ssd-windows-11-home-x1504va-nj3700ws-thin-light-laptop/p/itmf31c79724a398?pid=COMHCQ5ECZZV6THK&lid=LSTCOMHCQ5ECZZV6THKTW8YMF&marketplace=FLIPKART&store=6bo%2Fb5g&srno=b_5_98&otracker=browse&fm=organic&iid=en_yhAyDheIErjdwlWQVDUwVysA0tosXMEN4e9F9bw4xJ2HA6-MoFElFIF_KS9oiA4L33jN4jhGgPcCWMhB0VVnE_UFjCTyOHoHZs-Z5_PS_w0%3D&ppt=None&ppn=None&ssid=2faujh66a80000001764345655377,34990,4.3,163,https://rukminim2.flixcart.com/image/312/312/xif0q/computer/b/l/v/-original-imahgfdffszmurd7.jpeg?q=70,"ASUS Vivobook 15 (2025) with Office 2024 + M365 Basic*, Intel Core i3 13th Gen 1315U - (8 GB/512 GB SS.... powered by Intel Core i3. 8GB DDR4 RAM. 512.0GB SSD. 15.6"" Full HD display. weighs 1.7kg. running Windows 11 Home.",ASUS,Terra Cotta,Thin and Light Laptop,Intel,Core i3,8,DDR4,Intel,Integrated Graphics,FALSE,512,SSD,15.6,Full HD,FALSE,1.7,,Windows 11 Home,FALSE,FALSE,FALSE,TRUE,TRUE
laptop,"ASUS Vivobook Go 15 (2025) with Office 2024 + M365 Basic*, AMD Ryzen 5 Quad Core 7520U - (8 GB/512 GB ...",https://www.flipkart.com/asus-vivobook-go-15-2025-office-2024-m365-basic-amd-ryzen-5-quad-core-7520u-8-gb-512-gb-ssd-windows-11-home-e1504fa-bq2523ws-thin-light-laptop/p/itm313aa4209e563?pid=COMHCQ5EGANGZ3NN&lid=LSTCOMHCQ5EGANGZ3NNE2UYYT&marketplace=FLIPKART&store=6bo%2Fb5g&srno=b_5_99&otracker=browse&fm=organic&iid=b9a1c5ab-9d56-4082-9dbe-f71ab97ec750.COMHCQ5EGANGZ3NN.SEARCH&ppt=None&ppn=None&ssid=2faujh66a80000001764345655377,36990,4.3,1,https://rukminim2.flixcart.com/image/312/312/xif0q/computer/i/j/5/-original-imagnzg2rwxffejh.jpeg?q=70,"ASUS Vivobook Go 15 (2025) with Office 2024 + M365 Basic*, AMD Ryzen 5 Quad Core 7520U - (8 GB/512 GB .... powered by AMD Ryzen 5. 8GB LPDDR5 RAM. 512.0GB SSD. AMD Radeon Amd graphics. 15.6"" IPS display. weighs 1.63kg. running Windows 11 Home.",ASUS,Green Gray,Thin and Light Laptop,AMD,Ryzen 5,8,LPDDR5,AMD,Radeon Amd,TRUE,512,SSD,15.6,IPS,FALSE,1.63,,Windows 11 Home,TRUE,FALSE,FALSE,TRUE,TRUE
laptop,Acer Aspire Lite Intel Core i3 12th Gen 1215U - (16 GB/1 TB SSD/Windows 11 Home) AL15-52 Thin and Ligh...,https://www.flipkart.com/acer-aspire-lite-intel-core-i3-12th-gen-1215u-16-gb-1-tb-ssd-windows-11-home-al15-52-thin-light-laptop/p/itm1bc0bcb4598e7?pid=COMGWKF2XK3S2P46&lid=LSTCOMGWKF2XK3S2P46XYSLAQ&marketplace=FLIPKART&store=6bo%2Fb5g&srno=b_5_100&otracker=browse&fm=organic&iid=b9a1c5ab-9d56-4082-9dbe-f71ab97ec750.COMGWKF2XK3S2P46.SEARCH&ppt=None&ppn=None&ssid=2faujh66a80000001764345655377,37990,4.1,76,https://rukminim2.flixcart.com/image/312/312/xif0q/computer/u/p/m/-original-imah2pf2u98xefzx.jpeg?q=70,"Acer Aspire Lite Intel Core i3 12th Gen 1215U - (16 GB/1 TB SSD/Windows 11 Home) AL15-52 Thin and Ligh.... powered by Intel Core i3. 16GB DDR4 RAM. 1024.0GB SSD. 15.6"" HD display. weighs 1.59kg. running Windows 11 Home.",Acer,Steel Grey,Thin and Light Laptop,Intel,Core i3,16,DDR4,Intel,Integrated Graphics,FALSE,1024,SSD,15.6,HD,FALSE,1.59,,Windows 11 Home,FALSE,FALSE,TRUE,TRUE,TRUE
laptop,Lenovo IdeaPad Slim 3 Next Gen AI PC WUXGA IPS Copilot + PC Qualcomm Snapdragon X - (16 GB/512 GB SSD/...,https://www.flipkart.com/lenovo-ideapad-slim-3-next-gen-ai-pc-wuxga-ips-copilot-qualcomm-snapdragon-x-16-gb-512-gb-ssd-windows-11-home-15q8x10-thin-light-laptop/p/itm097ac7e15511b?pid=COMHDMJYDGBTMJXG&lid=LSTCOMHDMJYDGBTMJXG112MJM&marketplace=FLIPKART&store=6bo%2Fb5g&srno=b_5_101&otracker=browse&fm=organic&iid=en_yhAyDheIErjdwlWQVDUwVysA0tosXMEN4e9F9bw4xJ1-ZhGdlP-JYT-fMFwZYLd7CyFnIq7oQjZv4QTW91eeV_UFjCTyOHoHZs-Z5_PS_w0%3D&ppt=None&ppn=None&ssid=2faujh66a80000001764345655377,49990,4.3,27,https://rukminim2.flixcart.com/image/312/312/xif0q/computer/d/z/z/-original-imahgfdfx3hhguyc.jpeg?q=70,"Lenovo IdeaPad Slim 3 Next Gen AI PC WUXGA IPS Copilot + PC Qualcomm Snapdragon X - (16 GB/512 GB SSD/.... powered by Qualcomm Snapdragon X. 16GB LPDDR5X RAM. 512.0GB SSD. 15.3"" IPS display. weighs 1.55kg. running Windows 11 Home.",Lenovo,Luna Grey,Thin and Light Laptop,Qualcomm,Snapdragon X,16,LPDDR5X,Qualcomm,Adreno,FALSE,512,SSD,15.3,IPS,FALSE,1.55,50,Windows 11 Home,FALSE,FALSE,TRUE,TRUE,TRUE
laptop,Acer Aspire 3 Intel Core i3 13th Gen 1305U - (8 GB/512 GB SSD/Windows 11 Home) A324-53 Thin and Light ...,https://www.flipkart.com/acer-aspire-3-intel-core-i3-13th-gen-1305u-8-gb-512-gb-ssd-windows-11-home-a324-53-thin-light-laptop/p/itma6a6812aa712e?pid=COMH4B6CGTPNVJW9&lid=LSTCOMH4B6CGTPNVJW9JOF4ZC&marketplace=FLIPKART&store=6bo%2Fb5g&srno=b_5_102&otracker=browse&fm=organic&iid=en_yhAyDheIErjdwlWQVDUwVysA0tosXMEN4e9F9bw4xJ25R0jJOswAME9S6jaovZOhp5iBsv_cHJc2xbWysDCSOfUFjCTyOHoHZs-Z5_PS_w0%3D&ppt=None&ppn=None&ssid=2faujh66a80000001764345655377,30990,4.3,233,https://rukminim2.flixcart.com/image/312/312/xif0q/computer/r/p/w/-original-imahg5fxzmyzbkv8.jpeg?q=70,"Acer Aspire 3 Intel Core i3 13th Gen 1305U - (8 GB/512 GB SSD/Windows 11 Home) A324-53 Thin and Light .... powered by Intel Core i3. 8GB DDR4 RAM. 512.0GB SSD. 14.0"" HD display. weighs 1.45kg. running Windows 11 Home.",Acer,Steel Gray,Thin and Light Laptop,Intel,Core i3,8,DDR4,Intel,Integrated Graphics,FALSE,512,SSD,14,HD,FALSE,1.45,,Windows 11 Home,FALSE,FALSE,FALSE,TRUE,TRUE
laptop,ASUS Vivobook Go 15 (2025) with Office 2024 + M365 Basic* Intel Core i3 N305 - (8 GB/512 GB SSD/Window...,https://www.flipkart.com/asus-vivobook-go-15-2025-office-2024-m365-basic-intel-core-i3-n305-8-gb-512-gb-ssd-windows-11-home-e1504ga-nj3322ws-e1504ga-bq1225ws-thin-light-laptop/p/itm4bbb136e0a623?pid=COMH9SJ9ZVTH69GM&lid=LSTCOMH9SJ9ZVTH69GMYO91EO&marketplace=FLIPKART&store=6bo%2Fb5g&srno=b_5_103&otracker=browse&fm=organic&iid=b9a1c5ab-9d56-4082-9dbe-f71ab97ec750.COMH9SJ9ZVTH69GM.SEARCH&ppt=None&ppn=None&ssid=2faujh66a80000001764345655377,30980,4.3,29,https://rukminim2.flixcart.com/image/312/312/xif0q/computer/o/f/m/-original-imahbqpbwkdwc733.jpeg?q=70,"ASUS Vivobook Go 15 (2025) with Office 2024 + M365 Basic* Intel Core i3 N305 - (8 GB/512 GB SSD/Window.... powered by Intel Core i3. 8GB DDR4 RAM. 512.0GB SSD. 15.6"" Full HD display. weighs 1.63kg. running Windows 11 Home.",ASUS,Mixed Black,Thin and Light Laptop,Intel,Core i3,8,DDR4,Intel,Integrated Graphics,FALSE,512,SSD,15.6,Full HD,FALSE,1.63,,Windows 11 Home,FALSE,FALSE,FALSE,TRUE,TRUE
laptop,"ASUS Vivobook Go 15 OLED, with Backlit Keyboard, AMD Ryzen 5 Quad Core 7520U - (8 GB/512 GB SSD/Window...",https://www.flipkart.com/asus-vivobook-go-15-oled-backlit-keyboard-amd-ryzen-5-quad-core-7520u-8-gb-512-gb-ssd-windows-11-home-e1504fa-lk521ws-thin-light-laptop/p/itm3de88f71e558b?pid=COMGMGXFT7WWNGYG&lid=LSTCOMGMGXFT7WWNGYGEMFTUI&marketplace=FLIPKART&store=6bo%2Fb5g&srno=b_5_104&otracker=browse&fm=organic&iid=b9a1c5ab-9d56-4082-9dbe-f71ab97ec750.COMGMGXFT7WWNGYG.SEARCH&ppt=None&ppn=None&ssid=2faujh66a80000001764345655377,40990,4.4,249,https://rukminim2.flixcart.com/image/312/312/xif0q/computer/y/z/d/-original-imahg5fue8qmg6wk.jpeg?q=70,"ASUS Vivobook Go 15 OLED, with Backlit Keyboard, AMD Ryzen 5 Quad Core 7520U - (8 GB/512 GB SSD/Window.... powered by AMD Ryzen 5. 8GB LPDDR5 RAM. 512.0GB SSD. AMD Radeon Amd graphics. 15.6"" OLED display. weighs 1.63kg. running Windows 11 Home.",ASUS,Cool Silver,Thin and Light Laptop,AMD,Ryzen 5,8,LPDDR5,AMD,Radeon Amd,TRUE,512,SSD,15.6,OLED,FALSE,1.63,,Windows 11 Home,TRUE,FALSE,FALSE,TRUE,TRUE
laptop,"ASUS Vivobook 15 (2025) (i5 14th Gen) with MSO 2024 + M365 Basic*, Backlit Keyboard, Intel Core 5 120U...",https://www.flipkart.com/asus-vivobook-15-2025-i5-14th-gen-mso-2024-m365-basic-backlit-keyboard-intel-core-5-120u-16-gb-512-gb-ssd-windows-11-home-x1504vap-nj2862ws-thin-light-laptop/p/itm509f174cc1a04?pid=COMHDG7CFDWVKYMZ&lid=LSTCOMHDG7CFDWVKYMZSDYMWT&marketplace=FLIPKART&store=6bo%2Fb5g&srno=b_5_105&otracker=browse&fm=organic&iid=en_yhAyDheIErjdwlWQVDUwVysA0tosXMEN4e9F9bw4xJ0qt2AvL_SPOEq4vizn9o0ivIyKrJOOyrWKvQt3koA-iPUFjCTyOHoHZs-Z5_PS_w0%3D&ppt=None&ppn=None&ssid=2faujh66a80000001764345655377,49990,4.3,79,https://rukminim2.flixcart.com/image/312/312/xif0q/computer/k/u/e/-original-imahcd8gzqjnp2vv.jpeg?q=70,"ASUS Vivobook 15 (2025) (i5 14th Gen) with MSO 2024 + M365 Basic*, Backlit Keyboard, Intel Core 5 120U.... powered by Intel Core 5. 16GB DDR4 RAM. 512.0GB SSD. 15.6"" Full HD display. weighs 1.7kg. running Windows 11 Home.",ASUS,Cool Silver,Thin and Light Laptop,Intel,Core 5,16,DDR4,Intel,Integrated Graphics,FALSE,512,SSD,15.6,Full HD,FALSE,1.7,,Windows 11 Home,FALSE,FALSE,TRUE,TRUE,TRUE
laptop,ASUS Expertbook P3 Metal High-performance processor Intel Core i7 13th Gen 13620H - (32 GB/1 TB SSD/Wi...,https://www.flipkart.com/asus-expertbook-p3-metal-high-performance-processor-intel-core-i7-13th-gen-13620h-32-gb-1-tb-ssd-windows-11-home-p3405cva-ly0308ws-thin-light-laptop/p/itm97eeb89e48af8?pid=COMHB7VN6ZDDZ946&lid=LSTCOMHB7VN6ZDDZ946RHQCBL&marketplace=FLIPKART&store=6bo%2Fb5g&srno=b_5_106&otracker=browse&fm=organic&iid=b9a1c5ab-9d56-4082-9dbe-f71ab97ec750.COMHB7VN6ZDDZ946.SEARCH&ppt=None&ppn=None&ssid=2faujh66a80000001764345655377,73990,4.3,16,https://rukminim2.flixcart.com/image/312/312/xif0q/computer/0/p/g/-original-imahg53ujvb5xj2g.jpeg?q=70,"ASUS Expertbook P3 Metal High-performance processor Intel Core i7 13th Gen 13620H - (32 GB/1 TB SSD/Wi.... powered by Intel Core i7. 32GB DDR5 RAM. 1024.0GB SSD. 14.0"" LCD display. weighs 1.42kg. running Windows 11 Home.",ASUS,Misty Grey,Thin and Light Laptop,Intel,Core i7,32,DDR5,Intel,Integrated Graphics,FALSE,1024,SSD,14,LCD,FALSE,1.42,50,Windows 11 Home,FALSE,TRUE,TRUE,TRUE,TRUE
laptop,DELL 15 Intel Core i3 13th Gen 1305U - (16 GB/512 GB SSD/Windows 11 Home) OVN353025001RING1O Thin and ...,https://www.flipkart.com/dell-15-intel-core-i3-13th-gen-1305u-16-gb-512-gb-ssd-windows-11-home-ovn353025001ring1o-thin-light-laptop/p/itmb007cf7efac41?pid=COMHD99W94EPN2H2&lid=LSTCOMHD99W94EPN2H28GBQQL&marketplace=FLIPKART&store=6bo%2Fb5g&srno=b_5_107&otracker=browse&fm=organic&iid=en_yhAyDheIErjdwlWQVDUwVysA0tosXMEN4e9F9bw4xJ0Dn6C550YIO0G6IuHVmm_LEkLod264BTOTANLjYPSTffUFjCTyOHoHZs-Z5_PS_w0%3D&ppt=None&ppn=None&ssid=2faujh66a80000001764345655377,38990,4.2,31,https://rukminim2.flixcart.com/image/312/312/xif0q/computer/f/i/b/-original-imahgx8ws7ypyhmd.jpeg?q=70,"DELL 15 Intel Core i3 13th Gen 1305U - (16 GB/512 GB SSD/Windows 11 Home) OVN353025001RING1O Thin and .... powered by Intel Core i3. 16GB DDR4 RAM. 512.0GB SSD. 15.6"" HD display. weighs 1.66kg. running Windows 11 Home.",DELL,Titan Grey,Thin and Light Laptop,Intel,Core i3,16,DDR4,Intel,Integrated Graphics,FALSE,512,SSD,15.6,HD,FALSE,1.66,,Windows 11 Home,FALSE,FALSE,TRUE,TRUE,TRUE
laptop,Lenovo IdeaPad Slim 5 Co-Pilot Next Gen AI PC Full Metal Snapdragon X Plus - (16 GB/1 TB SSD/Windows 1...,https://www.flipkart.com/lenovo-ideapad-slim-5-co-pilot-next-gen-ai-pc-full-metal-snapdragon-x-plus-16-gb-1-tb-ssd-windows-11-home-14q8x9-thin-light-laptop/p/itm8a59041fc8c0f?pid=COMH4N9CZ7JKPQQC&lid=LSTCOMH4N9CZ7JKPQQCOFLXDU&marketplace=FLIPKART&store=6bo%2Fb5g&srno=b_5_108&otracker=browse&fm=organic&iid=en_yhAyDheIErjdwlWQVDUwVysA0tosXMEN4e9F9bw4xJ0nzDxAsvNDdMPMUxdg0sXamr8_Dvd2c2p1xsx-3Mn_CPUFjCTyOHoHZs-Z5_PS_w0%3D&ppt=None&ppn=None&ssid=2faujh66a80000001764345655377,57990,4.1,68,https://rukminim2.flixcart.com/image/312/312/xif0q/computer/6/l/r/-original-imahg5fxwyqndjhu.jpeg?q=70,"Lenovo IdeaPad Slim 5 Co-Pilot Next Gen AI PC Full Metal Snapdragon X Plus - (16 GB/1 TB SSD/Windows 1.... powered by Snapdragon X Plus. 16GB LPDDR5X RAM. 1024.0GB SSD. 14.0"" IPS display. weighs 1.48kg. running Windows 11 Home.",Lenovo,Cloud Grey,Thin and Light Laptop,Snapdragon,X Plus,16,LPDDR5X,Qualcomm,Adreno,FALSE,1024,SSD,14,IPS,FALSE,1.48,,Windows 11 Home,FALSE,FALSE,TRUE,TRUE,TRUE
laptop,"ASUS Vivobook 15, with Backlit Keyboard, Intel Core i3 12th Gen 1215U - (16 GB/512 GB SSD/Windows 11 H...",https://www.flipkart.com/asus-vivobook-15-backlit-keyboard-intel-core-i3-12th-gen-1215u-16-gb-512-gb-ssd-windows-11-home-x1504za-nj341ws-thin-light-laptop/p/itmbe5bbf6a5168b?pid=COMH3BKW4YSBUZ5G&lid=LSTCOMH3BKW4YSBUZ5GZJQGLJ&marketplace=FLIPKART&store=6bo%2Fb5g&srno=b_5_109&otracker=browse&fm=organic&iid=b9a1c5ab-9d56-4082-9dbe-f71ab97ec750.COMH3BKW4YSBUZ5G.SEARCH&ppt=None&ppn=None&ssid=2faujh66a80000001764345655377,38990,4.3,509,https://rukminim2.flixcart.com/image/312/312/xif0q/computer/c/n/z/-original-imahg5fuhzzht5ct.jpeg?q=70,"ASUS Vivobook 15, with Backlit Keyboard, Intel Core i3 12th Gen 1215U - (16 GB/512 GB SSD/Windows 11 H.... powered by Intel Core i3. 16GB DDR4 RAM. 512.0GB SSD. 15.6"" HD display. weighs 1.7kg. running Windows 11 Home.",ASUS,Quiet Blue,Thin and Light Laptop,Intel,Core i3,16,DDR4,Intel,Integrated Graphics,FALSE,512,SSD,15.6,HD,FALSE,1.7,,Windows 11 Home,FALSE,FALSE,TRUE,TRUE,TRUE
laptop,Acer Aspire 7 Intel Core i7 13th Gen 13620H - (16 GB/512 GB SSD/Windows 11 Home/6 GB Graphics/NVIDIA G...,https://www.flipkart.com/acer-aspire-7-intel-core-i7-13th-gen-13620h-16-gb-512-gb-ssd-windows-11-home-6-graphics-nvidia-geforce-rtx-3050-144-hz-a715-79g-gaming-laptop/p/itm0f412dd7943ad?pid=COMHD5WWFAGFXGN2&lid=LSTCOMHD5WWFAGFXGN2GWZ7AB&marketplace=FLIPKART&store=6bo%2Fb5g&srno=b_5_110&otracker=browse&fm=organic&iid=b9a1c5ab-9d56-4082-9dbe-f71ab97ec750.COMHD5WWFAGFXGN2.SEARCH&ppt=None&ppn=None&ssid=2faujh66a80000001764345655377,69990,4.3,26,https://rukminim2.flixcart.com/image/312/312/xif0q/computer/m/i/m/-original-imahgfdfnayhh5h4.jpeg?q=70,"Acer Aspire 7 Intel Core i7 13th Gen 13620H - (16 GB/512 GB SSD/Windows 11 Home/6 GB Graphics/NVIDIA G.... powered by Intel Core i7. 16GB DDR4 RAM. 512.0GB SSD. NVIDIA RTX 3050 graphics. 15.6"" HD display. weighs 1.99kg. running Windows 11 Home.",Acer,Flame Black,Gaming Laptop,Intel,Core i7,16,DDR4,NVIDIA,RTX 3050,TRUE,512,SSD,15.6,HD,FALSE,1.99,,Windows 11 Home,TRUE,TRUE,TRUE,TRUE,TRUE
laptop,ASUS Vivobook Go 15 AMD Ryzen 3 Quad Core 7320U - (8 GB/512 GB SSD/Windows 11 Home) E1504FA-NJ130WS | ...,https://www.flipkart.com/asus-vivobook-go-15-amd-ryzen-3-quad-core-7320u-8-gb-512-gb-ssd-windows-11-home-e1504fa-nj130ws-e1504fa-bq2322ws-thin-light-laptop/p/itm9af4f3b5de2ff?pid=COMH94992SQ8HYGZ&lid=LSTCOMH94992SQ8HYGZMHVF97&marketplace=FLIPKART&store=6bo%2Fb5g&srno=b_5_111&otracker=browse&fm=organic&iid=en_yhAyDheIErjdwlWQVDUwVysA0tosXMEN4e9F9bw4xJ0CmnhCK7DfJHo04zhaotHU4s37nkXtPpbgFELKp_SOVvUFjCTyOHoHZs-Z5_PS_w0%3D&ppt=None&ppn=None&ssid=2faujh66a80000001764345655377,30990,4.3,94,https://rukminim2.flixcart.com/image/312/312/xif0q/computer/m/y/o/-original-imahg5fxjta7gns7.jpeg?q=70,"ASUS Vivobook Go 15 AMD Ryzen 3 Quad Core 7320U - (8 GB/512 GB SSD/Windows 11 Home) E1504FA-NJ130WS | .... powered by AMD Ryzen 3. 8GB LPDDR5 RAM. 512.0GB SSD. AMD Radeon Amd graphics. 15.6"" Full HD display. weighs 1.63kg. running Windows 11 Home.",ASUS,Mixed Black,Thin and Light Laptop,AMD,Ryzen 3,8,LPDDR5,AMD,Radeon Amd,TRUE,512,SSD,15.6,Full HD,FALSE,1.63,,Windows 11 Home,TRUE,FALSE,FALSE,TRUE,TRUE
laptop,ASUS Vivobook Go 15 AMD Ryzen 5 Quad Core 7520U - (8 GB/512 GB SSD/Windows 11 Home) E1504FA-NJ132WS | ...,https://www.flipkart.com/asus-vivobook-go-15-amd-ryzen-5-quad-core-7520u-8-gb-512-gb-ssd-windows-11-home-e1504fa-nj132ws-e1504fa-nj521ws-thin-light-laptop/p/itm657eb80ea799a?pid=COMH9499JNGDGTZ5&lid=LSTCOMH9499JNGDGTZ5WJGUDN&marketplace=FLIPKART&store=6bo%2Fb5g&srno=b_5_112&otracker=browse&fm=organic&iid=en_yhAyDheIErjdwlWQVDUwVysA0tosXMEN4e9F9bw4xJ1OngpK9j0g2eZ2IPnLBHISSUgykyDQJKYN_y9jM4Dl9_UFjCTyOHoHZs-Z5_PS_w0%3D&ppt=None&ppn=None&ssid=2faujh66a80000001764345655377,36990,4.2,49,https://rukminim2.flixcart.com/image/312/312/xif0q/computer/k/b/i/-original-imahg53xeuxqm6bv.jpeg?q=70,"ASUS Vivobook Go 15 AMD Ryzen 5 Quad Core 7520U - (8 GB/512 GB SSD/Windows 11 Home) E1504FA-NJ132WS | .... powered by AMD Ryzen 5. 8GB LPDDR5 RAM. 512.0GB SSD. AMD Radeon Amd graphics. 15.6"" Full HD display. weighs 1.63kg. running Windows 11 Home.",ASUS,Cool Silver,Thin and Light Laptop,AMD,Ryzen 5,8,LPDDR5,AMD,Radeon Amd,TRUE,512,SSD,15.6,Full HD,FALSE,1.63,,Windows 11 Home,TRUE,FALSE,FALSE,TRUE,TRUE
laptop,Acer Aspire Lite Intel Core i5 12th Gen 12450H - (16 GB/1 TB SSD/Windows 11 Home) AL15-52H Thin and Li...,https://www.flipkart.com/acer-aspire-lite-intel-core-i5-12th-gen-12450h-16-gb-1-tb-ssd-windows-11-home-al15-52h-thin-light-laptop/p/itmc262e2fa338ce?pid=COMH883AGRXJD8SB&lid=LSTCOMH883AGRXJD8SBRVBNQJ&marketplace=FLIPKART&store=6bo%2Fb5g&srno=b_5_113&otracker=browse&fm=organic&iid=b9a1c5ab-9d56-4082-9dbe-f71ab97ec750.COMH883AGRXJD8SB.SEARCH&ppt=None&ppn=None&ssid=2faujh66a80000001764345655377,54440,4.1,184,https://rukminim2.flixcart.com/image/312/312/xif0q/computer/a/a/o/-original-imah7tknwg7brmfv.jpeg?q=70,"Acer Aspire Lite Intel Core i5 12th Gen 12450H - (16 GB/1 TB SSD/Windows 11 Home) AL15-52H Thin and Li.... powered by Intel Core i5. 16GB LPDDR5 RAM. 1024.0GB SSD. 15.6"" LCD display. weighs 1.77kg. running Windows 11 Home.",Acer,Pure Silver,Thin and Light Laptop,Intel,Core i5,16,LPDDR5,Intel,Integrated Graphics,FALSE,1024,SSD,15.6,LCD,FALSE,1.77,54,Windows 11 Home,FALSE,FALSE,TRUE,TRUE,TRUE
laptop,ASUS TUF Gaming A15 AMD Ryzen 7 Octa Core 7435HS - (16 GB/512 GB SSD/Windows 11 Home/4 GB Graphics/NVI...,https://www.flipkart.com/asus-tuf-gaming-a15-amd-ryzen-7-octa-core-7435hs-16-gb-512-gb-ssd-windows-11-home-4-graphics-nvidia-geforce-rtx-2050-fa566nfr-hn259w-laptop/p/itm10514ecd2a794?pid=COMHFT2NEWGYDWAV&lid=LSTCOMHFT2NEWGYDWAVPS8GCS&marketplace=FLIPKART&store=6bo%2Fb5g&srno=b_5_114&otracker=browse&fm=organic&iid=b9a1c5ab-9d56-4082-9dbe-f71ab97ec750.COMHFT2NEWGYDWAV.SEARCH&ppt=None&ppn=None&ssid=2faujh66a80000001764345655377,55990,4.3,131,https://rukminim2.flixcart.com/image/312/312/xif0q/computer/e/g/e/-original-imahg52mjevfjatr.jpeg?q=70,"ASUS TUF Gaming A15 AMD Ryzen 7 Octa Core 7435HS - (16 GB/512 GB SSD/Windows 11 Home/4 GB Graphics/NVI.... powered by AMD Ryzen 7. 16GB DDR5 RAM. 512.0GB SSD. NVIDIA RTX 2050 graphics. 15.6"" IPS display. weighs 2.3kg. running Windows 11 Home.",ASUS,Graphite Black,Gaming Laptop,AMD,Ryzen 7,16,DDR5,NVIDIA,RTX 2050,TRUE,512,SSD,15.6,IPS,FALSE,2.3,,Windows 11 Home,TRUE,TRUE,TRUE,TRUE,FALSE
laptop,"ASUS Vivobook S16 OLED (2025) with Backlit Keyboard, Metal Body*, Qualcomm Snapdragon X - (16 GB/512 G...",https://www.flipkart.com/asus-vivobook-s16-oled-2025-backlit-keyboard-metal-body-qualcomm-snapdragon-x-16-gb-512-gb-ssd-windows-11-home-s3607qa-sh078ws-thin-light-laptop/p/itm252509f1beb81?pid=COMHCQ5EYNZ2HRWW&lid=LSTCOMHCQ5EYNZ2HRWWUYQZ3F&marketplace=FLIPKART&store=6bo%2Fb5g&srno=b_5_115&otracker=browse&fm=organic&iid=en_yhAyDheIErjdwlWQVDUwVysA0tosXMEN4e9F9bw4xJ3eHVKO7fKtauHPEf5e0XDAG2amLjs3IPadBpBV9DWta6V8WX5krIChubBlraAu4CQ%3D&ppt=None&ppn=None&ssid=2faujh66a80000001764345655377,71990,4.4,51,https://rukminim2.flixcart.com/image/312/312/xif0q/computer/g/4/k/-original-imahfn3geekjdudx.jpeg?q=70,"ASUS Vivobook S16 OLED (2025) with Backlit Keyboard, Metal Body*, Qualcomm Snapdragon X - (16 GB/512 G.... powered by Qualcomm Snapdragon X. 16GB LPDDR5X RAM. 512.0GB SSD. 16.0"" Full HD display. weighs 1.74kg. running Windows 11 Home.",ASUS,Pink,Thin and Light Laptop,Qualcomm,Snapdragon X,16,LPDDR5X,Qualcomm,Adreno,FALSE,512,SSD,16,Full HD,FALSE,1.74,,Windows 11 Home,FALSE,FALSE,TRUE,TRUE,TRUE
laptop,MSI Modern 14 Intel Core i5 13th Gen 1334U - (16 GB/512 GB SSD/Windows 11 Home) Modern 14 C13M-116IN T...,https://www.flipkart.com/msi-modern-14-intel-core-i5-13th-gen-1334u-16-gb-512-gb-ssd-windows-11-home-c13m-116in-thin-light-laptop/p/itmc1e2cec962619?pid=COMHCRGWV8J2FZNH&lid=LSTCOMHCRGWV8J2FZNH9BYBFI&marketplace=FLIPKART&store=6bo%2Fb5g&spotlightTagId=default_TrendingId_6bo%2Fb5g&srno=b_5_116&otracker=browse&fm=organic&iid=b9a1c5ab-9d56-4082-9dbe-f71ab97ec750.COMHCRGWV8J2FZNH.SEARCH&ppt=None&ppn=None&ssid=2faujh66a80000001764345655377,38990,4.1,11,https://rukminim2.flixcart.com/image/312/312/xif0q/computer/t/p/b/-original-imahdabdtszs74x3.jpeg?q=70,"MSI Modern 14 Intel Core i5 13th Gen 1334U - (16 GB/512 GB SSD/Windows 11 Home) Modern 14 C13M-116IN T.... powered by Intel Core i5. 16GB DDR4 RAM. 512.0GB SSD. 14.0"" IPS display. weighs 1.4kg. running Windows 11 Home.",MSI,Urban Silver,Thin and Light Laptop,Intel,Core i5,16,DDR4,Intel,Iris Xe,FALSE,512,SSD,14,IPS,FALSE,1.4,,Windows 11 Home,FALSE,FALSE,TRUE,TRUE,TRUE
laptop,"ASUS Vivobook S14 Flip (2025) with Office 2024 + M365 Basic*, Backlit Keyboard, Intel Core i5 13th Gen...",https://www.flipkart.com/asus-vivobook-s14-flip-2025-office-2024-m365-basic-backlit-keyboard-intel-core-i5-13th-gen-13420h-16-gb-512-gb-ssd-windows-11-home-tp3402vao-lz612ws-2-1-laptop/p/itme494b3629a714?pid=COMH9SJ9VAJ7ZD99&lid=LSTCOMH9SJ9VAJ7ZD99ZNVNMB&marketplace=FLIPKART&store=6bo%2Fb5g&srno=b_5_117&otracker=browse&fm=organic&iid=en_yhAyDheIErjdwlWQVDUwVysA0tosXMEN4e9F9bw4xJ3tEFE2J3OVS4tOiCZpqg2Y3JJreNqE10axEDA06lGYnA891ypMzu4_aryI8_sihJ8%3D&ppt=None&ppn=None&ssid=2faujh66a80000001764345655377,63990,4.4,51,https://rukminim2.flixcart.com/image/312/312/xif0q/computer/a/s/e/-original-imahg4ut9hnhkwhg.jpeg?q=70,"ASUS Vivobook S14 Flip (2025) with Office 2024 + M365 Basic*, Backlit Keyboard, Intel Core i5 13th Gen.... powered by Intel Core i5. 16GB DDR4 RAM. 512.0GB SSD. 14.0"" IPS display. weighs 1.65kg. running Windows 11 Home.",ASUS,Transparent Silver,2 in 1 Laptop,Intel,Core i5,16,DDR4,Intel,Integrated Graphics,FALSE,512,SSD,14,IPS,FALSE,1.65,,Windows 11 Home,FALSE,FALSE,TRUE,TRUE,TRUE
laptop,HP 15 Intel Core i5 13th Gen 1334U - (16 GB/512 GB SSD/Windows 11 Home) 15-fd0576TU / 15-fd0467TU Thin...,https://www.flipkart.com/hp-15-intel-core-i5-13th-gen-1334u-16-gb-512-gb-ssd-windows-11-home-15-fd0576tu-15-fd0467tu-thin-light-laptop/p/itm3d552029526ba?pid=COMH8QXWHJRQKR6P&lid=LSTCOMH8QXWHJRQKR6PW3FWJH&marketplace=FLIPKART&store=6bo%2Fb5g&srno=b_5_118&otracker=browse&fm=organic&iid=en_yhAyDheIErjdwlWQVDUwVysA0tosXMEN4e9F9bw4xJ2xJju9XW879q7g9PvxcloYR57Z4l_HLHKKHpq25cShABhTy0lUJ14SzoMSv_CzLF0%3D&ppt=None&ppn=None&ssid=2faujh66a80000001764345655377,54990,4.2,45,https://rukminim2.flixcart.com/image/312/312/xif0q/computer/t/v/8/-original-imahg5fxfpvjasap.jpeg?q=70,"HP 15 Intel Core i5 13th Gen 1334U - (16 GB/512 GB SSD/Windows 11 Home) 15-fd0576TU / 15-fd0467TU Thin.... powered by Intel Core i5. 16GB DDR4 RAM. 512.0GB SSD. 15.6"" Full HD display. weighs 1.59kg. running Windows 11 Home.",HP,Silver,Thin and Light Laptop,Intel,Core i5,16,DDR4,Intel,Iris Xe,FALSE,512,SSD,15.6,Full HD,FALSE,1.59,,Windows 11 Home,FALSE,FALSE,TRUE,TRUE,TRUE
laptop,Acer Professional AMD Ryzen 3 Quad Core 7th Gen 7330U With Turbo Boost - (16 GB/512 GB SSD/Windows 11 ...,https://www.flipkart.com/acer-professional-amd-ryzen-3-quad-core-7th-gen-7330u-turbo-boost-16-gb-512-gb-ssd-windows-11-pro-tl14-42m-notebook/p/itmd2091f361681f?pid=COMHBQW6J7VVKZCV&lid=LSTCOMHBQW6J7VVKZCVCNR0GP&marketplace=FLIPKART&store=6bo%2Fb5g&srno=b_5_119&otracker=browse&fm=organic&iid=b9a1c5ab-9d56-4082-9dbe-f71ab97ec750.COMHBQW6J7VVKZCV.SEARCH&ppt=None&ppn=None&ssid=2faujh66a80000001764345655377,31990,4,10,https://rukminim2.flixcart.com/image/312/312/xif0q/computer/k/a/i/travel-lite-tl14-notebook-acer-original-imahbqw5gxdg6mwb.jpeg?q=70,"Acer Professional AMD Ryzen 3 Quad Core 7th Gen 7330U With Turbo Boost - (16 GB/512 GB SSD/Windows 11 .... powered by AMD Ryzen 3. 16GB DDR4 RAM. 512.0GB SSD. AMD Radeon Amd graphics. 14.0"" IPS display. weighs 1.34kg. running Windows 11 Pro.",Acer,Silver,Notebook,AMD,Ryzen 3,16,DDR4,AMD,Radeon Amd,TRUE,512,SSD,14,IPS,FALSE,1.34,,Windows 11 Pro,TRUE,TRUE,TRUE,TRUE,TRUE
laptop,Acer Aspire 3 (2025) Intel Core i5 13th Gen 1334U - (16 GB/512 GB SSD/Windows 11 Home) Aspire 3 A325-5...,https://www.flipkart.com/acer-aspire-3-2025-intel-core-i5-13th-gen-1334u-16-gb-512-gb-ssd-windows-11-home-a325-53-thin-light-laptop/p/itm3bdf32931e850?pid=COMHF4P3RSGHA46N&lid=LSTCOMHF4P3RSGHA46N56XWJY&marketplace=FLIPKART&store=6bo%2Fb5g&srno=b_5_120&otracker=browse&fm=organic&iid=b9a1c5ab-9d56-4082-9dbe-f71ab97ec750.COMHF4P3RSGHA46N.SEARCH&ppt=None&ppn=None&ssid=2faujh66a80000001764345655377,44990,4.2,7,https://rukminim2.flixcart.com/image/312/312/xif0q/computer/o/p/f/a325-53-thin-and-light-laptop-acer-original-imahf4p3s4hsvhxz.jpeg?q=70,"Acer Aspire 3 (2025) Intel Core i5 13th Gen 1334U - (16 GB/512 GB SSD/Windows 11 Home) Aspire 3 A325-5.... powered by Intel Core i5. 16GB DDR4 RAM. 512.0GB SSD. 15.6"" IPS display. weighs 1.5kg. running Windows 11 Home.",Acer,Silver,Thin and Light Laptop,Intel,Core i5,16,DDR4,Intel,Integrated Graphics,FALSE,512,SSD,15.6,IPS,TRUE,1.5,,Windows 11 Home,FALSE,FALSE,TRUE,TRUE,TRUE
laptop,Samsung Galaxy Book4 Edge Series Copilot AI-PC Full Metal Chasis Qualcomm Snapdragon X - (16 GB/512 GB...,https://www.flipkart.com/samsung-galaxy-book4-edge-series-copilot-ai-pc-full-metal-chasis-qualcomm-snapdragon-x-16-gb-512-gb-ssd-windows-11-home-np750xqb-ka1in-thin-light-laptop/p/itm1d61ec8d90cc7?pid=COMHE4ATFWNVHXHS&lid=LSTCOMHE4ATFWNVHXHSIHS0FO&marketplace=FLIPKART&store=6bo%2Fb5g&srno=b_6_121&otracker=browse&fm=organic&iid=en_o66gWPMAvznwvsoj2Xo9KsM1i5koQfKFUrxUjJvIV3v35Qmbawny6Kvdj-ZM759Ml3LVU23Rn5TEHCp33wMSfvUFjCTyOHoHZs-Z5_PS_w0%3D&ppt=None&ppn=None&ssid=silxxzc3f40000001764345663657,64990,4.4,128,https://rukminim2.flixcart.com/image/312/312/xif0q/computer/a/g/p/-original-imahgwkqughzkwt3.jpeg?q=70,"Samsung Galaxy Book4 Edge Series Copilot AI-PC Full Metal Chasis Qualcomm Snapdragon X - (16 GB/512 GB.... powered by Qualcomm Snapdragon X. 16GB LPDDR5X RAM. 512.0GB SSD. 15.6"" HD display. weighs 1.55kg. running Windows 11 Home.",Samsung,Sapphire Blue,Thin and Light Laptop,Qualcomm,Snapdragon X,16,LPDDR5X,Qualcomm,Adreno,FALSE,512,SSD,15.6,HD,FALSE,1.55,,Windows 11 Home,FALSE,FALSE,TRUE,TRUE,TRUE
laptop,"ASUS Vivobook 15 (2025) with Office 2024 + M365 Basic*, Intel Core i3 13th Gen 1315U - (8 GB/512 GB SS...",https://www.flipkart.com/asus-vivobook-15-2025-office-2024-m365-basic-intel-core-i3-13th-gen-1315u-8-gb-512-gb-ssd-windows-11-home-x1504va-nj3700ws-thin-light-laptop/p/itmf31c79724a398?pid=COMHCQ5ECZZV6THK&lid=LSTCOMHCQ5ECZZV6THKTW8YMF&marketplace=FLIPKART&store=6bo%2Fb5g&srno=b_6_122&otracker=browse&fm=organic&iid=en_o66gWPMAvznwvsoj2Xo9KsM1i5koQfKFUrxUjJvIV3to53qtjH87xnVVpfzgEepHVLCGCpnr56tU-0Batk7usvUFjCTyOHoHZs-Z5_PS_w0%3D&ppt=None&ppn=None&ssid=silxxzc3f40000001764345663657,34990,4.3,163,https://rukminim2.flixcart.com/image/312/312/xif0q/computer/b/l/v/-original-imahgfdffszmurd7.jpeg?q=70,"ASUS Vivobook 15 (2025) with Office 2024 + M365 Basic*, Intel Core i3 13th Gen 1315U - (8 GB/512 GB SS.... powered by Intel Core i3. 8GB DDR4 RAM. 512.0GB SSD. 15.6"" Full HD display. weighs 1.7kg. running Windows 11 Home.",ASUS,Terra Cotta,Thin and Light Laptop,Intel,Core i3,8,DDR4,Intel,Integrated Graphics,FALSE,512,SSD,15.6,Full HD,FALSE,1.7,,Windows 11 Home,FALSE,FALSE,FALSE,TRUE,TRUE
laptop,Lenovo AMD Ryzen 7 Octa Core 7730U - (16 GB/512 GB SSD/Windows 11 Home) V15 G4 Thin and Light Laptop,https://www.flipkart.com/lenovo-amd-ryzen-7-octa-core-7730u-16-gb-512-gb-ssd-windows-11-home-v15-g4-thin-light-laptop/p/itm0ed77e73122ed?pid=COMHFEJKB4ENJGYN&lid=LSTCOMHFEJKB4ENJGYNLDEFE0&marketplace=FLIPKART&store=6bo%2Fb5g&srno=b_6_123&otracker=browse&fm=organic&iid=1b4279f7-8d58-4003-9ac3-042f23de26d6.COMHFEJKB4ENJGYN.SEARCH&ppt=None&ppn=None&ssid=silxxzc3f40000001764345663657,42990,4.3,26,https://rukminim2.flixcart.com/image/312/312/xif0q/computer/p/y/t/-original-imahg5fudf78rcbz.jpeg?q=70,"Lenovo AMD Ryzen 7 Octa Core 7730U - (16 GB/512 GB SSD/Windows 11 Home) V15 G4 Thin and Light Laptop. powered by AMD Ryzen 7. 16GB DDR4 RAM. 512.0GB SSD. AMD Radeon Amd graphics. 15.6"" HD display. weighs 1.65kg. running Windows 11 Home.",Lenovo,Iron Grey,Thin and Light Laptop,AMD,Ryzen 7,16,DDR4,AMD,Radeon Amd,TRUE,512,SSD,15.6,HD,FALSE,1.65,,Windows 11 Home,TRUE,TRUE,TRUE,TRUE,TRUE
laptop,ASUS Vivobook Go 15 AMD Ryzen 5 Quad Core 7520U - (8 GB/512 GB SSD/Windows 11 Home) E1504FA-NJ132WS | ...,https://www.flipkart.com/asus-vivobook-go-15-amd-ryzen-5-quad-core-7520u-8-gb-512-gb-ssd-windows-11-home-e1504fa-nj132ws-e1504fa-nj521ws-thin-light-laptop/p/itmf2da9c7085e1b?pid=COMGNRNUKRMMXNZQ&lid=LSTCOMGNRNUKRMMXNZQPQADWR&marketplace=FLIPKART&store=6bo%2Fb5g&srno=b_6_124&otracker=browse&fm=organic&iid=1b4279f7-8d58-4003-9ac3-042f23de26d6.COMGNRNUKRMMXNZQ.SEARCH&ppt=None&ppn=None&ssid=silxxzc3f40000001764345663657,34890,4.2,164,https://rukminim2.flixcart.com/image/312/312/xif0q/computer/j/n/w/-original-imahg5fur7csf5kn.jpeg?q=70,"ASUS Vivobook Go 15 AMD Ryzen 5 Quad Core 7520U - (8 GB/512 GB SSD/Windows 11 Home) E1504FA-NJ132WS | .... powered by AMD Ryzen 5. 8GB LPDDR5 RAM. 512.0GB SSD. AMD Radeon Amd graphics. 15.6"" Full HD display. weighs 1.63kg. running Windows 11 Home.",ASUS,Silver,Thin and Light Laptop,AMD,Ryzen 5,8,LPDDR5,AMD,Radeon Amd,TRUE,512,SSD,15.6,Full HD,FALSE,1.63,,Windows 11 Home,TRUE,FALSE,FALSE,TRUE,TRUE
laptop,Lenovo IdeaPad Slim 3 Next Gen AI PC WUXGA IPS Copilot + PC Qualcomm Snapdragon X - (16 GB/512 GB SSD/...,https://www.flipkart.com/lenovo-ideapad-slim-3-next-gen-ai-pc-wuxga-ips-copilot-qualcomm-snapdragon-x-16-gb-512-gb-ssd-windows-11-home-15q8x10-thin-light-laptop/p/itm097ac7e15511b?pid=COMHDMJYDGBTMJXG&lid=LSTCOMHDMJYDGBTMJXG112MJM&marketplace=FLIPKART&store=6bo%2Fb5g&srno=b_6_125&otracker=browse&fm=organic&iid=en_o66gWPMAvznwvsoj2Xo9KsM1i5koQfKFUrxUjJvIV3tBDu1lqQnP5iXIDV5Rx_M2CyFnIq7oQjZv4QTW91eeV_UFjCTyOHoHZs-Z5_PS_w0%3D&ppt=None&ppn=None&ssid=silxxzc3f40000001764345663657,49990,4.3,27,https://rukminim2.flixcart.com/image/312/312/xif0q/computer/d/z/z/-original-imahgfdfx3hhguyc.jpeg?q=70,"Lenovo IdeaPad Slim 3 Next Gen AI PC WUXGA IPS Copilot + PC Qualcomm Snapdragon X - (16 GB/512 GB SSD/.... powered by Qualcomm Snapdragon X. 16GB LPDDR5X RAM. 512.0GB SSD. 15.3"" IPS display. weighs 1.55kg. running Windows 11 Home.",Lenovo,Luna Grey,Thin and Light Laptop,Qualcomm,Snapdragon X,16,LPDDR5X,Qualcomm,Adreno,FALSE,512,SSD,15.3,IPS,FALSE,1.55,50,Windows 11 Home,FALSE,FALSE,TRUE,TRUE,TRUE
laptop,HP Victus AI 31 TOPS AMD Ryzen 5 Hexa Core 8645HS - (16 GB/512 GB SSD/Windows 11 Home/4 GB Graphics/NV...,https://www.flipkart.com/hp-victus-ai-31-tops-amd-ryzen-5-hexa-core-8645hs-16-gb-512-gb-ssd-windows-11-home-4-graphics-nvidia-geforce-rtx-2050-144-hz-15-fb3003ax-gaming-laptop/p/itm515d20da2ddd0?pid=COMH8XZFKQRGWMWT&lid=LSTCOMH8XZFKQRGWMWTPAZF4H&marketplace=FLIPKART&store=6bo%2Fb5g&srno=b_6_126&otracker=browse&fm=organic&iid=1b4279f7-8d58-4003-9ac3-042f23de26d6.COMH8XZFKQRGWMWT.SEARCH&ppt=None&ppn=None&ssid=silxxzc3f40000001764345663657,57990,4.3,33,https://rukminim2.flixcart.com/image/312/312/xif0q/computer/1/o/w/-original-imahg4vkxdhcgyyu.jpeg?q=70,"HP Victus AI 31 TOPS AMD Ryzen 5 Hexa Core 8645HS - (16 GB/512 GB SSD/Windows 11 Home/4 GB Graphics/NV.... powered by AMD Ryzen 5. 16GB DDR5 RAM. 512.0GB SSD. NVIDIA RTX 2050 graphics. 15.6"" IPS display. weighs 2.29kg. running Windows 11 Home.",HP,Blue,Gaming Laptop,AMD,Ryzen 5,16,DDR5,NVIDIA,RTX 2050,TRUE,512,SSD,15.6,IPS,FALSE,2.29,3,Windows 11 Home,TRUE,TRUE,TRUE,TRUE,FALSE
laptop,Acer Aspire 3 Intel Core i3 13th Gen 1305U - (8 GB/512 GB SSD/Windows 11 Home) A324-53 Thin and Light ...,https://www.flipkart.com/acer-aspire-3-intel-core-i3-13th-gen-1305u-8-gb-512-gb-ssd-windows-11-home-a324-53-thin-light-laptop/p/itma6a6812aa712e?pid=COMH4B6CGTPNVJW9&lid=LSTCOMH4B6CGTPNVJW9JOF4ZC&marketplace=FLIPKART&store=6bo%2Fb5g&srno=b_6_127&otracker=browse&fm=organic&iid=en_o66gWPMAvznwvsoj2Xo9KsM1i5koQfKFUrxUjJvIV3vOtDzZw6Q6EUmcFneEOjhvp5iBsv_cHJc2xbWysDCSOfUFjCTyOHoHZs-Z5_PS_w0%3D&ppt=None&ppn=None&ssid=silxxzc3f40000001764345663657,30990,4.3,233,https://rukminim2.flixcart.com/image/312/312/xif0q/computer/r/p/w/-original-imahg5fxzmyzbkv8.jpeg?q=70,"Acer Aspire 3 Intel Core i3 13th Gen 1305U - (8 GB/512 GB SSD/Windows 11 Home) A324-53 Thin and Light .... powered by Intel Core i3. 8GB DDR4 RAM. 512.0GB SSD. 14.0"" HD display. weighs 1.45kg. running Windows 11 Home.",Acer,Steel Gray,Thin and Light Laptop,Intel,Core i3,8,DDR4,Intel,Integrated Graphics,FALSE,512,SSD,14,HD,FALSE,1.45,,Windows 11 Home,FALSE,FALSE,FALSE,TRUE,TRUE
laptop,"ASUS Vivobook 15 (2025) (i5 14th Gen) with MSO 2024 + M365 Basic*, Backlit Keyboard, Intel Core 5 120U...",https://www.flipkart.com/asus-vivobook-15-2025-i5-14th-gen-mso-2024-m365-basic-backlit-keyboard-intel-core-5-120u-16-gb-512-gb-ssd-windows-11-home-x1504vap-nj2862ws-thin-light-laptop/p/itm509f174cc1a04?pid=COMHDG7CFDWVKYMZ&lid=LSTCOMHDG7CFDWVKYMZSDYMWT&marketplace=FLIPKART&store=6bo%2Fb5g&srno=b_6_128&otracker=browse&fm=organic&iid=en_o66gWPMAvznwvsoj2Xo9KsM1i5koQfKFUrxUjJvIV3vg05BrIemHL1OSagTB1loXJubSY-XXxoDQMrwdvEBBPPUFjCTyOHoHZs-Z5_PS_w0%3D&ppt=None&ppn=None&ssid=silxxzc3f40000001764345663657,49990,4.3,79,https://rukminim2.flixcart.com/image/312/312/xif0q/computer/k/u/e/-original-imahcd8gzqjnp2vv.jpeg?q=70,"ASUS Vivobook 15 (2025) (i5 14th Gen) with MSO 2024 + M365 Basic*, Backlit Keyboard, Intel Core 5 120U.... powered by Intel Core 5. 16GB DDR4 RAM. 512.0GB SSD. 15.6"" Full HD display. weighs 1.7kg. running Windows 11 Home.",ASUS,Cool Silver,Thin and Light Laptop,Intel,Core 5,16,DDR4,Intel,Integrated Graphics,FALSE,512,SSD,15.6,Full HD,FALSE,1.7,,Windows 11 Home,FALSE,FALSE,TRUE,TRUE,TRUE
laptop,Acer Aspire Intel Core i5 12th Gen 12450H - (12 GB/512 GB SSD/Windows 11 Home) AL15-52H Thin and Light...,https://www.flipkart.com/acer-aspire-intel-core-i5-12th-gen-12450h-12-gb-512-gb-ssd-windows-11-home-al15-52h-thin-light-laptop/p/itmc262e2fa338ce?pid=COMH59E4MRQZEJEH&lid=LSTCOMH59E4MRQZEJEHZ9JQUS&marketplace=FLIPKART&store=6bo%2Fb5g&srno=b_6_129&otracker=browse&fm=organic&iid=1b4279f7-8d58-4003-9ac3-042f23de26d6.COMH59E4MRQZEJEH.SEARCH&ppt=None&ppn=None&ssid=silxxzc3f40000001764345663657,48990,4.1,184,https://rukminim2.flixcart.com/image/312/312/xif0q/computer/a/a/o/-original-imah7tknwg7brmfv.jpeg?q=70,"Acer Aspire Intel Core i5 12th Gen 12450H - (12 GB/512 GB SSD/Windows 11 Home) AL15-52H Thin and Light.... powered by Intel Core i5. 12GB LPDDR5 RAM. 512.0GB SSD. 15.6"" IPS display. weighs 1.7kg. running Windows 11 Home.",Acer,Pure Silver,Thin and Light Laptop,Intel,Core i5,12,LPDDR5,Intel,Integrated Graphics,FALSE,512,SSD,15.6,IPS,FALSE,1.7,,Windows 11 Home,FALSE,FALSE,FALSE,TRUE,TRUE
laptop,ASUS Vivobook Go 15 AMD Ryzen 5 Quad Core 7520U - (16 GB/512 GB SSD/Windows 11 Home) E1504FA-NJ5541WS ...,https://www.flipkart.com/asus-vivobook-go-15-amd-ryzen-5-quad-core-7520u-16-gb-512-gb-ssd-windows-11-home-e1504fa-nj5541ws-e1504fa-bq2541ws-thin-light-laptop/p/itm165dba821513f?pid=COMH8VXVGEPMSHGC&lid=LSTCOMH8VXVGEPMSHGCIIAEJR&marketplace=FLIPKART&store=6bo%2Fb5g&srno=b_6_130&otracker=browse&fm=organic&iid=1b4279f7-8d58-4003-9ac3-042f23de26d6.COMH8VXVGEPMSHGC.SEARCH&ppt=None&ppn=None&ssid=silxxzc3f40000001764345663657,40990,4.2,49,https://rukminim2.flixcart.com/image/312/312/xif0q/computer/k/b/i/-original-imahg53xeuxqm6bv.jpeg?q=70,"ASUS Vivobook Go 15 AMD Ryzen 5 Quad Core 7520U - (16 GB/512 GB SSD/Windows 11 Home) E1504FA-NJ5541WS .... powered by AMD Ryzen 5. 16GB LPDDR5 RAM. 512.0GB SSD. AMD Radeon Amd graphics. 15.6"" Full HD display. weighs 1.63kg. running Windows 11 Home.",ASUS,Cool Silver,Thin and Light Laptop,AMD,Ryzen 5,16,LPDDR5,AMD,Radeon Amd,TRUE,512,SSD,15.6,Full HD,FALSE,1.63,42,Windows 11 Home,TRUE,TRUE,TRUE,TRUE,TRUE
laptop,MOTOROLA Motobook 60 Full Metal OLED (i5 14th Gen) Intel Core 5 (Series 2) 210H - (16 GB/512 GB SSD/Wi...,https://www.flipkart.com/motorola-motobook-60-full-metal-oled-i5-14th-gen-intel-core-5-series-2-210h-16-gb-512-gb-ssd-windows-11-home-14irh10r-thin-light-laptop/p/itme7b254581c42e?pid=COMHAUZW4MMNNCGT&lid=LSTCOMHAUZW4MMNNCGTEVATRK&marketplace=FLIPKART&store=6bo%2Fb5g&srno=b_6_131&otracker=browse&fm=organic&iid=en_o66gWPMAvznwvsoj2Xo9KsM1i5koQfKFUrxUjJvIV3vjIbm3WK91nfundmEvCsK1TtQ3kAa7GWVHZmlPP8GfYQ%3D%3D&ppt=None&ppn=None&ssid=silxxzc3f40000001764345663657,49990,4.4,200,https://rukminim2.flixcart.com/image/312/312/xif0q/computer/g/r/p/-original-imahg5ftvnmqhgqp.jpeg?q=70,"MOTOROLA Motobook 60 Full Metal OLED (i5 14th Gen) Intel Core 5 (Series 2) 210H - (16 GB/512 GB SSD/Wi.... powered by Intel Core 5 (Series 2). 16GB DDR5 RAM. 512.0GB SSD. 14.0"" OLED display. weighs 1.4kg. running Windows 11 Home.",MOTOROLA,PANTONE Bronze Green,Thin and Light Laptop,Intel,Core 5 (Series 2),16,DDR5,Intel,Integrated Graphics,FALSE,512,SSD,14,OLED,FALSE,1.4,,Windows 11 Home,FALSE,FALSE,TRUE,TRUE,TRUE
laptop,DELL 15 Intel Core i3 13th Gen 1305U - (16 GB/512 GB SSD/Windows 11 Home) OVN353025001RING1O Thin and ...,https://www.flipkart.com/dell-15-intel-core-i3-13th-gen-1305u-16-gb-512-gb-ssd-windows-11-home-ovn353025001ring1o-thin-light-laptop/p/itmb007cf7efac41?pid=COMHD99W94EPN2H2&lid=LSTCOMHD99W94EPN2H28GBQQL&marketplace=FLIPKART&store=6bo%2Fb5g&srno=b_6_132&otracker=browse&fm=organic&iid=en_o66gWPMAvznwvsoj2Xo9KsM1i5koQfKFUrxUjJvIV3vx3gsfzVYG4TIPLxcSwJ7Vhn0uaKkgWn3tpmatqZbcEfUFjCTyOHoHZs-Z5_PS_w0%3D&ppt=None&ppn=None&ssid=silxxzc3f40000001764345663657,38990,4.2,31,https://rukminim2.flixcart.com/image/312/312/xif0q/computer/f/i/b/-original-imahgx8ws7ypyhmd.jpeg?q=70,"DELL 15 Intel Core i3 13th Gen 1305U - (16 GB/512 GB SSD/Windows 11 Home) OVN353025001RING1O Thin and .... powered by Intel Core i3. 16GB DDR4 RAM. 512.0GB SSD. 15.6"" HD display. weighs 1.66kg. running Windows 11 Home.",DELL,Titan Grey,Thin and Light Laptop,Intel,Core i3,16,DDR4,Intel,Integrated Graphics,FALSE,512,SSD,15.6,HD,FALSE,1.66,,Windows 11 Home,FALSE,FALSE,TRUE,TRUE,TRUE
laptop,ASUS Vivobook Go 15 AMD Ryzen 3 Quad Core 7320U - (8 GB/512 GB SSD/Windows 11 Home) E1504FA-NJ131WS | ...,https://www.flipkart.com/asus-vivobook-go-15-amd-ryzen-3-quad-core-7320u-8-gb-512-gb-ssd-windows-11-home-e1504fa-nj131ws-e1504fa-bq2321ws-thin-light-laptop/p/itm459fb45576278?pid=COMH94998FGG8FHG&lid=LSTCOMH94998FGG8FHGLMIDOV&marketplace=FLIPKART&store=6bo%2Fb5g&srno=b_6_133&otracker=browse&fm=organic&iid=1b4279f7-8d58-4003-9ac3-042f23de26d6.COMH94998FGG8FHG.SEARCH&ppt=None&ppn=None&ssid=silxxzc3f40000001764345663657,32990,4.3,94,https://rukminim2.flixcart.com/image/312/312/xif0q/computer/8/z/9/-original-imahg5fyefybajws.jpeg?q=70,"ASUS Vivobook Go 15 AMD Ryzen 3 Quad Core 7320U - (8 GB/512 GB SSD/Windows 11 Home) E1504FA-NJ131WS | .... powered by AMD Ryzen 3. 8GB LPDDR5 RAM. 512.0GB SSD. AMD Radeon Amd graphics. 15.6"" Full HD display. weighs 1.63kg. running Windows 11 Home.",ASUS,Cool Silver,Thin and Light Laptop,AMD,Ryzen 3,8,LPDDR5,AMD,Radeon Amd,TRUE,512,SSD,15.6,Full HD,FALSE,1.63,,Windows 11 Home,TRUE,FALSE,FALSE,TRUE,TRUE
laptop,DELL 15 Intel Core i5 13th Gen 1334U - (16 GB/512 GB SSD/Windows 11 Home) 3530 Thin and Light Laptop,https://www.flipkart.com/dell-15-intel-core-i5-13th-gen-1334u-16-gb-512-gb-ssd-windows-11-home-3530-thin-light-laptop/p/itm2878edc74d8e4?pid=COMHC6JVNYD9ZUAV&lid=LSTCOMHC6JVNYD9ZUAVIZDJL4&marketplace=FLIPKART&store=6bo%2Fb5g&srno=b_6_134&otracker=browse&fm=organic&iid=1b4279f7-8d58-4003-9ac3-042f23de26d6.COMHC6JVNYD9ZUAV.SEARCH&ppt=None&ppn=None&ssid=silxxzc3f40000001764345663657,50490,4.1,1,https://rukminim2.flixcart.com/image/312/312/xif0q/computer/u/j/d/inspiron-thin-and-light-laptop-dell-original-imahc6j98rwqkedz.jpeg?q=70,"DELL 15 Intel Core i5 13th Gen 1334U - (16 GB/512 GB SSD/Windows 11 Home) 3530 Thin and Light Laptop. powered by Intel Core i5. 16GB DDR4 RAM. 512.0GB SSD. 15.6"" Full HD display. weighs 1.62kg. running Windows 11 Home.",DELL,Carbon Black,Thin and Light Laptop,Intel,Core i5,16,DDR4,Intel,Integrated Graphics,FALSE,512,SSD,15.6,Full HD,FALSE,1.62,,Windows 11 Home,FALSE,FALSE,TRUE,TRUE,TRUE
laptop,Lenovo IdeaPad Slim 5 Co-Pilot Next Gen AI PC Full Metal Snapdragon X Plus - (16 GB/1 TB SSD/Windows 1...,https://www.flipkart.com/lenovo-ideapad-slim-5-co-pilot-next-gen-ai-pc-full-metal-snapdragon-x-plus-16-gb-1-tb-ssd-windows-11-home-14q8x9-thin-light-laptop/p/itm8a59041fc8c0f?pid=COMH4N9CZ7JKPQQC&lid=LSTCOMH4N9CZ7JKPQQCOFLXDU&marketplace=FLIPKART&store=6bo%2Fb5g&srno=b_6_135&otracker=browse&fm=organic&iid=en_o66gWPMAvznwvsoj2Xo9KsM1i5koQfKFUrxUjJvIV3vNjqVVH6MsyM5oimiQxIfHsQZOMXCSfQ57uU2tYWgzIvUFjCTyOHoHZs-Z5_PS_w0%3D&ppt=None&ppn=None&ssid=silxxzc3f40000001764345663657,57990,4.1,68,https://rukminim2.flixcart.com/image/312/312/xif0q/computer/6/l/r/-original-imahg5fxwyqndjhu.jpeg?q=70,"Lenovo IdeaPad Slim 5 Co-Pilot Next Gen AI PC Full Metal Snapdragon X Plus - (16 GB/1 TB SSD/Windows 1.... powered by Snapdragon X Plus. 16GB LPDDR5X RAM. 1024.0GB SSD. 14.0"" IPS display. weighs 1.48kg. running Windows 11 Home.",Lenovo,Cloud Grey,Thin and Light Laptop,Snapdragon,X Plus,16,LPDDR5X,Qualcomm,Adreno,FALSE,1024,SSD,14,IPS,FALSE,1.48,,Windows 11 Home,FALSE,FALSE,TRUE,TRUE,TRUE
laptop,Acer 3 Years Warranty Aspire 3 (2025) Intel Core i3 13th Gen 1305U - (24 GB/512 GB SSD/Windows 11 Home...,https://www.flipkart.com/acer-3-years-warranty-aspire-2025-intel-core-i3-13th-gen-1305u-24-gb-512-gb-ssd-windows-11-home-a325-53-thin-light-laptop/p/itmf188cce9b6ce3?pid=COMHG4T5UZQKZER3&lid=LSTCOMHG4T5UZQKZER3PNJVSU&marketplace=FLIPKART&store=6bo%2Fb5g&srno=b_6_136&otracker=browse&fm=organic&iid=1b4279f7-8d58-4003-9ac3-042f23de26d6.COMHG4T5UZQKZER3.SEARCH&ppt=None&ppn=None&ssid=silxxzc3f40000001764345663657,37290,4.4,1,https://rukminim2.flixcart.com/image/312/312/xif0q/computer/o/p/f/a325-53-thin-and-light-laptop-acer-original-imahf4p3s4hsvhxz.jpeg?q=70,"Acer 3 Years Warranty Aspire 3 (2025) Intel Core i3 13th Gen 1305U - (24 GB/512 GB SSD/Windows 11 Home.... powered by Intel Core i3. 24GB DDR4 RAM. 512.0GB SSD. 15.6"" IPS display. weighs 1.5kg. running Windows 11 Home.",Acer,Silver,Thin and Light Laptop,Intel,Core i3,24,DDR4,Intel,Integrated Graphics,FALSE,512,SSD,15.6,IPS,TRUE,1.5,,Windows 11 Home,FALSE,FALSE,TRUE,TRUE,TRUE
laptop,ASUS Vivobook Go 15 AMD Ryzen 3 Quad Core 7320U - (8 GB/512 GB SSD/Windows 11 Home) E1504FA-NJ130WS | ...,https://www.flipkart.com/asus-vivobook-go-15-amd-ryzen-3-quad-core-7320u-8-gb-512-gb-ssd-windows-11-home-e1504fa-nj130ws-e1504fa-bq2322ws-thin-light-laptop/p/itm9af4f3b5de2ff?pid=COMH94992SQ8HYGZ&lid=LSTCOMH94992SQ8HYGZMHVF97&marketplace=FLIPKART&store=6bo%2Fb5g&srno=b_6_137&otracker=browse&fm=organic&iid=en_o66gWPMAvznwvsoj2Xo9KsM1i5koQfKFUrxUjJvIV3uGImlSUeFR_it7YRdBxGUpeXuwVW62AVi8x5VsiH1JWvUFjCTyOHoHZs-Z5_PS_w0%3D&ppt=None&ppn=None&ssid=silxxzc3f40000001764345663657,30990,4.3,94,https://rukminim2.flixcart.com/image/312/312/xif0q/computer/m/y/o/-original-imahg5fxjta7gns7.jpeg?q=70,"ASUS Vivobook Go 15 AMD Ryzen 3 Quad Core 7320U - (8 GB/512 GB SSD/Windows 11 Home) E1504FA-NJ130WS | .... powered by AMD Ryzen 3. 8GB LPDDR5 RAM. 512.0GB SSD. AMD Radeon Amd graphics. 15.6"" Full HD display. weighs 1.63kg. running Windows 11 Home.",ASUS,Mixed Black,Thin and Light Laptop,AMD,Ryzen 3,8,LPDDR5,AMD,Radeon Amd,TRUE,512,SSD,15.6,Full HD,FALSE,1.63,,Windows 11 Home,TRUE,FALSE,FALSE,TRUE,TRUE
laptop,ASUS Vivobook Go 15 AMD Ryzen 5 Quad Core 7520U - (8 GB/512 GB SSD/Windows 11 Home) E1504FA-NJ132WS | ...,https://www.flipkart.com/asus-vivobook-go-15-amd-ryzen-5-quad-core-7520u-8-gb-512-gb-ssd-windows-11-home-e1504fa-nj132ws-e1504fa-nj521ws-thin-light-laptop/p/itm657eb80ea799a?pid=COMH9499JNGDGTZ5&lid=LSTCOMH9499JNGDGTZ5WJGUDN&marketplace=FLIPKART&store=6bo%2Fb5g&srno=b_6_138&otracker=browse&fm=organic&iid=en_o66gWPMAvznwvsoj2Xo9KsM1i5koQfKFUrxUjJvIV3vKb9_0M9j7Wuh9haaEcFUvxu0SnwRnU0-3x48vd2ae0KV8WX5krIChubBlraAu4CQ%3D&ppt=None&ppn=None&ssid=silxxzc3f40000001764345663657,36990,4.2,49,https://rukminim2.flixcart.com/image/312/312/xif0q/computer/k/b/i/-original-imahg53xeuxqm6bv.jpeg?q=70,"ASUS Vivobook Go 15 AMD Ryzen 5 Quad Core 7520U - (8 GB/512 GB SSD/Windows 11 Home) E1504FA-NJ132WS | .... powered by AMD Ryzen 5. 8GB LPDDR5 RAM. 512.0GB SSD. AMD Radeon Amd graphics. 15.6"" Full HD display. weighs 1.63kg. running Windows 11 Home.",ASUS,Cool Silver,Thin and Light Laptop,AMD,Ryzen 5,8,LPDDR5,AMD,Radeon Amd,TRUE,512,SSD,15.6,Full HD,FALSE,1.63,,Windows 11 Home,TRUE,FALSE,FALSE,TRUE,TRUE
laptop,HP Victus Intel Core i5 14th Gen 14450HX - (24 GB/512 GB SSD/Windows 11 Home/6 GB Graphics/NVIDIA GeFo...,https://www.flipkart.com/hp-victus-intel-core-i5-14th-gen-14450hx-24-gb-512-gb-ssd-windows-11-home-6-graphics-nvidia-geforce-rtx-4050-15-fa2382tx-gaming-laptop/p/itm0c192bc70f78a?pid=COMHDHGHR2PMJYHT&lid=LSTCOMHDHGHR2PMJYHT4NZQNU&marketplace=FLIPKART&store=6bo%2Fb5g&srno=b_6_139&otracker=browse&fm=organic&iid=1b4279f7-8d58-4003-9ac3-042f23de26d6.COMHDHGHR2PMJYHT.SEARCH&ppt=None&ppn=None&ssid=silxxzc3f40000001764345663657,82990,4.3,17,https://rukminim2.flixcart.com/image/312/312/xif0q/computer/z/5/l/-original-imahgfdfnfev2bzr.jpeg?q=70,"HP Victus Intel Core i5 14th Gen 14450HX - (24 GB/512 GB SSD/Windows 11 Home/6 GB Graphics/NVIDIA GeFo.... powered by Intel Core i5. 24GB DDR5 RAM. 512.0GB SSD. NVIDIA RTX 4050 graphics. 15.6"" IPS display. weighs 2.31kg. running Windows 11 Home.",HP,Mica Silver,Gaming Laptop,Intel,Core i5,24,DDR5,NVIDIA,RTX 4050,TRUE,512,SSD,15.6,IPS,FALSE,2.31,4,Windows 11 Home,TRUE,TRUE,TRUE,TRUE,FALSE
laptop,DELL 15 Intel Core i5 13th Gen 1334U - (8 GB/512 GB SSD/Windows 11 Home) 3530 Thin and Light Laptop,https://www.flipkart.com/dell-15-intel-core-i5-13th-gen-1334u-8-gb-512-gb-ssd-windows-11-home-3530-thin-light-laptop/p/itm2878edc74d8e4?pid=COMHYGBZSWASQK9B&lid=LSTCOMHYGBZSWASQK9BE5X4FP&marketplace=FLIPKART&store=6bo%2Fb5g&srno=b_6_140&otracker=browse&fm=organic&iid=1b4279f7-8d58-4003-9ac3-042f23de26d6.COMHYGBZSWASQK9B.SEARCH&ppt=None&ppn=None&ssid=silxxzc3f40000001764345663657,45784,4.2,16,https://rukminim2.flixcart.com/image/312/312/xif0q/computer/a/e/w/-original-imahg5fuexxbwgvv.jpeg?q=70,"DELL 15 Intel Core i5 13th Gen 1334U - (8 GB/512 GB SSD/Windows 11 Home) 3530 Thin and Light Laptop. powered by Intel Core i5. 8GB DDR4 RAM. 512.0GB SSD. 15.6"" Full HD display. weighs 1.62kg. running Windows 11 Home.",DELL,Carbon Black,Thin and Light Laptop,Intel,Core i5,8,DDR4,Intel,Integrated Graphics,FALSE,512,SSD,15.6,Full HD,FALSE,1.62,,Windows 11 Home,FALSE,FALSE,FALSE,TRUE,TRUE
laptop,"ASUS Vivobook S16 OLED (2025) with Backlit Keyboard, Metal Body*, Qualcomm Snapdragon X - (16 GB/512 G...",https://www.flipkart.com/asus-vivobook-s16-oled-2025-backlit-keyboard-metal-body-qualcomm-snapdragon-x-16-gb-512-gb-ssd-windows-11-home-s3607qa-sh078ws-thin-light-laptop/p/itm252509f1beb81?pid=COMHCQ5EYNZ2HRWW&lid=LSTCOMHCQ5EYNZ2HRWWUYQZ3F&marketplace=FLIPKART&store=6bo%2Fb5g&srno=b_6_141&otracker=browse&fm=organic&iid=en_o66gWPMAvznwvsoj2Xo9KsM1i5koQfKFUrxUjJvIV3v9uBx8t-UDS-_f8bffKpdOW8cb0MjlVyzUTxFrorRXaA891ypMzu4_aryI8_sihJ8%3D&ppt=None&ppn=None&ssid=silxxzc3f40000001764345663657,71990,4.4,51,https://rukminim2.flixcart.com/image/312/312/xif0q/computer/g/4/k/-original-imahfn3geekjdudx.jpeg?q=70,"ASUS Vivobook S16 OLED (2025) with Backlit Keyboard, Metal Body*, Qualcomm Snapdragon X - (16 GB/512 G.... powered by Qualcomm Snapdragon X. 16GB LPDDR5X RAM. 512.0GB SSD. 16.0"" Full HD display. weighs 1.74kg. running Windows 11 Home.",ASUS,Pink,Thin and Light Laptop,Qualcomm,Snapdragon X,16,LPDDR5X,Qualcomm,Adreno,FALSE,512,SSD,16,Full HD,FALSE,1.74,,Windows 11 Home,FALSE,FALSE,TRUE,TRUE,TRUE
laptop,"ASUS Vivobook S14 Flip (2025) with Office 2024 + M365 Basic*, Backlit Keyboard, Intel Core i5 13th Gen...",https://www.flipkart.com/asus-vivobook-s14-flip-2025-office-2024-m365-basic-backlit-keyboard-intel-core-i5-13th-gen-13420h-16-gb-512-gb-ssd-windows-11-home-tp3402vao-lz612ws-2-1-laptop/p/itme494b3629a714?pid=COMH9SJ9VAJ7ZD99&lid=LSTCOMH9SJ9VAJ7ZD99ZNVNMB&marketplace=FLIPKART&store=6bo%2Fb5g&srno=b_6_142&otracker=browse&fm=organic&iid=en_o66gWPMAvznwvsoj2Xo9KsM1i5koQfKFUrxUjJvIV3uxru0EpS2hdC8sg8KHpJBsdFkRelIWHe0RXA3B_oL1dBhTy0lUJ14SzoMSv_CzLF0%3D&ppt=None&ppn=None&ssid=silxxzc3f40000001764345663657,63990,4.4,51,https://rukminim2.flixcart.com/image/312/312/xif0q/computer/a/s/e/-original-imahg4ut9hnhkwhg.jpeg?q=70,"ASUS Vivobook S14 Flip (2025) with Office 2024 + M365 Basic*, Backlit Keyboard, Intel Core i5 13th Gen.... powered by Intel Core i5. 16GB DDR4 RAM. 512.0GB SSD. 14.0"" IPS display. weighs 1.65kg. running Windows 11 Home.",ASUS,Transparent Silver,2 in 1 Laptop,Intel,Core i5,16,DDR4,Intel,Integrated Graphics,FALSE,512,SSD,14,IPS,FALSE,1.65,,Windows 11 Home,FALSE,FALSE,TRUE,TRUE,TRUE
laptop,ASUS Vivobook Go 15 AMD Ryzen 3 Quad Core 7320U - (8 GB/512 GB SSD/Windows 11 Home) E1504FA-NJ321WS Th...,https://www.flipkart.com/asus-vivobook-go-15-amd-ryzen-3-quad-core-7320u-8-gb-512-gb-ssd-windows-11-home-e1504fa-nj321ws-thin-light-laptop/p/itmf2da9c7085e1b?pid=COMGNRNUUGYRB96A&lid=LSTCOMGNRNUUGYRB96AXULOGS&marketplace=FLIPKART&store=6bo%2Fb5g&srno=b_6_143&otracker=browse&fm=organic&iid=1b4279f7-8d58-4003-9ac3-042f23de26d6.COMGNRNUUGYRB96A.SEARCH&ppt=None&ppn=None&ssid=silxxzc3f40000001764345663657,30990,4.3,290,https://rukminim2.flixcart.com/image/312/312/xif0q/computer/j/n/w/-original-imahg5fur7csf5kn.jpeg?q=70,"ASUS Vivobook Go 15 AMD Ryzen 3 Quad Core 7320U - (8 GB/512 GB SSD/Windows 11 Home) E1504FA-NJ321WS Th.... powered by AMD Ryzen 3. 8GB LPDDR5 RAM. 512.0GB SSD. AMD Radeon Amd graphics. 15.6"" Full HD display. weighs 1.63kg. running Windows 11 Home.",ASUS,Silver,Thin and Light Laptop,AMD,Ryzen 3,8,LPDDR5,AMD,Radeon Amd,TRUE,512,SSD,15.6,Full HD,FALSE,1.63,,Windows 11 Home,TRUE,FALSE,FALSE,TRUE,TRUE
laptop,Acer Aspire Lite Intel Core i3 13th Gen 1305U - (16 GB/512 GB SSD/Windows 11 Home) AL15-53 Notebook,https://www.flipkart.com/acer-aspire-lite-intel-core-i3-13th-gen-1305u-16-gb-512-gb-ssd-windows-11-home-al15-53-notebook/p/itm1bc0bcb4598e7?pid=COMH5WHPWD7GUWGT&lid=LSTCOMH5WHPWD7GUWGTJJNAXL&marketplace=FLIPKART&store=6bo%2Fb5g&srno=b_6_144&otracker=browse&fm=organic&iid=1b4279f7-8d58-4003-9ac3-042f23de26d6.COMH5WHPWD7GUWGT.SEARCH&ppt=None&ppn=None&ssid=silxxzc3f40000001764345663657,35990,4.2,16,https://rukminim2.flixcart.com/image/312/312/xif0q/computer/i/y/m/-original-imahcqeynxxzdhcy.jpeg?q=70,"Acer Aspire Lite Intel Core i3 13th Gen 1305U - (16 GB/512 GB SSD/Windows 11 Home) AL15-53 Notebook. powered by Intel Core i3. 16GB DDR4 RAM. 512.0GB SSD. 15.6"" HD display. weighs 1.59kg. running Windows 11 Home.",Acer,Steel Grey,Notebook,Intel,Core i3,16,DDR4,Intel,Integrated Graphics,FALSE,512,SSD,15.6,HD,FALSE,1.59,36,Windows 11 Home,FALSE,FALSE,TRUE,TRUE,TRUE
laptop,Samsung Galaxy Book4 Edge Series Copilot AI-PC Full Metal Chasis Qualcomm Snapdragon X - (16 GB/512 GB...,https://www.flipkart.com/samsung-galaxy-book4-edge-series-copilot-ai-pc-full-metal-chasis-qualcomm-snapdragon-x-16-gb-512-gb-ssd-windows-11-home-np750xqb-ka1in-thin-light-laptop/p/itm1d61ec8d90cc7?pid=COMHE4ATFWNVHXHS&lid=LSTCOMHE4ATFWNVHXHSIHS0FO&marketplace=FLIPKART&store=6bo%2Fb5g&srno=b_7_145&otracker=browse&fm=organic&iid=en_J4rLGl6M6h_gtt-T-MRC7rI-ftDmBmIT-Pao297uicuG1HRgtvnU3ArA11ww1XBi_lVT3mDZ57aAKquXI1m8ovUFjCTyOHoHZs-Z5_PS_w0%3D&ppt=None&ppn=None&ssid=y5cklbqquo0000001764345671643,64990,4.4,128,https://rukminim2.flixcart.com/image/312/312/xif0q/computer/a/g/p/-original-imahgwkqughzkwt3.jpeg?q=70,"Samsung Galaxy Book4 Edge Series Copilot AI-PC Full Metal Chasis Qualcomm Snapdragon X - (16 GB/512 GB.... powered by Qualcomm Snapdragon X. 16GB LPDDR5X RAM. 512.0GB SSD. 15.6"" HD display. weighs 1.55kg. running Windows 11 Home.",Samsung,Sapphire Blue,Thin and Light Laptop,Qualcomm,Snapdragon X,16,LPDDR5X,Qualcomm,Adreno,FALSE,512,SSD,15.6,HD,FALSE,1.55,,Windows 11 Home,FALSE,FALSE,TRUE,TRUE,TRUE
laptop,MOTOROLA Motobook 60 Full Metal OLED (i7 14th Gen) Intel Core 7 (Series 2) 240H - (16 GB/512 GB SSD/Wi...,https://www.flipkart.com/motorola-motobook-60-full-metal-oled-i7-14th-gen-intel-core-7-series-2-240h-16-gb-512-gb-ssd-windows-11-home-14irh10r-thin-light-laptop/p/itm96df72a170b7f?pid=COMHAUZWRPCKAGKZ&lid=LSTCOMHAUZWRPCKAGKZVQFR3D&marketplace=FLIPKART&store=6bo%2Fb5g&srno=b_7_146&otracker=browse&fm=organic&iid=7f5d6626-bdf2-4851-ad41-908b319f4301.COMHAUZWRPCKAGKZ.SEARCH&ppt=None&ppn=None&ssid=y5cklbqquo0000001764345671643,55990,4.4,69,https://rukminim2.flixcart.com/image/312/312/xif0q/computer/b/a/v/-original-imahg5fxgntg3thz.jpeg?q=70,"MOTOROLA Motobook 60 Full Metal OLED (i7 14th Gen) Intel Core 7 (Series 2) 240H - (16 GB/512 GB SSD/Wi.... powered by Intel Core 7 (Series 2). 16GB DDR5 RAM. 512.0GB SSD. 14.0"" OLED display. weighs 1.4kg. running Windows 11 Home.",MOTOROLA,PANTONE Bronze Green,Thin and Light Laptop,Intel,Core 7 (Series 2),16,DDR5,Intel,Integrated Graphics,FALSE,512,SSD,14,OLED,FALSE,1.4,,Windows 11 Home,FALSE,FALSE,TRUE,TRUE,TRUE
laptop,"ASUS Vivobook 15 (2025) with Office 2024 + M365 Basic*, Intel Core i3 13th Gen 1315U - (8 GB/512 GB SS...",https://www.flipkart.com/asus-vivobook-15-2025-office-2024-m365-basic-intel-core-i3-13th-gen-1315u-8-gb-512-gb-ssd-windows-11-home-x1504va-nj3700ws-thin-light-laptop/p/itmf31c79724a398?pid=COMHCQ5ECZZV6THK&lid=LSTCOMHCQ5ECZZV6THKTW8YMF&marketplace=FLIPKART&store=6bo%2Fb5g&srno=b_7_147&otracker=browse&fm=organic&iid=en_J4rLGl6M6h_gtt-T-MRC7rI-ftDmBmIT-Pao297uicuCEldFudrT8Ap6g6XU71dUVLCGCpnr56tU-0Batk7usvUFjCTyOHoHZs-Z5_PS_w0%3D&ppt=None&ppn=None&ssid=y5cklbqquo0000001764345671643,34990,4.3,163,https://rukminim2.flixcart.com/image/312/312/xif0q/computer/b/l/v/-original-imahgfdffszmurd7.jpeg?q=70,"ASUS Vivobook 15 (2025) with Office 2024 + M365 Basic*, Intel Core i3 13th Gen 1315U - (8 GB/512 GB SS.... powered by Intel Core i3. 8GB DDR4 RAM. 512.0GB SSD. 15.6"" Full HD display. weighs 1.7kg. running Windows 11 Home.",ASUS,Terra Cotta,Thin and Light Laptop,Intel,Core i3,8,DDR4,Intel,Integrated Graphics,FALSE,512,SSD,15.6,Full HD,FALSE,1.7,,Windows 11 Home,FALSE,FALSE,FALSE,TRUE,TRUE
laptop,Lenovo IdeaPad Slim 3 Next Gen AI PC WUXGA IPS Copilot + PC Qualcomm Snapdragon X - (16 GB/512 GB SSD/...,https://www.flipkart.com/lenovo-ideapad-slim-3-next-gen-ai-pc-wuxga-ips-copilot-qualcomm-snapdragon-x-16-gb-512-gb-ssd-windows-11-home-15q8x10-thin-light-laptop/p/itm097ac7e15511b?pid=COMHDMJYDGBTMJXG&lid=LSTCOMHDMJYDGBTMJXG112MJM&marketplace=FLIPKART&store=6bo%2Fb5g&srno=b_7_148&otracker=browse&fm=organic&iid=en_J4rLGl6M6h_gtt-T-MRC7rI-ftDmBmIT-Pao297uict2pqDKv2FUqpth9yRfNbC5NwAKNkUyoQ8jObELuPEQTPUFjCTyOHoHZs-Z5_PS_w0%3D&ppt=None&ppn=None&ssid=y5cklbqquo0000001764345671643,49990,4.3,27,https://rukminim2.flixcart.com/image/312/312/xif0q/computer/d/z/z/-original-imahgfdfx3hhguyc.jpeg?q=70,"Lenovo IdeaPad Slim 3 Next Gen AI PC WUXGA IPS Copilot + PC Qualcomm Snapdragon X - (16 GB/512 GB SSD/.... powered by Qualcomm Snapdragon X. 16GB LPDDR5X RAM. 512.0GB SSD. 15.3"" IPS display. weighs 1.55kg. running Windows 11 Home.",Lenovo,Luna Grey,Thin and Light Laptop,Qualcomm,Snapdragon X,16,LPDDR5X,Qualcomm,Adreno,FALSE,512,SSD,15.3,IPS,FALSE,1.55,50,Windows 11 Home,FALSE,FALSE,TRUE,TRUE,TRUE
laptop,"ASUS Vivobook 14 (2025) with Office 2024 + M365 Basic*, Backlit Keyboard, Intel Core i3 13th Gen 1315U...",https://www.flipkart.com/asus-vivobook-14-2025-office-2024-m365-basic-backlit-keyboard-intel-core-i3-13th-gen-1315u-8-gb-512-gb-ssd-windows-11-home-x1404va-eb322ws-thin-light-laptop/p/itmf2e5281da2512?pid=COMHEZZT3T9G2DZN&lid=LSTCOMHEZZT3T9G2DZNUH7WDO&marketplace=FLIPKART&store=6bo%2Fb5g&srno=b_7_149&otracker=browse&fm=organic&iid=7f5d6626-bdf2-4851-ad41-908b319f4301.COMHEZZT3T9G2DZN.SEARCH&ppt=None&ppn=None&ssid=y5cklbqquo0000001764345671643,35990,4.3,163,https://rukminim2.flixcart.com/image/312/312/xif0q/computer/a/w/f/-original-imahfcztkqbayhnc.jpeg?q=70,"ASUS Vivobook 14 (2025) with Office 2024 + M365 Basic*, Backlit Keyboard, Intel Core i3 13th Gen 1315U.... powered by Intel Core i3. 8GB DDR4 RAM. 512.0GB SSD. 14.0"" Full HD display. weighs 1.4kg. running Windows 11 Home.",ASUS,Quiet Blue,Thin and Light Laptop,Intel,Core i3,8,DDR4,Intel,Integrated Graphics,FALSE,512,SSD,14,Full HD,FALSE,1.4,,Windows 11 Home,FALSE,FALSE,FALSE,TRUE,TRUE
laptop,ASUS X1504ZA Intel Core i3 12th Gen 12th Gen Intel Core i3-1215U - (8 GB/512 GB SSD/Windows 11 Home) X...,https://www.flipkart.com/asus-x1504za-intel-core-i3-12th-gen-i3-1215u-8-gb-512-gb-ssd-windows-11-home-x1504za-nj322ws-thin-light-laptop/p/itm200184e4e0443?pid=COMGT2RFWFYDGZJQ&lid=LSTCOMGT2RFWFYDGZJQGDOU5C&marketplace=FLIPKART&store=6bo%2Fb5g&srno=b_7_150&otracker=browse&fm=organic&iid=7f5d6626-bdf2-4851-ad41-908b319f4301.COMGT2RFWFYDGZJQ.SEARCH&ppt=None&ppn=None&ssid=y5cklbqquo0000001764345671643,36790,4.3,509,https://rukminim2.flixcart.com/image/312/312/xif0q/computer/y/q/m/-original-imahg5fvnfaguzc6.jpeg?q=70,"ASUS X1504ZA Intel Core i3 12th Gen 12th Gen Intel Core i3-1215U - (8 GB/512 GB SSD/Windows 11 Home) X.... powered by Intel Core i3. 8GB DDR4 RAM. 512.0GB SSD. 15.6"" Full HD display. weighs 1.7kg. running Windows 11 Home.",ASUS,Cool Silver,Thin and Light Laptop,Intel,Core i3,8,DDR4,Intel,Integrated Graphics,FALSE,512,SSD,15.6,Full HD,FALSE,1.7,,Windows 11 Home,FALSE,FALSE,FALSE,TRUE,TRUE
laptop,Acer Aspire 3 Intel Core i3 13th Gen 1305U - (8 GB/512 GB SSD/Windows 11 Home) A324-53 Thin and Light ...,https://www.flipkart.com/acer-aspire-3-intel-core-i3-13th-gen-1305u-8-gb-512-gb-ssd-windows-11-home-a324-53-thin-light-laptop/p/itma6a6812aa712e?pid=COMH4B6CGTPNVJW9&lid=LSTCOMH4B6CGTPNVJW9JOF4ZC&marketplace=FLIPKART&store=6bo%2Fb5g&srno=b_7_151&otracker=browse&fm=organic&iid=en_J4rLGl6M6h_gtt-T-MRC7rI-ftDmBmIT-Pao297uictdL9CItrJj_u5eWB61p-cEp5iBsv_cHJc2xbWysDCSOfUFjCTyOHoHZs-Z5_PS_w0%3D&ppt=None&ppn=None&ssid=y5cklbqquo0000001764345671643,30990,4.3,233,https://rukminim2.flixcart.com/image/312/312/xif0q/computer/r/p/w/-original-imahg5fxzmyzbkv8.jpeg?q=70,"Acer Aspire 3 Intel Core i3 13th Gen 1305U - (8 GB/512 GB SSD/Windows 11 Home) A324-53 Thin and Light .... powered by Intel Core i3. 8GB DDR4 RAM. 512.0GB SSD. 14.0"" HD display. weighs 1.45kg. running Windows 11 Home.",Acer,Steel Gray,Thin and Light Laptop,Intel,Core i3,8,DDR4,Intel,Integrated Graphics,FALSE,512,SSD,14,HD,FALSE,1.45,,Windows 11 Home,FALSE,FALSE,FALSE,TRUE,TRUE
laptop,"ASUS Vivobook 15 (2025) (i5 14th Gen) with MSO 2024 + M365 Basic*, Backlit Keyboard, Intel Core 5 120U...",https://www.flipkart.com/asus-vivobook-15-2025-i5-14th-gen-mso-2024-m365-basic-backlit-keyboard-intel-core-5-120u-16-gb-512-gb-ssd-windows-11-home-x1504vap-nj2862ws-thin-light-laptop/p/itm509f174cc1a04?pid=COMHDG7CFDWVKYMZ&lid=LSTCOMHDG7CFDWVKYMZSDYMWT&marketplace=FLIPKART&store=6bo%2Fb5g&srno=b_7_152&otracker=browse&fm=organic&iid=en_J4rLGl6M6h_gtt-T-MRC7rI-ftDmBmIT-Pao297uicsXYTEU8Yl-qewk400XzX5NvIyKrJOOyrWKvQt3koA-iPUFjCTyOHoHZs-Z5_PS_w0%3D&ppt=None&ppn=None&ssid=y5cklbqquo0000001764345671643,49990,4.3,79,https://rukminim2.flixcart.com/image/312/312/xif0q/computer/k/u/e/-original-imahcd8gzqjnp2vv.jpeg?q=70,"ASUS Vivobook 15 (2025) (i5 14th Gen) with MSO 2024 + M365 Basic*, Backlit Keyboard, Intel Core 5 120U.... powered by Intel Core 5. 16GB DDR4 RAM. 512.0GB SSD. 15.6"" Full HD display. weighs 1.7kg. running Windows 11 Home.",ASUS,Cool Silver,Thin and Light Laptop,Intel,Core 5,16,DDR4,Intel,Integrated Graphics,FALSE,512,SSD,15.6,Full HD,FALSE,1.7,,Windows 11 Home,FALSE,FALSE,TRUE,TRUE,TRUE
laptop,Acer Aspire Lite Intel Core i3 12th Gen 1215U - (16 GB/1 TB SSD/Windows 11 Home) AL15-52 Thin and Ligh...,https://www.flipkart.com/acer-aspire-lite-intel-core-i3-12th-gen-1215u-16-gb-1-tb-ssd-windows-11-home-al15-52-thin-light-laptop/p/itm1bc0bcb4598e7?pid=COMGWKF2XK3S2P46&lid=LSTCOMGWKF2XK3S2P46XYSLAQ&marketplace=FLIPKART&store=6bo%2Fb5g&srno=b_7_153&otracker=browse&fm=organic&iid=7f5d6626-bdf2-4851-ad41-908b319f4301.COMGWKF2XK3S2P46.SEARCH&ppt=None&ppn=None&ssid=y5cklbqquo0000001764345671643,37990,4.1,76,https://rukminim2.flixcart.com/image/312/312/xif0q/computer/u/p/m/-original-imah2pf2u98xefzx.jpeg?q=70,"Acer Aspire Lite Intel Core i3 12th Gen 1215U - (16 GB/1 TB SSD/Windows 11 Home) AL15-52 Thin and Ligh.... powered by Intel Core i3. 16GB DDR4 RAM. 1024.0GB SSD. 15.6"" HD display. weighs 1.59kg. running Windows 11 Home.",Acer,Steel Grey,Thin and Light Laptop,Intel,Core i3,16,DDR4,Intel,Integrated Graphics,FALSE,1024,SSD,15.6,HD,FALSE,1.59,,Windows 11 Home,FALSE,FALSE,TRUE,TRUE,TRUE
laptop,"ASUS Vivobook 14 (2025) with Office 2024 + M365 Basic*, Intel Core i3 13th Gen 1315U - (8 GB/512 GB SS...",https://www.flipkart.com/asus-vivobook-14-2025-office-2024-m365-basic-intel-core-i3-13th-gen-1315u-8-gb-512-gb-ssd-windows-11-home-x1404va-eb323ws-thin-light-laptop/p/itm4ec733dfcd801?pid=COMHEZZTYEAC6VEM&lid=LSTCOMHEZZTYEAC6VEMD00KXC&marketplace=FLIPKART&store=6bo%2Fb5g&srno=b_7_154&otracker=browse&fm=organic&iid=7f5d6626-bdf2-4851-ad41-908b319f4301.COMHEZZTYEAC6VEM.SEARCH&ppt=None&ppn=None&ssid=y5cklbqquo0000001764345671643,35990,4.3,163,https://rukminim2.flixcart.com/image/312/312/xif0q/computer/2/m/o/-original-imahfmzz5qkfce6d.jpeg?q=70,"ASUS Vivobook 14 (2025) with Office 2024 + M365 Basic*, Intel Core i3 13th Gen 1315U - (8 GB/512 GB SS.... powered by Intel Core i3. 8GB DDR4 RAM. 512.0GB SSD. 14.0"" Full HD display. weighs 1.4kg. running Windows 11 Home.",ASUS,Terra Cotta,Thin and Light Laptop,Intel,Core i3,8,DDR4,Intel,Integrated Graphics,FALSE,512,SSD,14,Full HD,FALSE,1.4,,Windows 11 Home,FALSE,FALSE,FALSE,TRUE,TRUE
laptop,DELL 15 Intel Core i3 13th Gen 1305U - (16 GB/512 GB SSD/Windows 11 Home) OVN353025001RING1O Thin and ...,https://www.flipkart.com/dell-15-intel-core-i3-13th-gen-1305u-16-gb-512-gb-ssd-windows-11-home-ovn353025001ring1o-thin-light-laptop/p/itmb007cf7efac41?pid=COMHD99W94EPN2H2&lid=LSTCOMHD99W94EPN2H28GBQQL&marketplace=FLIPKART&store=6bo%2Fb5g&srno=b_7_155&otracker=browse&fm=organic&iid=en_J4rLGl6M6h_gtt-T-MRC7rI-ftDmBmIT-Pao297uicsbnMSmswugIEL8gB9-tZPyEkLod264BTOTANLjYPSTffUFjCTyOHoHZs-Z5_PS_w0%3D&ppt=None&ppn=None&ssid=y5cklbqquo0000001764345671643,38990,4.2,31,https://rukminim2.flixcart.com/image/312/312/xif0q/computer/f/i/b/-original-imahgx8ws7ypyhmd.jpeg?q=70,"DELL 15 Intel Core i3 13th Gen 1305U - (16 GB/512 GB SSD/Windows 11 Home) OVN353025001RING1O Thin and .... powered by Intel Core i3. 16GB DDR4 RAM. 512.0GB SSD. 15.6"" HD display. weighs 1.66kg. running Windows 11 Home.",DELL,Titan Grey,Thin and Light Laptop,Intel,Core i3,16,DDR4,Intel,Integrated Graphics,FALSE,512,SSD,15.6,HD,FALSE,1.66,,Windows 11 Home,FALSE,FALSE,TRUE,TRUE,TRUE
laptop,"ASUS Vivobook S16 OLED (2025) with Backlit Keyboard, Metal Body*, Qualcomm Snapdragon X - (16 GB/512 G...",https://www.flipkart.com/asus-vivobook-s16-oled-2025-backlit-keyboard-metal-body-qualcomm-snapdragon-x-16-gb-512-gb-ssd-windows-11-home-s3607qa-sh079ws-thin-light-laptop/p/itma802a754ee9ca?pid=COMHCQ5EYFADM4PZ&lid=LSTCOMHCQ5EYFADM4PZEX9VZJ&marketplace=FLIPKART&store=6bo%2Fb5g&srno=b_7_156&otracker=browse&fm=organic&iid=7f5d6626-bdf2-4851-ad41-908b319f4301.COMHCQ5EYFADM4PZ.SEARCH&ppt=None&ppn=None&ssid=y5cklbqquo0000001764345671643,71990,4.4,51,https://rukminim2.flixcart.com/image/312/312/xif0q/computer/w/a/q/-original-imahfn3gvhymmzsa.jpeg?q=70,"ASUS Vivobook S16 OLED (2025) with Backlit Keyboard, Metal Body*, Qualcomm Snapdragon X - (16 GB/512 G.... powered by Qualcomm Snapdragon X. 16GB LPDDR5X RAM. 512.0GB SSD. 16.0"" Full HD display. weighs 1.74kg. running Windows 11 Home.",ASUS,Green,Thin and Light Laptop,Qualcomm,Snapdragon X,16,LPDDR5X,Qualcomm,Adreno,FALSE,512,SSD,16,Full HD,FALSE,1.74,,Windows 11 Home,FALSE,FALSE,TRUE,TRUE,TRUE
laptop,Lenovo IdeaPad Slim 5 Co-Pilot Next Gen AI PC Full Metal Snapdragon X Plus - (16 GB/1 TB SSD/Windows 1...,https://www.flipkart.com/lenovo-ideapad-slim-5-co-pilot-next-gen-ai-pc-full-metal-snapdragon-x-plus-16-gb-1-tb-ssd-windows-11-home-14q8x9-thin-light-laptop/p/itm8a59041fc8c0f?pid=COMH4N9CZ7JKPQQC&lid=LSTCOMH4N9CZ7JKPQQCOFLXDU&marketplace=FLIPKART&store=6bo%2Fb5g&srno=b_7_157&otracker=browse&fm=organic&iid=en_J4rLGl6M6h_gtt-T-MRC7rI-ftDmBmIT-Pao297uicvrFyEF7NgGrvf77FP47LajWjuanWzn_fwNsSOeIbWWJvUFjCTyOHoHZs-Z5_PS_w0%3D&ppt=None&ppn=None&ssid=y5cklbqquo0000001764345671643,57990,4.1,68,https://rukminim2.flixcart.com/image/312/312/xif0q/computer/6/l/r/-original-imahg5fxwyqndjhu.jpeg?q=70,"Lenovo IdeaPad Slim 5 Co-Pilot Next Gen AI PC Full Metal Snapdragon X Plus - (16 GB/1 TB SSD/Windows 1.... powered by Snapdragon X Plus. 16GB LPDDR5X RAM. 1024.0GB SSD. 14.0"" IPS display. weighs 1.48kg. running Windows 11 Home.",Lenovo,Cloud Grey,Thin and Light Laptop,Snapdragon,X Plus,16,LPDDR5X,Qualcomm,Adreno,FALSE,1024,SSD,14,IPS,FALSE,1.48,,Windows 11 Home,FALSE,FALSE,TRUE,TRUE,TRUE
laptop,ASUS Vivobook Go 15 AMD Ryzen 3 Quad Core 7320U - (8 GB/512 GB SSD/Windows 11 Home) E1504FA-NJ130WS | ...,https://www.flipkart.com/asus-vivobook-go-15-amd-ryzen-3-quad-core-7320u-8-gb-512-gb-ssd-windows-11-home-e1504fa-nj130ws-e1504fa-bq2322ws-thin-light-laptop/p/itm9af4f3b5de2ff?pid=COMH94992SQ8HYGZ&lid=LSTCOMH94992SQ8HYGZMHVF97&marketplace=FLIPKART&store=6bo%2Fb5g&srno=b_7_158&otracker=browse&fm=organic&iid=en_J4rLGl6M6h_gtt-T-MRC7rI-ftDmBmIT-Pao297uics8WkFYl8e7kKyQXqv5zd8QELXLmukSLH7KQ9_ORAK8qfUFjCTyOHoHZs-Z5_PS_w0%3D&ppt=None&ppn=None&ssid=y5cklbqquo0000001764345671643,30990,4.3,94,https://rukminim2.flixcart.com/image/312/312/xif0q/computer/m/y/o/-original-imahg5fxjta7gns7.jpeg?q=70,"ASUS Vivobook Go 15 AMD Ryzen 3 Quad Core 7320U - (8 GB/512 GB SSD/Windows 11 Home) E1504FA-NJ130WS | .... powered by AMD Ryzen 3. 8GB LPDDR5 RAM. 512.0GB SSD. AMD Radeon Amd graphics. 15.6"" Full HD display. weighs 1.63kg. running Windows 11 Home.",ASUS,Mixed Black,Thin and Light Laptop,AMD,Ryzen 3,8,LPDDR5,AMD,Radeon Amd,TRUE,512,SSD,15.6,Full HD,FALSE,1.63,,Windows 11 Home,TRUE,FALSE,FALSE,TRUE,TRUE
laptop,HP AMD Ryzen 5 Hexa Core 5500U - (8 GB/512 GB SSD/Windows 11 Home) 15s- eq2144au Thin and Light Laptop,https://www.flipkart.com/hp-amd-ryzen-5-hexa-core-5500u-8-gb-512-gb-ssd-windows-11-home-15s-eq2144au-thin-light-laptop/p/itmd57b41ed8750a?pid=COMGBH9JDPVGD8BH&lid=LSTCOMGBH9JDPVGD8BHIZPQIL&marketplace=FLIPKART&store=6bo%2Fb5g&srno=b_7_159&otracker=browse&fm=organic&iid=7f5d6626-bdf2-4851-ad41-908b319f4301.COMGBH9JDPVGD8BH.SEARCH&ppt=None&ppn=None&ssid=y5cklbqquo0000001764345671643,46999,4.2,345,https://rukminim2.flixcart.com/image/312/312/xif0q/computer/9/k/j/-original-imahg5fxdsurqysm.jpeg?q=70,"HP AMD Ryzen 5 Hexa Core 5500U - (8 GB/512 GB SSD/Windows 11 Home) 15s- eq2144au Thin and Light Laptop. powered by AMD Ryzen 5. 8GB DDR4 RAM. 512.0GB SSD. AMD Radeon Amd graphics. 15.6"" HD display. weighs 1.69kg. running Windows 11 Home.",HP,Natural Silver,Thin and Light Laptop,AMD,Ryzen 5,8,DDR4,AMD,Radeon Amd,TRUE,512,SSD,15.6,HD,FALSE,1.69,,Windows 11 Home,TRUE,FALSE,FALSE,TRUE,TRUE
laptop,ASUS Vivobook GO 14 AMD Ryzen 3 Quad Core 7320U - (8 GB/512 GB SSD/Windows 11 Home) E1404FA-NK323WS | ...,https://www.flipkart.com/asus-vivobook-go-14-amd-ryzen-3-quad-core-7320u-8-gb-512-gb-ssd-windows-11-home-e1404fa-nk323ws-e1404fa-eb2323ws-thin-light-laptop/p/itmfa86ba94599db?pid=COMGNWZQZNRRTUKD&lid=LSTCOMGNWZQZNRRTUKDFOKSNU&marketplace=FLIPKART&store=6bo%2Fb5g&srno=b_7_160&otracker=browse&fm=organic&iid=7f5d6626-bdf2-4851-ad41-908b319f4301.COMGNWZQZNRRTUKD.SEARCH&ppt=None&ppn=None&ssid=y5cklbqquo0000001764345671643,31990,4,2,https://rukminim2.flixcart.com/image/312/312/xif0q/computer/s/1/a/-original-imah3samb4jbzg67.jpeg?q=70,"ASUS Vivobook GO 14 AMD Ryzen 3 Quad Core 7320U - (8 GB/512 GB SSD/Windows 11 Home) E1404FA-NK323WS | .... powered by AMD Ryzen 3. 8GB LPDDR5 RAM. 512.0GB SSD. AMD Radeon Radeon graphics. 14.1"" Full HD display. weighs 1.38kg. running Windows 11 Home.",ASUS,Green Grey,Thin and Light Laptop,AMD,Ryzen 3,8,LPDDR5,AMD,Radeon Radeon,TRUE,512,SSD,14.1,Full HD,FALSE,1.38,,Windows 11 Home,TRUE,FALSE,FALSE,TRUE,TRUE
laptop,ASUS Vivobook Go 15 AMD Ryzen 5 Quad Core 7520U - (8 GB/512 GB SSD/Windows 11 Home) E1504FA-NJ132WS | ...,https://www.flipkart.com/asus-vivobook-go-15-amd-ryzen-5-quad-core-7520u-8-gb-512-gb-ssd-windows-11-home-e1504fa-nj132ws-e1504fa-nj521ws-thin-light-laptop/p/itm657eb80ea799a?pid=COMH9499JNGDGTZ5&lid=LSTCOMH9499JNGDGTZ5WJGUDN&marketplace=FLIPKART&store=6bo%2Fb5g&srno=b_7_161&otracker=browse&fm=organic&iid=en_J4rLGl6M6h_gtt-T-MRC7rI-ftDmBmIT-Pao297uicsmTt81WdgAfXNhmVS004JrUWkoD2J2j_YaEn3NUrRsVPUFjCTyOHoHZs-Z5_PS_w0%3D&ppt=None&ppn=None&ssid=y5cklbqquo0000001764345671643,36990,4.2,49,https://rukminim2.flixcart.com/image/312/312/xif0q/computer/k/b/i/-original-imahg53xeuxqm6bv.jpeg?q=70,"ASUS Vivobook Go 15 AMD Ryzen 5 Quad Core 7520U - (8 GB/512 GB SSD/Windows 11 Home) E1504FA-NJ132WS | .... powered by AMD Ryzen 5. 8GB LPDDR5 RAM. 512.0GB SSD. AMD Radeon Amd graphics. 15.6"" Full HD display. weighs 1.63kg. running Windows 11 Home.",ASUS,Cool Silver,Thin and Light Laptop,AMD,Ryzen 5,8,LPDDR5,AMD,Radeon Amd,TRUE,512,SSD,15.6,Full HD,FALSE,1.63,,Windows 11 Home,TRUE,FALSE,FALSE,TRUE,TRUE
laptop,"ASUS Vivobook S16 OLED (2025) with Backlit Keyboard, Metal Body*, Qualcomm Snapdragon X - (16 GB/512 G...",https://www.flipkart.com/asus-vivobook-s16-oled-2025-backlit-keyboard-metal-body-qualcomm-snapdragon-x-16-gb-512-gb-ssd-windows-11-home-s3607qa-sh078ws-thin-light-laptop/p/itm252509f1beb81?pid=COMHCQ5EYNZ2HRWW&lid=LSTCOMHCQ5EYNZ2HRWWUYQZ3F&marketplace=FLIPKART&store=6bo%2Fb5g&srno=b_7_162&otracker=browse&fm=organic&iid=en_J4rLGl6M6h_gtt-T-MRC7rI-ftDmBmIT-Pao297uicsEEnEupiZLZgW02vbH03hWZSN1_zpYqKFXeDoWNjYzBaV8WX5krIChubBlraAu4CQ%3D&ppt=None&ppn=None&ssid=y5cklbqquo0000001764345671643,71990,4.4,51,https://rukminim2.flixcart.com/image/312/312/xif0q/computer/g/4/k/-original-imahfn3geekjdudx.jpeg?q=70,"ASUS Vivobook S16 OLED (2025) with Backlit Keyboard, Metal Body*, Qualcomm Snapdragon X - (16 GB/512 G.... powered by Qualcomm Snapdragon X. 16GB LPDDR5X RAM. 512.0GB SSD. 16.0"" Full HD display. weighs 1.74kg. running Windows 11 Home.",ASUS,Pink,Thin and Light Laptop,Qualcomm,Snapdragon X,16,LPDDR5X,Qualcomm,Adreno,FALSE,512,SSD,16,Full HD,FALSE,1.74,,Windows 11 Home,FALSE,FALSE,TRUE,TRUE,TRUE
laptop,MOTOROLA Motobook 60 Full Metal OLED (i7 14th Gen) Intel Core 7 (Series 2) 240H - (16 GB/512 GB SSD/Wi...,https://www.flipkart.com/motorola-motobook-60-full-metal-oled-i7-14th-gen-intel-core-7-series-2-240h-16-gb-512-gb-ssd-windows-11-home-14irh10r-thin-light-laptop/p/itmf0b4d7c55543d?pid=COMHAUZWUZNATFET&lid=LSTCOMHAUZWUZNATFETMS2VMV&marketplace=FLIPKART&store=6bo%2Fb5g&srno=b_7_163&otracker=browse&fm=organic&iid=7f5d6626-bdf2-4851-ad41-908b319f4301.COMHAUZWUZNATFET.SEARCH&ppt=None&ppn=None&ssid=y5cklbqquo0000001764345671643,55990,4.4,69,https://rukminim2.flixcart.com/image/312/312/xif0q/computer/c/n/p/-original-imahg5fvzkgrh5ky.jpeg?q=70,"MOTOROLA Motobook 60 Full Metal OLED (i7 14th Gen) Intel Core 7 (Series 2) 240H - (16 GB/512 GB SSD/Wi.... powered by Intel Core 7 (Series 2). 16GB DDR5 RAM. 512.0GB SSD. 14.0"" OLED display. weighs 1.4kg. running Windows 11 Home.",MOTOROLA,PANTONE Wedgewood,Thin and Light Laptop,Intel,Core 7 (Series 2),16,DDR5,Intel,Integrated Graphics,FALSE,512,SSD,14,OLED,FALSE,1.4,,Windows 11 Home,FALSE,FALSE,TRUE,TRUE,TRUE
laptop,"ASUS Vivobook 15, with Backlit Keyboard, Intel Core i3 12th Gen 1215U - (8 GB/512 GB SSD/Windows 11 Ho...",https://www.flipkart.com/asus-vivobook-15-backlit-keyboard-intel-core-i3-12th-gen-1215u-8-gb-512-gb-ssd-windows-11-home-x1504za-nj322ws-thin-light-laptop/p/itm200184e4e0443?pid=COMH4Y6KT9ZMYXA6&lid=LSTCOMH4Y6KT9ZMYXA6OVXK6A&marketplace=FLIPKART&store=6bo%2Fb5g&srno=b_7_164&otracker=browse&fm=organic&iid=7f5d6626-bdf2-4851-ad41-908b319f4301.COMH4Y6KT9ZMYXA6.SEARCH&ppt=None&ppn=None&ssid=y5cklbqquo0000001764345671643,36790,4.3,606,https://rukminim2.flixcart.com/image/312/312/xif0q/computer/8/o/q/-original-imahg5ftx5zgpdhc.jpeg?q=70,"ASUS Vivobook 15, with Backlit Keyboard, Intel Core i3 12th Gen 1215U - (8 GB/512 GB SSD/Windows 11 Ho.... powered by Intel Core i3. 8GB DDR4 RAM. 512.0GB SSD. 15.6"" HD display. weighs 1.7kg. running Windows 11 Home.",ASUS,Cool Silver,Thin and Light Laptop,Intel,Core i3,8,DDR4,Intel,Integrated Graphics,FALSE,512,SSD,15.6,HD,FALSE,1.7,,Windows 11 Home,FALSE,FALSE,FALSE,TRUE,TRUE
laptop,"ASUS Vivobook S14 Flip (2025) with Office 2024 + M365 Basic*, Backlit Keyboard, Intel Core i5 13th Gen...",https://www.flipkart.com/asus-vivobook-s14-flip-2025-office-2024-m365-basic-backlit-keyboard-intel-core-i5-13th-gen-13420h-16-gb-512-gb-ssd-windows-11-home-tp3402vao-lz612ws-2-1-laptop/p/itme494b3629a714?pid=COMH9SJ9VAJ7ZD99&lid=LSTCOMH9SJ9VAJ7ZD99ZNVNMB&marketplace=FLIPKART&store=6bo%2Fb5g&srno=b_7_165&otracker=browse&fm=organic&iid=en_J4rLGl6M6h_gtt-T-MRC7rI-ftDmBmIT-Pao297uicumVbFfRp2lv3E4qEsureFF3JJreNqE10axEDA06lGYnA891ypMzu4_aryI8_sihJ8%3D&ppt=None&ppn=None&ssid=y5cklbqquo0000001764345671643,63990,4.4,51,https://rukminim2.flixcart.com/image/312/312/xif0q/computer/a/s/e/-original-imahg4ut9hnhkwhg.jpeg?q=70,"ASUS Vivobook S14 Flip (2025) with Office 2024 + M365 Basic*, Backlit Keyboard, Intel Core i5 13th Gen.... powered by Intel Core i5. 16GB DDR4 RAM. 512.0GB SSD. 14.0"" IPS display. weighs 1.65kg. running Windows 11 Home.",ASUS,Transparent Silver,2 in 1 Laptop,Intel,Core i5,16,DDR4,Intel,Integrated Graphics,FALSE,512,SSD,14,IPS,FALSE,1.65,,Windows 11 Home,FALSE,FALSE,TRUE,TRUE,TRUE
laptop,ASUS Expertbook P1 Intel Core i3 13th Gen 1315U - (8 GB/512 GB SSD/Windows 11 Home) P1403CVA-S60343WS ...,https://www.flipkart.com/asus-expertbook-p1-intel-core-i3-13th-gen-1315u-8-gb-512-gb-ssd-windows-11-home-p1403cva-s60343ws-thin-light-laptop/p/itm275e21a6deac0?pid=COMH8Z2QRWQQZTCJ&lid=LSTCOMH8Z2QRWQQZTCJ7QVQUG&marketplace=FLIPKART&store=6bo%2Fb5g&srno=b_7_166&otracker=browse&fm=organic&iid=7f5d6626-bdf2-4851-ad41-908b319f4301.COMH8Z2QRWQQZTCJ.SEARCH&ppt=None&ppn=None&ssid=y5cklbqquo0000001764345671643,35990,4.3,309,https://rukminim2.flixcart.com/image/312/312/xif0q/computer/p/i/a/-original-imahg53uwgmhzfcd.jpeg?q=70,"ASUS Expertbook P1 Intel Core i3 13th Gen 1315U - (8 GB/512 GB SSD/Windows 11 Home) P1403CVA-S60343WS .... powered by Intel Core i3. 8GB DDR5 RAM. 512.0GB SSD. 14.0"" Full HD display. weighs 1.4kg. running Windows 11 Home.",ASUS,Misty Grey,Thin and Light Laptop,Intel,Core i3,8,DDR5,Intel,Integrated Graphics,FALSE,512,SSD,14,Full HD,FALSE,1.4,50,Windows 11 Home,FALSE,FALSE,FALSE,TRUE,TRUE
laptop,HP 15 Intel Core i5 13th Gen 1334U - (16 GB/512 GB SSD/Windows 11 Home) 15-fd0576TU / 15-fd0467TU Thin...,https://www.flipkart.com/hp-15-intel-core-i5-13th-gen-1334u-16-gb-512-gb-ssd-windows-11-home-15-fd0576tu-15-fd0467tu-thin-light-laptop/p/itm3d552029526ba?pid=COMH8QXWHJRQKR6P&lid=LSTCOMH8QXWHJRQKR6PW3FWJH&marketplace=FLIPKART&store=6bo%2Fb5g&srno=b_7_167&otracker=browse&fm=organic&iid=en_J4rLGl6M6h_gtt-T-MRC7rI-ftDmBmIT-Pao297uicvc37d2SC7zQZ0Wd9jtlaQdR57Z4l_HLHKKHpq25cShABhTy0lUJ14SzoMSv_CzLF0%3D&ppt=None&ppn=None&ssid=y5cklbqquo0000001764345671643,54990,4.2,45,https://rukminim2.flixcart.com/image/312/312/xif0q/computer/t/v/8/-original-imahg5fxfpvjasap.jpeg?q=70,"HP 15 Intel Core i5 13th Gen 1334U - (16 GB/512 GB SSD/Windows 11 Home) 15-fd0576TU / 15-fd0467TU Thin.... powered by Intel Core i5. 16GB DDR4 RAM. 512.0GB SSD. 15.6"" Full HD display. weighs 1.59kg. running Windows 11 Home.",HP,Silver,Thin and Light Laptop,Intel,Core i5,16,DDR4,Intel,Iris Xe,FALSE,512,SSD,15.6,Full HD,FALSE,1.59,,Windows 11 Home,FALSE,FALSE,TRUE,TRUE,TRUE
laptop,"ASUS Vivobook 15, with Backlit Keyboard, Intel Core i7 13th Gen 13620H - (16 GB/512 GB SSD/Windows 11 ...",https://www.flipkart.com/asus-vivobook-15-backlit-keyboard-intel-core-i7-13th-gen-13620h-16-gb-512-gb-ssd-windows-11-home-x1502va-bq838ws-thin-light-laptop/p/itm576883d3f6eb6?pid=COMH96FBAGNN8GPZ&lid=LSTCOMH96FBAGNN8GPZ9CQPDS&marketplace=FLIPKART&store=6bo%2Fb5g&srno=b_7_168&otracker=browse&fm=organic&iid=en_J4rLGl6M6h_gtt-T-MRC7rI-ftDmBmIT-Pao297uics3R0oL9I2UqO7oIYelMuGycSMfDT1vveDCD69fT2koIn3Gaq_wzx4HJysDmGalzMk%3D&ppt=None&ppn=None&ssid=y5cklbqquo0000001764345671643,62990,4.3,32,https://rukminim2.flixcart.com/image/312/312/xif0q/computer/6/j/a/-original-imahg5fxdmyqpfpt.jpeg?q=70,"ASUS Vivobook 15, with Backlit Keyboard, Intel Core i7 13th Gen 13620H - (16 GB/512 GB SSD/Windows 11 .... powered by Intel Core i7. 16GB DDR4 RAM. 512.0GB SSD. 15.6"" Full HD display. weighs 1.7kg. running Windows 11 Home.",ASUS,Quiet Blue,Thin and Light Laptop,Intel,Core i7,16,DDR4,Intel,Integrated Graphics,FALSE,512,SSD,15.6,Full HD,FALSE,1.7,,Windows 11 Home,FALSE,FALSE,TRUE,TRUE,TRUE
laptop,MSI Intel Core i5 12th Gen 1235U - (16 GB/512 GB SSD/Windows 11 Home) Modern 14 C12MO-1299IN Thin and ...,https://www.flipkart.com/msi-intel-core-i5-12th-gen-1235u-16-gb-512-gb-ssd-windows-11-home-modern-14-c12mo-1299in-thin-light-laptop/p/itm8820edd8b6c55?pid=COMH3YTFHZ3D6Y9S&lid=LSTCOMH3YTFHZ3D6Y9SGFST5O&marketplace=FLIPKART&store=6bo%2Fb5g&srno=b_8_169&otracker=browse&fm=organic&iid=f630cc92-f1fb-498e-8fd8-367adfc5e026.COMH3YTFHZ3D6Y9S.SEARCH&ppt=None&ppn=None&ssid=ejsu81bmio0000001764345679524,43990,4.3,157,https://rukminim2.flixcart.com/image/312/312/xif0q/computer/n/c/i/-original-imahg5fx2rn7pchf.jpeg?q=70,"MSI Intel Core i5 12th Gen 1235U - (16 GB/512 GB SSD/Windows 11 Home) Modern 14 C12MO-1299IN Thin and .... powered by Intel Core i5. 16GB DDR4 RAM. 512.0GB SSD. 14.0"" IPS display. weighs 1.4kg. running Windows 11 Home.",MSI,Silver,Thin and Light Laptop,Intel,Core i5,16,DDR4,Intel,Iris Xe,FALSE,512,SSD,14,IPS,FALSE,1.4,,Windows 11 Home,FALSE,FALSE,TRUE,TRUE,TRUE
laptop,Acer Aspire 7 Intel Core i5 13th Gen 13420H - (16 GB/512 GB SSD/Windows 11 Home/6 GB Graphics/NVIDIA G...,https://www.flipkart.com/acer-aspire-7-intel-core-i5-13th-gen-13420h-16-gb-512-gb-ssd-windows-11-home-6-graphics-nvidia-geforce-rtx-3050-a715-79g-gaming-laptop/p/itm8208102c97f99?pid=COMH3G96MYGWSGTF&lid=LSTCOMH3G96MYGWSGTFGZ7TLO&marketplace=FLIPKART&store=6bo%2Fb5g&srno=b_8_170&otracker=browse&fm=organic&iid=f630cc92-f1fb-498e-8fd8-367adfc5e026.COMH3G96MYGWSGTF.SEARCH&ppt=None&ppn=None&ssid=ejsu81bmio0000001764345679524,62990,4.3,222,https://rukminim2.flixcart.com/image/312/312/xif0q/computer/h/2/j/-original-imahg5fuyyb56yhw.jpeg?q=70,"Acer Aspire 7 Intel Core i5 13th Gen 13420H - (16 GB/512 GB SSD/Windows 11 Home/6 GB Graphics/NVIDIA G.... powered by Intel Core i5. 16GB DDR4 RAM. 512.0GB SSD. NVIDIA RTX 3050 graphics. 15.6"" HD display. weighs 1.99kg. running Windows 11 Home.",Acer,Black,Gaming Laptop,Intel,Core i5,16,DDR4,NVIDIA,RTX 3050,TRUE,512,SSD,15.6,HD,FALSE,1.99,,Windows 11 Home,TRUE,TRUE,TRUE,TRUE,TRUE
laptop,Samsung Galaxy Book4 Edge Series Copilot AI-PC Full Metal Chasis Qualcomm Snapdragon X - (16 GB/512 GB...,https://www.flipkart.com/samsung-galaxy-book4-edge-series-copilot-ai-pc-full-metal-chasis-qualcomm-snapdragon-x-16-gb-512-gb-ssd-windows-11-home-np750xqb-ka1in-thin-light-laptop/p/itm1d61ec8d90cc7?pid=COMHE4ATFWNVHXHS&lid=LSTCOMHE4ATFWNVHXHSIHS0FO&marketplace=FLIPKART&store=6bo%2Fb5g&srno=b_8_171&otracker=browse&fm=organic&iid=en_ZqGnQiFzayaOPB23d03pXMZY3nusqXCntiNSA3zo9m3rCUmZJLY6ojY5iAHfrxfI_lVT3mDZ57aAKquXI1m8ovUFjCTyOHoHZs-Z5_PS_w0%3D&ppt=None&ppn=None&ssid=ejsu81bmio0000001764345679524,64990,4.4,128,https://rukminim2.flixcart.com/image/312/312/xif0q/computer/a/g/p/-original-imahgwkqughzkwt3.jpeg?q=70,"Samsung Galaxy Book4 Edge Series Copilot AI-PC Full Metal Chasis Qualcomm Snapdragon X - (16 GB/512 GB.... powered by Qualcomm Snapdragon X. 16GB LPDDR5X RAM. 512.0GB SSD. 15.6"" HD display. weighs 1.55kg. running Windows 11 Home.",Samsung,Sapphire Blue,Thin and Light Laptop,Qualcomm,Snapdragon X,16,LPDDR5X,Qualcomm,Adreno,FALSE,512,SSD,15.6,HD,FALSE,1.55,,Windows 11 Home,FALSE,FALSE,TRUE,TRUE,TRUE
laptop,"ASUS Vivobook 15 (2025) with Office 2024 + M365 Basic*, Intel Core i3 13th Gen 1315U - (8 GB/512 GB SS...",https://www.flipkart.com/asus-vivobook-15-2025-office-2024-m365-basic-intel-core-i3-13th-gen-1315u-8-gb-512-gb-ssd-windows-11-home-x1504va-nj3700ws-thin-light-laptop/p/itmf31c79724a398?pid=COMHCQ5ECZZV6THK&lid=LSTCOMHCQ5ECZZV6THKTW8YMF&marketplace=FLIPKART&store=6bo%2Fb5g&srno=b_8_172&otracker=browse&fm=organic&iid=en_ZqGnQiFzayaOPB23d03pXMZY3nusqXCntiNSA3zo9m0LyIErynLpbUvqjIBoKf4a33jN4jhGgPcCWMhB0VVnE_UFjCTyOHoHZs-Z5_PS_w0%3D&ppt=None&ppn=None&ssid=ejsu81bmio0000001764345679524,34990,4.3,163,https://rukminim2.flixcart.com/image/312/312/xif0q/computer/b/l/v/-original-imahgfdffszmurd7.jpeg?q=70,"ASUS Vivobook 15 (2025) with Office 2024 + M365 Basic*, Intel Core i3 13th Gen 1315U - (8 GB/512 GB SS.... powered by Intel Core i3. 8GB DDR4 RAM. 512.0GB SSD. 15.6"" Full HD display. weighs 1.7kg. running Windows 11 Home.",ASUS,Terra Cotta,Thin and Light Laptop,Intel,Core i3,8,DDR4,Intel,Integrated Graphics,FALSE,512,SSD,15.6,Full HD,FALSE,1.7,,Windows 11 Home,FALSE,FALSE,FALSE,TRUE,TRUE
laptop,Acer Aspire 3 AMD Ryzen 3 Quad Core 7330U - (16 GB/512 GB SSD/Windows 11 Home) AS15-42 Thin and Light ...,https://www.flipkart.com/acer-aspire-3-amd-ryzen-quad-core-7330u-16-gb-512-gb-ssd-windows-11-home-as15-42-thin-light-laptop/p/itmdaf15e01a1d1a?pid=COMH898FYYFGRAFZ&lid=LSTCOMH898FYYFGRAFZQQMWQA&marketplace=FLIPKART&store=6bo%2Fb5g&srno=b_8_173&otracker=browse&fm=organic&iid=f630cc92-f1fb-498e-8fd8-367adfc5e026.COMH898FYYFGRAFZ.SEARCH&ppt=None&ppn=None&ssid=ejsu81bmio0000001764345679524,31990,4.1,92,https://rukminim2.flixcart.com/image/312/312/xif0q/computer/m/d/w/-original-imahg4urf6w2jyuh.jpeg?q=70,"Acer Aspire 3 AMD Ryzen 3 Quad Core 7330U - (16 GB/512 GB SSD/Windows 11 Home) AS15-42 Thin and Light .... powered by AMD Ryzen 3. 16GB DDR4 RAM. 512.0GB SSD. AMD Radeon Amd graphics. 15.6"" IPS display. weighs 1.79kg. running Windows 11 Home.",Acer,Pure Silver,Thin and Light Laptop,AMD,Ryzen 3,16,DDR4,AMD,Radeon Amd,TRUE,512,SSD,15.6,IPS,FALSE,1.79,,Windows 11 Home,TRUE,TRUE,TRUE,TRUE,TRUE
laptop,"ASUS Vivobook 15 (2025) with Office 2024 + M365 Basic*, Backlit Keyboard, Intel Core i3 13th Gen 1315U...",https://www.flipkart.com/asus-vivobook-15-2025-office-2024-m365-basic-backlit-keyboard-intel-core-i3-13th-gen-1315u-16-gb-512-gb-ssd-windows-11-home-x1504va-nj2324ws-thin-light-laptop/p/itmf40dd3e4553f6?pid=COMH9SJ95TXH5PYE&lid=LSTCOMH9SJ95TXH5PYEG6PLFV&marketplace=FLIPKART&store=6bo%2Fb5g&srno=b_8_174&otracker=browse&fm=organic&iid=f630cc92-f1fb-498e-8fd8-367adfc5e026.COMH9SJ95TXH5PYE.SEARCH&ppt=None&ppn=None&ssid=ejsu81bmio0000001764345679524,39990,4.3,163,https://rukminim2.flixcart.com/image/312/312/xif0q/computer/w/h/g/-original-imahg5fuxuw5afvh.jpeg?q=70,"ASUS Vivobook 15 (2025) with Office 2024 + M365 Basic*, Backlit Keyboard, Intel Core i3 13th Gen 1315U.... powered by Intel Core i3. 16GB DDR4 RAM. 512.0GB SSD. 15.6"" Full HD display. weighs 1.7kg. running Windows 11 Home.",ASUS,Cool Silver,Thin and Light Laptop,Intel,Core i3,16,DDR4,Intel,Integrated Graphics,FALSE,512,SSD,15.6,Full HD,FALSE,1.7,,Windows 11 Home,FALSE,FALSE,TRUE,TRUE,TRUE
laptop,Lenovo IdeaPad Slim 3 Next Gen AI PC WUXGA IPS Copilot + PC Qualcomm Snapdragon X - (16 GB/512 GB SSD/...,https://www.flipkart.com/lenovo-ideapad-slim-3-next-gen-ai-pc-wuxga-ips-copilot-qualcomm-snapdragon-x-16-gb-512-gb-ssd-windows-11-home-15q8x10-thin-light-laptop/p/itm097ac7e15511b?pid=COMHDMJYDGBTMJXG&lid=LSTCOMHDMJYDGBTMJXG112MJM&marketplace=FLIPKART&store=6bo%2Fb5g&srno=b_8_175&otracker=browse&fm=organic&iid=en_ZqGnQiFzayaOPB23d03pXMZY3nusqXCntiNSA3zo9m2yST_knk23u6MV8hXApJhxNwAKNkUyoQ8jObELuPEQTPUFjCTyOHoHZs-Z5_PS_w0%3D&ppt=None&ppn=None&ssid=ejsu81bmio0000001764345679524,49990,4.3,27,https://rukminim2.flixcart.com/image/312/312/xif0q/computer/d/z/z/-original-imahgfdfx3hhguyc.jpeg?q=70,"Lenovo IdeaPad Slim 3 Next Gen AI PC WUXGA IPS Copilot + PC Qualcomm Snapdragon X - (16 GB/512 GB SSD/.... powered by Qualcomm Snapdragon X. 16GB LPDDR5X RAM. 512.0GB SSD. 15.3"" IPS display. weighs 1.55kg. running Windows 11 Home.",Lenovo,Luna Grey,Thin and Light Laptop,Qualcomm,Snapdragon X,16,LPDDR5X,Qualcomm,Adreno,FALSE,512,SSD,15.3,IPS,FALSE,1.55,50,Windows 11 Home,FALSE,FALSE,TRUE,TRUE,TRUE
laptop,Acer Aspire 15 AMD Ryzen 5 Hexa Core 7430U - (8 GB/512 GB SSD/Windows 11 Home) A325-42 Thin and Light ...,https://www.flipkart.com/acer-aspire-15-amd-ryzen-5-hexa-core-7430u-8-gb-512-gb-ssd-windows-11-home-a325-42-thin-light-laptop/p/itmdaf15e01a1d1a?pid=COMH397XVTZNMYGX&lid=LSTCOMH397XVTZNMYGXLFWDNQ&marketplace=FLIPKART&store=6bo%2Fb5g&srno=b_8_176&otracker=browse&fm=organic&iid=f630cc92-f1fb-498e-8fd8-367adfc5e026.COMH397XVTZNMYGX.SEARCH&ppt=None&ppn=None&ssid=ejsu81bmio0000001764345679524,35290,4.1,310,https://rukminim2.flixcart.com/image/312/312/xif0q/computer/p/c/z/-original-imahg5fusry5atvm.jpeg?q=70,"Acer Aspire 15 AMD Ryzen 5 Hexa Core 7430U - (8 GB/512 GB SSD/Windows 11 Home) A325-42 Thin and Light .... powered by AMD Ryzen 5. 8GB DDR4 RAM. 512.0GB SSD. AMD Radeon Amd graphics. 15.6"" HD display. weighs 1.79kg. running Windows 11 Home.",Acer,Silver,Thin and Light Laptop,AMD,Ryzen 5,8,DDR4,AMD,Radeon Amd,TRUE,512,SSD,15.6,HD,FALSE,1.79,,Windows 11 Home,TRUE,FALSE,FALSE,TRUE,TRUE
laptop,Acer Aspire 3 Intel Core i3 13th Gen 1305U - (8 GB/512 GB SSD/Windows 11 Home) A324-53 Thin and Light ...,https://www.flipkart.com/acer-aspire-3-intel-core-i3-13th-gen-1305u-8-gb-512-gb-ssd-windows-11-home-a324-53-thin-light-laptop/p/itma6a6812aa712e?pid=COMH4B6CGTPNVJW9&lid=LSTCOMH4B6CGTPNVJW9JOF4ZC&marketplace=FLIPKART&store=6bo%2Fb5g&srno=b_8_177&otracker=browse&fm=organic&iid=en_ZqGnQiFzayaOPB23d03pXMZY3nusqXCntiNSA3zo9m0vFLkF4x8M0XlucVx7dumkp5iBsv_cHJc2xbWysDCSOfUFjCTyOHoHZs-Z5_PS_w0%3D&ppt=None&ppn=None&ssid=ejsu81bmio0000001764345679524,30990,4.3,233,https://rukminim2.flixcart.com/image/312/312/xif0q/computer/r/p/w/-original-imahg5fxzmyzbkv8.jpeg?q=70,"Acer Aspire 3 Intel Core i3 13th Gen 1305U - (8 GB/512 GB SSD/Windows 11 Home) A324-53 Thin and Light .... powered by Intel Core i3. 8GB DDR4 RAM. 512.0GB SSD. 14.0"" HD display. weighs 1.45kg. running Windows 11 Home.",Acer,Steel Gray,Thin and Light Laptop,Intel,Core i3,8,DDR4,Intel,Integrated Graphics,FALSE,512,SSD,14,HD,FALSE,1.45,,Windows 11 Home,FALSE,FALSE,FALSE,TRUE,TRUE
laptop,"ASUS Vivobook 15 (2025) (i5 14th Gen) with MSO 2024 + M365 Basic*, Backlit Keyboard, Intel Core 5 120U...",https://www.flipkart.com/asus-vivobook-15-2025-i5-14th-gen-mso-2024-m365-basic-backlit-keyboard-intel-core-5-120u-16-gb-512-gb-ssd-windows-11-home-x1504vap-nj2862ws-thin-light-laptop/p/itm509f174cc1a04?pid=COMHDG7CFDWVKYMZ&lid=LSTCOMHDG7CFDWVKYMZSDYMWT&marketplace=FLIPKART&store=6bo%2Fb5g&srno=b_8_178&otracker=browse&fm=organic&iid=en_ZqGnQiFzayaOPB23d03pXMZY3nusqXCntiNSA3zo9m2XUxBP4NJ8k7oj77LlR8lgJubSY-XXxoDQMrwdvEBBPPUFjCTyOHoHZs-Z5_PS_w0%3D&ppt=None&ppn=None&ssid=ejsu81bmio0000001764345679524,49990,4.3,79,https://rukminim2.flixcart.com/image/312/312/xif0q/computer/k/u/e/-original-imahcd8gzqjnp2vv.jpeg?q=70,"ASUS Vivobook 15 (2025) (i5 14th Gen) with MSO 2024 + M365 Basic*, Backlit Keyboard, Intel Core 5 120U.... powered by Intel Core 5. 16GB DDR4 RAM. 512.0GB SSD. 15.6"" Full HD display. weighs 1.7kg. running Windows 11 Home.",ASUS,Cool Silver,Thin and Light Laptop,Intel,Core 5,16,DDR4,Intel,Integrated Graphics,FALSE,512,SSD,15.6,Full HD,FALSE,1.7,,Windows 11 Home,FALSE,FALSE,TRUE,TRUE,TRUE
laptop,"ASUS Vivobook 15 (2025) with Office 2024 + M365 Basic*, Backlit Keyboard, Intel Core i3 13th Gen 1315U...",https://www.flipkart.com/asus-vivobook-15-2025-office-2024-m365-basic-backlit-keyboard-intel-core-i3-13th-gen-1315u-16-gb-512-gb-ssd-windows-11-home-x1504va-bq343ws-thin-light-laptop/p/itmdf2737816fe85?pid=COMHEZZTGEZXHS63&lid=LSTCOMHEZZTGEZXHS63518EOD&marketplace=FLIPKART&store=6bo%2Fb5g&srno=b_8_179&otracker=browse&fm=organic&iid=f630cc92-f1fb-498e-8fd8-367adfc5e026.COMHEZZTGEZXHS63.SEARCH&ppt=None&ppn=None&ssid=ejsu81bmio0000001764345679524,38990,4.3,163,https://rukminim2.flixcart.com/image/312/312/xif0q/computer/b/l/v/-original-imahgfdffszmurd7.jpeg?q=70,"ASUS Vivobook 15 (2025) with Office 2024 + M365 Basic*, Backlit Keyboard, Intel Core i3 13th Gen 1315U.... powered by Intel Core i3. 16GB DDR4 RAM. 512.0GB SSD. 15.6"" Full HD display. weighs 1.7kg. running Windows 11 Home.",ASUS,Terra Cotta,Thin and Light Laptop,Intel,Core i3,16,DDR4,Intel,Integrated Graphics,FALSE,512,SSD,15.6,Full HD,FALSE,1.7,,Windows 11 Home,FALSE,FALSE,TRUE,TRUE,TRUE
laptop,"ASUS Vivobook 15 (2025) with Office 2024 + M365 Basic*, Backlit Keyboard, Intel Core i3 13th Gen 1315U...",https://www.flipkart.com/asus-vivobook-15-2025-office-2024-m365-basic-backlit-keyboard-intel-core-i3-13th-gen-1315u-8-gb-512-gb-ssd-windows-11-home-x1504va-nj3321ws-thin-light-laptop/p/itmc2fba93418f49?pid=COMH9SJ9RWCU5EMG&lid=LSTCOMH9SJ9RWCU5EMGCXAOXO&marketplace=FLIPKART&store=6bo%2Fb5g&srno=b_8_180&otracker=browse&fm=organic&iid=f630cc92-f1fb-498e-8fd8-367adfc5e026.COMH9SJ9RWCU5EMG.SEARCH&ppt=None&ppn=None&ssid=ejsu81bmio0000001764345679524,34990,4.3,163,https://rukminim2.flixcart.com/image/312/312/xif0q/computer/d/a/f/-original-imahgfdfwsdgtrv6.jpeg?q=70,"ASUS Vivobook 15 (2025) with Office 2024 + M365 Basic*, Backlit Keyboard, Intel Core i3 13th Gen 1315U.... powered by Intel Core i3. 8GB DDR4 RAM. 512.0GB SSD. 15.6"" Full HD display. weighs 1.7kg. running Windows 11 Home.",ASUS,Quiet Blue,Thin and Light Laptop,Intel,Core i3,8,DDR4,Intel,Integrated Graphics,FALSE,512,SSD,15.6,Full HD,FALSE,1.7,,Windows 11 Home,FALSE,FALSE,FALSE,TRUE,TRUE
laptop,DELL 15 Intel Core i3 13th Gen 1305U - (16 GB/512 GB SSD/Windows 11 Home) OVN353025001RING1O Thin and ...,https://www.flipkart.com/dell-15-intel-core-i3-13th-gen-1305u-16-gb-512-gb-ssd-windows-11-home-ovn353025001ring1o-thin-light-laptop/p/itmb007cf7efac41?pid=COMHD99W94EPN2H2&lid=LSTCOMHD99W94EPN2H28GBQQL&marketplace=FLIPKART&store=6bo%2Fb5g&srno=b_8_181&otracker=browse&fm=organic&iid=en_ZqGnQiFzayaOPB23d03pXMZY3nusqXCntiNSA3zo9m1P5gwgfHIDczP6hH9vFdY9EkLod264BTOTANLjYPSTffUFjCTyOHoHZs-Z5_PS_w0%3D&ppt=None&ppn=None&ssid=ejsu81bmio0000001764345679524,38990,4.2,31,https://rukminim2.flixcart.com/image/312/312/xif0q/computer/f/i/b/-original-imahgx8ws7ypyhmd.jpeg?q=70,"DELL 15 Intel Core i3 13th Gen 1305U - (16 GB/512 GB SSD/Windows 11 Home) OVN353025001RING1O Thin and .... powered by Intel Core i3. 16GB DDR4 RAM. 512.0GB SSD. 15.6"" HD display. weighs 1.66kg. running Windows 11 Home.",DELL,Titan Grey,Thin and Light Laptop,Intel,Core i3,16,DDR4,Intel,Integrated Graphics,FALSE,512,SSD,15.6,HD,FALSE,1.66,,Windows 11 Home,FALSE,FALSE,TRUE,TRUE,TRUE
laptop,Lenovo IdeaPad Slim 5 Co-Pilot Next Gen AI PC Full Metal Snapdragon X Plus - (16 GB/1 TB SSD/Windows 1...,https://www.flipkart.com/lenovo-ideapad-slim-5-co-pilot-next-gen-ai-pc-full-metal-snapdragon-x-plus-16-gb-1-tb-ssd-windows-11-home-14q8x9-thin-light-laptop/p/itm8a59041fc8c0f?pid=COMH4N9CZ7JKPQQC&lid=LSTCOMH4N9CZ7JKPQQCOFLXDU&marketplace=FLIPKART&store=6bo%2Fb5g&srno=b_8_182&otracker=browse&fm=organic&iid=en_ZqGnQiFzayaOPB23d03pXMZY3nusqXCntiNSA3zo9m3xFuyP-XqtAZ8rRnZYyl4VWjuanWzn_fwNsSOeIbWWJvUFjCTyOHoHZs-Z5_PS_w0%3D&ppt=None&ppn=None&ssid=ejsu81bmio0000001764345679524,57990,4.1,68,https://rukminim2.flixcart.com/image/312/312/xif0q/computer/6/l/r/-original-imahg5fxwyqndjhu.jpeg?q=70,"Lenovo IdeaPad Slim 5 Co-Pilot Next Gen AI PC Full Metal Snapdragon X Plus - (16 GB/1 TB SSD/Windows 1.... powered by Snapdragon X Plus. 16GB LPDDR5X RAM. 1024.0GB SSD. 14.0"" IPS display. weighs 1.48kg. running Windows 11 Home.",Lenovo,Cloud Grey,Thin and Light Laptop,Snapdragon,X Plus,16,LPDDR5X,Qualcomm,Adreno,FALSE,1024,SSD,14,IPS,FALSE,1.48,,Windows 11 Home,FALSE,FALSE,TRUE,TRUE,TRUE
laptop,ASUS Vivobook Go 15 (2025) with Office 2024 + M365 Basic* Intel Core i3 N305 - (8 GB/512 GB SSD/Window...,https://www.flipkart.com/asus-vivobook-go-15-2025-office-2024-m365-basic-intel-core-i3-n305-8-gb-512-gb-ssd-windows-11-home-e1504ga-nj3322ws-e1504ga-bq1225ws-thin-light-laptop/p/itm4bbb136e0a623?pid=COMH9SJ9ZVTH69GM&lid=LSTCOMH9SJ9ZVTH69GMYO91EO&marketplace=FLIPKART&store=6bo%2Fb5g&srno=b_8_183&otracker=browse&fm=organic&iid=f630cc92-f1fb-498e-8fd8-367adfc5e026.COMH9SJ9ZVTH69GM.SEARCH&ppt=None&ppn=None&ssid=ejsu81bmio0000001764345679524,30980,4.3,29,https://rukminim2.flixcart.com/image/312/312/xif0q/computer/o/f/m/-original-imahbqpbwkdwc733.jpeg?q=70,"ASUS Vivobook Go 15 (2025) with Office 2024 + M365 Basic* Intel Core i3 N305 - (8 GB/512 GB SSD/Window.... powered by Intel Core i3. 8GB DDR4 RAM. 512.0GB SSD. 15.6"" Full HD display. weighs 1.63kg. running Windows 11 Home.",ASUS,Mixed Black,Thin and Light Laptop,Intel,Core i3,8,DDR4,Intel,Integrated Graphics,FALSE,512,SSD,15.6,Full HD,FALSE,1.63,,Windows 11 Home,FALSE,FALSE,FALSE,TRUE,TRUE
laptop,"ASUS Vivobook 14 (2025) with Office 2024 + M365 Basic*, Backlit Keyboard, Intel Core i3 13th Gen 1315U...",https://www.flipkart.com/asus-vivobook-14-2025-office-2024-m365-basic-backlit-keyboard-intel-core-i3-13th-gen-1315u-8-gb-512-gb-ssd-windows-11-home-x1404va-eb321ws-thin-light-laptop/p/itm86b2575a66c73?pid=COMHEZZTACFZCGWF&lid=LSTCOMHEZZTACFZCGWFJLHWXA&marketplace=FLIPKART&store=6bo%2Fb5g&srno=b_8_184&otracker=browse&fm=organic&iid=f630cc92-f1fb-498e-8fd8-367adfc5e026.COMHEZZTACFZCGWF.SEARCH&ppt=None&ppn=None&ssid=ejsu81bmio0000001764345679524,35990,4.3,163,https://rukminim2.flixcart.com/image/312/312/xif0q/computer/u/u/d/-original-imahfcztzmftpy9u.jpeg?q=70,"ASUS Vivobook 14 (2025) with Office 2024 + M365 Basic*, Backlit Keyboard, Intel Core i3 13th Gen 1315U.... powered by Intel Core i3. 8GB DDR4 RAM. 512.0GB SSD. 14.0"" Full HD display. weighs 1.4kg. running Windows 11 Home.",ASUS,Transparent Silver,Thin and Light Laptop,Intel,Core i3,8,DDR4,Intel,Integrated Graphics,FALSE,512,SSD,14,Full HD,FALSE,1.4,,Windows 11 Home,FALSE,FALSE,FALSE,TRUE,TRUE
laptop,ASUS Vivobook Go 15 AMD Ryzen 3 Quad Core 7320U - (8 GB/512 GB SSD/Windows 11 Home) E1504FA-NJ130WS | ...,https://www.flipkart.com/asus-vivobook-go-15-amd-ryzen-3-quad-core-7320u-8-gb-512-gb-ssd-windows-11-home-e1504fa-nj130ws-e1504fa-bq2322ws-thin-light-laptop/p/itm9af4f3b5de2ff?pid=COMH94992SQ8HYGZ&lid=LSTCOMH94992SQ8HYGZMHVF97&marketplace=FLIPKART&store=6bo%2Fb5g&srno=b_8_185&otracker=browse&fm=organic&iid=en_ZqGnQiFzayaOPB23d03pXMZY3nusqXCntiNSA3zo9m2B0f0PTh05n_NqSGuGmXB7ELXLmukSLH7KQ9_ORAK8qfUFjCTyOHoHZs-Z5_PS_w0%3D&ppt=None&ppn=None&ssid=ejsu81bmio0000001764345679524,30990,4.3,94,https://rukminim2.flixcart.com/image/312/312/xif0q/computer/m/y/o/-original-imahg5fxjta7gns7.jpeg?q=70,"ASUS Vivobook Go 15 AMD Ryzen 3 Quad Core 7320U - (8 GB/512 GB SSD/Windows 11 Home) E1504FA-NJ130WS | .... powered by AMD Ryzen 3. 8GB LPDDR5 RAM. 512.0GB SSD. AMD Radeon Amd graphics. 15.6"" Full HD display. weighs 1.63kg. running Windows 11 Home.",ASUS,Mixed Black,Thin and Light Laptop,AMD,Ryzen 3,8,LPDDR5,AMD,Radeon Amd,TRUE,512,SSD,15.6,Full HD,FALSE,1.63,,Windows 11 Home,TRUE,FALSE,FALSE,TRUE,TRUE
laptop,Samsung Galaxy Book 4 14th Gen with Fingerprint Reador Intel Core 5 14th Gen 120U - (16 GB/512 GB SSD/...,https://www.flipkart.com/samsung-galaxy-book-4-14th-gen-fingerprint-reador-intel-core-5-120u-16-gb-512-gb-ssd-windows-11-pro-np754xgk-ls2in-thin-light-laptop/p/itm811050760ff56?pid=COMHFF8KMYZBHAP2&lid=LSTCOMHFF8KMYZBHAP2KRZ3GX&marketplace=FLIPKART&store=6bo%2Fb5g&srno=b_8_186&otracker=browse&fm=organic&iid=f630cc92-f1fb-498e-8fd8-367adfc5e026.COMHFF8KMYZBHAP2.SEARCH&ppt=None&ppn=None&ssid=ejsu81bmio0000001764345679524,52990,4.4,4,https://rukminim2.flixcart.com/image/312/312/xif0q/computer/c/q/y/np754xgk-ls2in-thin-and-light-laptop-samsung-original-imahfkhubz9hmcnz.jpeg?q=70,"Samsung Galaxy Book 4 14th Gen with Fingerprint Reador Intel Core 5 14th Gen 120U - (16 GB/512 GB SSD/.... powered by Intel Core 5. 16GB LPDDR4X RAM. 512.0GB SSD. 15.6"" Full HD display. weighs 1.55kg. running Windows 11 Pro.",Samsung,Silver,Thin and Light Laptop,Intel,Core 5,16,LPDDR4X,,,FALSE,512,SSD,15.6,Full HD,FALSE,1.55,,Windows 11 Pro,FALSE,FALSE,TRUE,TRUE,TRUE
laptop,ASUS Vivobook Go 15 AMD Ryzen 5 Quad Core 7520U - (8 GB/512 GB SSD/Windows 11 Home) E1504FA-NJ132WS | ...,https://www.flipkart.com/asus-vivobook-go-15-amd-ryzen-5-quad-core-7520u-8-gb-512-gb-ssd-windows-11-home-e1504fa-nj132ws-e1504fa-nj521ws-thin-light-laptop/p/itm657eb80ea799a?pid=COMH9499JNGDGTZ5&lid=LSTCOMH9499JNGDGTZ5WJGUDN&marketplace=FLIPKART&store=6bo%2Fb5g&srno=b_8_187&otracker=browse&fm=organic&iid=en_ZqGnQiFzayaOPB23d03pXMZY3nusqXCntiNSA3zo9m1q1F8QclP2ElvW3cC_FigTSUgykyDQJKYN_y9jM4Dl9_UFjCTyOHoHZs-Z5_PS_w0%3D&ppt=None&ppn=None&ssid=ejsu81bmio0000001764345679524,36990,4.2,49,https://rukminim2.flixcart.com/image/312/312/xif0q/computer/k/b/i/-original-imahg53xeuxqm6bv.jpeg?q=70,"ASUS Vivobook Go 15 AMD Ryzen 5 Quad Core 7520U - (8 GB/512 GB SSD/Windows 11 Home) E1504FA-NJ132WS | .... powered by AMD Ryzen 5. 8GB LPDDR5 RAM. 512.0GB SSD. AMD Radeon Amd graphics. 15.6"" Full HD display. weighs 1.63kg. running Windows 11 Home.",ASUS,Cool Silver,Thin and Light Laptop,AMD,Ryzen 5,8,LPDDR5,AMD,Radeon Amd,TRUE,512,SSD,15.6,Full HD,FALSE,1.63,,Windows 11 Home,TRUE,FALSE,FALSE,TRUE,TRUE
laptop,"ASUS Vivobook S16 OLED (2025) with Backlit Keyboard, Metal Body*, Qualcomm Snapdragon X - (16 GB/512 G...",https://www.flipkart.com/asus-vivobook-s16-oled-2025-backlit-keyboard-metal-body-qualcomm-snapdragon-x-16-gb-512-gb-ssd-windows-11-home-s3607qa-sh078ws-thin-light-laptop/p/itm252509f1beb81?pid=COMHCQ5EYNZ2HRWW&lid=LSTCOMHCQ5EYNZ2HRWWUYQZ3F&marketplace=FLIPKART&store=6bo%2Fb5g&srno=b_8_188&otracker=browse&fm=organic&iid=en_ZqGnQiFzayaOPB23d03pXMZY3nusqXCntiNSA3zo9m0BLKxascgSxFSa7UilXpzGZSN1_zpYqKFXeDoWNjYzBaV8WX5krIChubBlraAu4CQ%3D&ppt=None&ppn=None&ssid=ejsu81bmio0000001764345679524,71990,4.4,51,https://rukminim2.flixcart.com/image/312/312/xif0q/computer/g/4/k/-original-imahfn3geekjdudx.jpeg?q=70,"ASUS Vivobook S16 OLED (2025) with Backlit Keyboard, Metal Body*, Qualcomm Snapdragon X - (16 GB/512 G.... powered by Qualcomm Snapdragon X. 16GB LPDDR5X RAM. 512.0GB SSD. 16.0"" Full HD display. weighs 1.74kg. running Windows 11 Home.",ASUS,Pink,Thin and Light Laptop,Qualcomm,Snapdragon X,16,LPDDR5X,Qualcomm,Adreno,FALSE,512,SSD,16,Full HD,FALSE,1.74,,Windows 11 Home,FALSE,FALSE,TRUE,TRUE,TRUE
laptop,MSI Intel Core i5 12th Gen 1235U - (8 GB/512 GB SSD/Windows 11 Home) Modern 14 C12MO-1400IN Business L...,https://www.flipkart.com/msi-intel-core-i5-12th-gen-1235u-8-gb-512-gb-ssd-windows-11-home-modern-14-c12mo-1400in-business-laptop/p/itm8820edd8b6c55?pid=COMH3YTFFCHYKHAK&lid=LSTCOMH3YTFFCHYKHAKU5FT9J&marketplace=FLIPKART&store=6bo%2Fb5g&srno=b_8_189&otracker=browse&fm=organic&iid=f630cc92-f1fb-498e-8fd8-367adfc5e026.COMH3YTFFCHYKHAK.SEARCH&ppt=None&ppn=None&ssid=ejsu81bmio0000001764345679524,40990,4.4,35,https://rukminim2.flixcart.com/image/312/312/xif0q/computer/m/g/4/-original-imah3gduhas82fu6.jpeg?q=70,"MSI Intel Core i5 12th Gen 1235U - (8 GB/512 GB SSD/Windows 11 Home) Modern 14 C12MO-1400IN Business L.... powered by Intel Core i5. 8GB DDR4 RAM. 512.0GB SSD. 14.0"" IPS display. weighs 1.4kg. running Windows 11 Home.",MSI,Urban Silver,Business Laptop,Intel,Core i5,8,DDR4,Intel,Iris Xe,FALSE,512,SSD,14,IPS,FALSE,1.4,,Windows 11 Home,FALSE,FALSE,FALSE,TRUE,TRUE
laptop,HP Victus Intel Core i5 14th Gen 14450HX - (16 GB/512 GB SSD/Windows 11 Home/6 GB Graphics/NVIDIA GeFo...,https://www.flipkart.com/hp-victus-intel-core-i5-14th-gen-14450hx-16-gb-512-gb-ssd-windows-11-home-6-graphics-nvidia-geforce-rtx-3050-144-hz-16-r1703tx-16-r1705tx-gaming-laptop/p/itm19af10132bd82?pid=COMHBZT389VW3CYA&lid=LSTCOMHBZT389VW3CYASAGP3Z&marketplace=FLIPKART&store=6bo%2Fb5g&srno=b_8_190&otracker=browse&fm=organic&iid=f630cc92-f1fb-498e-8fd8-367adfc5e026.COMHBZT389VW3CYA.SEARCH&ppt=None&ppn=None&ssid=ejsu81bmio0000001764345679524,82990,4.1,34,https://rukminim2.flixcart.com/image/312/312/xif0q/computer/j/m/p/-original-imahgpw3bq4h8yky.jpeg?q=70,"HP Victus Intel Core i5 14th Gen 14450HX - (16 GB/512 GB SSD/Windows 11 Home/6 GB Graphics/NVIDIA GeFo.... powered by Intel Core i5. 16GB DDR5 RAM. 512.0GB SSD. NVIDIA RTX 3050 graphics. 16.1"" IPS display. weighs 2.31kg. running Windows 11 Home.",HP,Mica Silver,Gaming Laptop,Intel,Core i5,16,DDR5,NVIDIA,RTX 3050,TRUE,512,SSD,16.1,IPS,FALSE,2.31,,Windows 11 Home,TRUE,TRUE,TRUE,TRUE,FALSE
laptop,"ASUS Vivobook S14 Flip (2025) with Office 2024 + M365 Basic*, Backlit Keyboard, Intel Core i5 13th Gen...",https://www.flipkart.com/asus-vivobook-s14-flip-2025-office-2024-m365-basic-backlit-keyboard-intel-core-i5-13th-gen-13420h-16-gb-512-gb-ssd-windows-11-home-tp3402vao-lz612ws-2-1-laptop/p/itme494b3629a714?pid=COMH9SJ9VAJ7ZD99&lid=LSTCOMH9SJ9VAJ7ZD99ZNVNMB&marketplace=FLIPKART&store=6bo%2Fb5g&srno=b_8_191&otracker=browse&fm=organic&iid=en_ZqGnQiFzayaOPB23d03pXMZY3nusqXCntiNSA3zo9m3VXASSTwVdf760HXdsJKz53JJreNqE10axEDA06lGYnA891ypMzu4_aryI8_sihJ8%3D&ppt=None&ppn=None&ssid=ejsu81bmio0000001764345679524,63990,4.4,51,https://rukminim2.flixcart.com/image/312/312/xif0q/computer/a/s/e/-original-imahg4ut9hnhkwhg.jpeg?q=70,"ASUS Vivobook S14 Flip (2025) with Office 2024 + M365 Basic*, Backlit Keyboard, Intel Core i5 13th Gen.... powered by Intel Core i5. 16GB DDR4 RAM. 512.0GB SSD. 14.0"" IPS display. weighs 1.65kg. running Windows 11 Home.",ASUS,Transparent Silver,2 in 1 Laptop,Intel,Core i5,16,DDR4,Intel,Integrated Graphics,FALSE,512,SSD,14,IPS,FALSE,1.65,,Windows 11 Home,FALSE,FALSE,TRUE,TRUE,TRUE
laptop,HP 15 Intel Core i5 13th Gen 1334U - (16 GB/512 GB SSD/Windows 11 Home) 15-fd0576TU / 15-fd0467TU Thin...,https://www.flipkart.com/hp-15-intel-core-i5-13th-gen-1334u-16-gb-512-gb-ssd-windows-11-home-15-fd0576tu-15-fd0467tu-thin-light-laptop/p/itm3d552029526ba?pid=COMH8QXWHJRQKR6P&lid=LSTCOMH8QXWHJRQKR6PW3FWJH&marketplace=FLIPKART&store=6bo%2Fb5g&srno=b_8_192&otracker=browse&fm=organic&iid=en_ZqGnQiFzayaOPB23d03pXMZY3nusqXCntiNSA3zo9m0eqSJxflhvQe5B3KavPYZvGlnOP_OGkjFhOzyTBchephhTy0lUJ14SzoMSv_CzLF0%3D&ppt=None&ppn=None&ssid=ejsu81bmio0000001764345679524,54990,4.2,45,https://rukminim2.flixcart.com/image/312/312/xif0q/computer/t/v/8/-original-imahg5fxfpvjasap.jpeg?q=70,"HP 15 Intel Core i5 13th Gen 1334U - (16 GB/512 GB SSD/Windows 11 Home) 15-fd0576TU / 15-fd0467TU Thin.... powered by Intel Core i5. 16GB DDR4 RAM. 512.0GB SSD. 15.6"" Full HD display. weighs 1.59kg. running Windows 11 Home.",HP,Silver,Thin and Light Laptop,Intel,Core i5,16,DDR4,Intel,Iris Xe,FALSE,512,SSD,15.6,Full HD,FALSE,1.59,,Windows 11 Home,FALSE,FALSE,TRUE,TRUE,TRUE
laptop,HP MS Office 2024 Intel Core i3 13th Gen 1315U - (8 GB/512 GB SSD/Windows 11 Home) fd0465TU Thin and L...,https://www.flipkart.com/hp-ms-office-2024-intel-core-i3-13th-gen-1315u-8-gb-512-gb-ssd-windows-11-home-fd0465tu-thin-light-laptop/p/itm4fc6159aa1303?pid=COMH8QXWZVWEDYMN&lid=LSTCOMH8QXWZVWEDYMNJ2ZIMA&marketplace=FLIPKART&store=6bo%2Fb5g&srno=b_9_193&otracker=browse&fm=organic&iid=e967e8bf-715a-48ec-add8-04622ba84809.COMH8QXWZVWEDYMN.SEARCH&ppt=None&ppn=None&ssid=nrtqws3b400000001764345687537,35990,4.1,4,https://rukminim2.flixcart.com/image/312/312/xif0q/computer/0/h/w/-original-imahg4ut6xbmzga5.jpeg?q=70,"HP MS Office 2024 Intel Core i3 13th Gen 1315U - (8 GB/512 GB SSD/Windows 11 Home) fd0465TU Thin and L.... powered by Intel Core i3. 8GB DDR4 RAM. 512.0GB SSD. 15.6"" Full HD display. weighs 1.59kg. running Windows 11 Home.",HP,Natural Silver,Thin and Light Laptop,Intel,Core i3,8,DDR4,Intel,Integrated Graphics,FALSE,512,SSD,15.6,Full HD,FALSE,1.59,,Windows 11 Home,FALSE,FALSE,FALSE,TRUE,TRUE
laptop,Acer Swift Neo OLED AI PC Intel Core Ultra 5 115U - (16 GB/512 GB SSD/Windows 11 Home) SFN14-54H Thin ...,https://www.flipkart.com/acer-swift-neo-oled-ai-pc-intel-core-ultra-5-115u-16-gb-512-gb-ssd-windows-11-home-sfn14-54h-thin-light-laptop/p/itm7e110040e3132?pid=COMHDF2CEWYVC82H&lid=LSTCOMHDF2CEWYVC82HHY6OWR&marketplace=FLIPKART&store=6bo%2Fb5g&srno=b_9_194&otracker=browse&fm=organic&iid=e967e8bf-715a-48ec-add8-04622ba84809.COMHDF2CEWYVC82H.SEARCH&ppt=None&ppn=None&ssid=nrtqws3b400000001764345687537,52990,4.1,114,https://rukminim2.flixcart.com/image/312/312/xif0q/computer/e/8/9/-original-imahgx8w63f8shx4.jpeg?q=70,"Acer Swift Neo OLED AI PC Intel Core Ultra 5 115U - (16 GB/512 GB SSD/Windows 11 Home) SFN14-54H Thin .... powered by Intel Core Ultra 5. 16GB LPDDR5 RAM. 512.0GB SSD. 14.0"" OLED display. weighs 1.3kg. running Windows 11 Home.",Acer,Silver,Thin and Light Laptop,Intel,Core Ultra 5,16,LPDDR5,Intel,Integrated Graphics,FALSE,512,SSD,14,OLED,FALSE,1.3,,Windows 11 Home,FALSE,FALSE,TRUE,TRUE,TRUE
laptop,Samsung Galaxy Book4 Edge Series Copilot AI-PC Full Metal Chasis Qualcomm Snapdragon X - (16 GB/512 GB...,https://www.flipkart.com/samsung-galaxy-book4-edge-series-copilot-ai-pc-full-metal-chasis-qualcomm-snapdragon-x-16-gb-512-gb-ssd-windows-11-home-np750xqb-ka1in-thin-light-laptop/p/itm1d61ec8d90cc7?pid=COMHE4ATFWNVHXHS&lid=LSTCOMHE4ATFWNVHXHSIHS0FO&marketplace=FLIPKART&store=6bo%2Fb5g&srno=b_9_195&otracker=browse&fm=organic&iid=en_NSmv62N0nFMDySv0uEqY4-RuGqMIpb9JTu7Hifai7fO0UZ8tP0y-uFxo5XO-dXjN_lVT3mDZ57aAKquXI1m8ovUFjCTyOHoHZs-Z5_PS_w0%3D&ppt=None&ppn=None&ssid=nrtqws3b400000001764345687537,64990,4.4,128,https://rukminim2.flixcart.com/image/312/312/xif0q/computer/a/g/p/-original-imahgwkqughzkwt3.jpeg?q=70,"Samsung Galaxy Book4 Edge Series Copilot AI-PC Full Metal Chasis Qualcomm Snapdragon X - (16 GB/512 GB.... powered by Qualcomm Snapdragon X. 16GB LPDDR5X RAM. 512.0GB SSD. 15.6"" HD display. weighs 1.55kg. running Windows 11 Home.",Samsung,Sapphire Blue,Thin and Light Laptop,Qualcomm,Snapdragon X,16,LPDDR5X,Qualcomm,Adreno,FALSE,512,SSD,15.6,HD,FALSE,1.55,,Windows 11 Home,FALSE,FALSE,TRUE,TRUE,TRUE
laptop,Lenovo Yoga Slim 6 WUXGA OLED Intel Core i5 13th Gen 13500H - (16 GB/512 GB SSD/Windows 11 Home) 14IRH...,https://www.flipkart.com/lenovo-yoga-slim-6-wuxga-oled-intel-core-i5-13th-gen-13500h-16-gb-512-gb-ssd-windows-11-home-14irh8-thin-light-laptop/p/itmae04103d75ff9?pid=COMGSVFETYUGZUHR&lid=LSTCOMGSVFETYUGZUHRTFCRLG&marketplace=FLIPKART&store=6bo%2Fb5g&srno=b_9_196&otracker=browse&fm=organic&iid=e967e8bf-715a-48ec-add8-04622ba84809.COMGSVFETYUGZUHR.SEARCH&ppt=None&ppn=None&ssid=nrtqws3b400000001764345687537,65990,4.4,55,https://rukminim2.flixcart.com/image/312/312/xif0q/computer/m/j/s/-original-imahg5fxkydvyczb.jpeg?q=70,"Lenovo Yoga Slim 6 WUXGA OLED Intel Core i5 13th Gen 13500H - (16 GB/512 GB SSD/Windows 11 Home) 14IRH.... powered by Intel Core i5. 16GB LPDDR5X RAM. 512.0GB SSD. 14.0"" OLED display. weighs 1.35kg. running Windows 11 Home.",Lenovo,Storm Grey,Thin and Light Laptop,Intel,Core i5,16,LPDDR5X,Intel,Iris Xe,FALSE,512,SSD,14,OLED,FALSE,1.35,,Windows 11 Home,FALSE,FALSE,TRUE,TRUE,TRUE
laptop,"ASUS Vivobook 15 (2025) with Office 2024 + M365 Basic*, Intel Core i3 13th Gen 1315U - (8 GB/512 GB SS...",https://www.flipkart.com/asus-vivobook-15-2025-office-2024-m365-basic-intel-core-i3-13th-gen-1315u-8-gb-512-gb-ssd-windows-11-home-x1504va-nj3700ws-thin-light-laptop/p/itmf31c79724a398?pid=COMHCQ5ECZZV6THK&lid=LSTCOMHCQ5ECZZV6THKTW8YMF&marketplace=FLIPKART&store=6bo%2Fb5g&srno=b_9_197&otracker=browse&fm=organic&iid=en_NSmv62N0nFMDySv0uEqY4-RuGqMIpb9JTu7Hifai7fOoKcItD5Q2mN32FV3UOvBr33jN4jhGgPcCWMhB0VVnE_UFjCTyOHoHZs-Z5_PS_w0%3D&ppt=None&ppn=None&ssid=nrtqws3b400000001764345687537,34990,4.3,163,https://rukminim2.flixcart.com/image/312/312/xif0q/computer/b/l/v/-original-imahgfdffszmurd7.jpeg?q=70,"ASUS Vivobook 15 (2025) with Office 2024 + M365 Basic*, Intel Core i3 13th Gen 1315U - (8 GB/512 GB SS.... powered by Intel Core i3. 8GB DDR4 RAM. 512.0GB SSD. 15.6"" Full HD display. weighs 1.7kg. running Windows 11 Home.",ASUS,Terra Cotta,Thin and Light Laptop,Intel,Core i3,8,DDR4,Intel,Integrated Graphics,FALSE,512,SSD,15.6,Full HD,FALSE,1.7,,Windows 11 Home,FALSE,FALSE,FALSE,TRUE,TRUE
laptop,Lenovo IdeaPad Slim 3 Next Gen AI PC WUXGA IPS Copilot + PC Qualcomm Snapdragon X - (16 GB/512 GB SSD/...,https://www.flipkart.com/lenovo-ideapad-slim-3-next-gen-ai-pc-wuxga-ips-copilot-qualcomm-snapdragon-x-16-gb-512-gb-ssd-windows-11-home-15q8x10-thin-light-laptop/p/itm097ac7e15511b?pid=COMHDMJYDGBTMJXG&lid=LSTCOMHDMJYDGBTMJXG112MJM&marketplace=FLIPKART&store=6bo%2Fb5g&srno=b_9_198&otracker=browse&fm=organic&iid=en_NSmv62N0nFMDySv0uEqY4-RuGqMIpb9JTu7Hifai7fNvMZGvf4IPyiBHnZCfFoMmCyFnIq7oQjZv4QTW91eeV_UFjCTyOHoHZs-Z5_PS_w0%3D&ppt=None&ppn=None&ssid=nrtqws3b400000001764345687537,49990,4.3,27,https://rukminim2.flixcart.com/image/312/312/xif0q/computer/d/z/z/-original-imahgfdfx3hhguyc.jpeg?q=70,"Lenovo IdeaPad Slim 3 Next Gen AI PC WUXGA IPS Copilot + PC Qualcomm Snapdragon X - (16 GB/512 GB SSD/.... powered by Qualcomm Snapdragon X. 16GB LPDDR5X RAM. 512.0GB SSD. 15.3"" IPS display. weighs 1.55kg. running Windows 11 Home.",Lenovo,Luna Grey,Thin and Light Laptop,Qualcomm,Snapdragon X,16,LPDDR5X,Qualcomm,Adreno,FALSE,512,SSD,15.3,IPS,FALSE,1.55,50,Windows 11 Home,FALSE,FALSE,TRUE,TRUE,TRUE
laptop,"ASUS Vivobook S14 Flip (2025) with Office 2024 + M365 Basic*, A-Part Metal Body, Intel Core i5 13th Ge...",https://www.flipkart.com/asus-vivobook-s14-flip-2025-office-2024-m365-basic-a-part-metal-body-intel-core-i5-13th-gen-13420h-16-gb-512-gb-ssd-windows-11-home-tp3402vao-lz619ws-2-1-laptop/p/itm1f8488dce4bb0?pid=COMH9SJ9KMZFGHFZ&lid=LSTCOMH9SJ9KMZFGHFZXEWK00&marketplace=FLIPKART&store=6bo%2Fb5g&srno=b_9_199&otracker=browse&fm=organic&iid=e967e8bf-715a-48ec-add8-04622ba84809.COMH9SJ9KMZFGHFZ.SEARCH&ppt=None&ppn=None&ssid=nrtqws3b400000001764345687537,63990,4.7,6,https://rukminim2.flixcart.com/image/312/312/xif0q/computer/8/l/m/-original-imahg4uugy9bvyfp.jpeg?q=70,"ASUS Vivobook S14 Flip (2025) with Office 2024 + M365 Basic*, A-Part Metal Body, Intel Core i5 13th Ge.... powered by Intel Core i5. 16GB DDR4 RAM. 512.0GB SSD. 14.0"" IPS display. weighs 1.5kg. running Windows 11 Home.",ASUS,Blue,2 in 1 Laptop,Intel,Core i5,16,DDR4,Intel,Integrated Graphics,FALSE,512,SSD,14,IPS,FALSE,1.5,,Windows 11 Home,FALSE,FALSE,TRUE,TRUE,TRUE
laptop,ASUS Vivobook Go 15 AMD Ryzen 3 Quad Core 7320U - (8 GB/512 GB SSD/Windows 11 Home) E1504FA-NJ130WS | ...,https://www.flipkart.com/asus-vivobook-go-15-amd-ryzen-3-quad-core-7320u-8-gb-512-gb-ssd-windows-11-home-e1504fa-nj130ws-e1504fa-bq2322ws-thin-light-laptop/p/itm9af4f3b5de2ff?pid=COMH94992SQ8HYGZ&lid=LSTCOMH94992SQ8HYGZUDRTZU&marketplace=FLIPKART&store=6bo%2Fb5g&srno=b_9_200&otracker=browse&fm=organic&iid=e967e8bf-715a-48ec-add8-04622ba84809.COMH94992SQ8HYGZ.SEARCH&ppt=None&ppn=None&ssid=nrtqws3b400000001764345687537,31990,4.3,94,https://rukminim2.flixcart.com/image/312/312/xif0q/computer/m/y/o/-original-imahg5fxjta7gns7.jpeg?q=70,"ASUS Vivobook Go 15 AMD Ryzen 3 Quad Core 7320U - (8 GB/512 GB SSD/Windows 11 Home) E1504FA-NJ130WS | .... powered by AMD Ryzen 3. 8GB LPDDR5 RAM. 512.0GB SSD. AMD Radeon Amd graphics. 15.6"" Full HD display. weighs 1.63kg. running Windows 11 Home.",ASUS,Mixed Black,Thin and Light Laptop,AMD,Ryzen 3,8,LPDDR5,AMD,Radeon Amd,TRUE,512,SSD,15.6,Full HD,FALSE,1.63,,Windows 11 Home,TRUE,FALSE,FALSE,TRUE,TRUE
laptop,Acer Aspire 3 Intel Core i3 13th Gen 1305U - (8 GB/512 GB SSD/Windows 11 Home) A324-53 Thin and Light ...,https://www.flipkart.com/acer-aspire-3-intel-core-i3-13th-gen-1305u-8-gb-512-gb-ssd-windows-11-home-a324-53-thin-light-laptop/p/itma6a6812aa712e?pid=COMH4B6CGTPNVJW9&lid=LSTCOMH4B6CGTPNVJW9JOF4ZC&marketplace=FLIPKART&store=6bo%2Fb5g&srno=b_9_201&otracker=browse&fm=organic&iid=en_NSmv62N0nFMDySv0uEqY4-RuGqMIpb9JTu7Hifai7fNkq0VKME4D2AagYK8RFJdVp5iBsv_cHJc2xbWysDCSOfUFjCTyOHoHZs-Z5_PS_w0%3D&ppt=None&ppn=None&ssid=nrtqws3b400000001764345687537,30990,4.3,233,https://rukminim2.flixcart.com/image/312/312/xif0q/computer/r/p/w/-original-imahg5fxzmyzbkv8.jpeg?q=70,"Acer Aspire 3 Intel Core i3 13th Gen 1305U - (8 GB/512 GB SSD/Windows 11 Home) A324-53 Thin and Light .... powered by Intel Core i3. 8GB DDR4 RAM. 512.0GB SSD. 14.0"" HD display. weighs 1.45kg. running Windows 11 Home.",Acer,Steel Gray,Thin and Light Laptop,Intel,Core i3,8,DDR4,Intel,Integrated Graphics,FALSE,512,SSD,14,HD,FALSE,1.45,,Windows 11 Home,FALSE,FALSE,FALSE,TRUE,TRUE
laptop,"ASUS Vivobook 15 (2025) (i5 14th Gen) with MSO 2024 + M365 Basic*, Backlit Keyboard, Intel Core 5 120U...",https://www.flipkart.com/asus-vivobook-15-2025-i5-14th-gen-mso-2024-m365-basic-backlit-keyboard-intel-core-5-120u-16-gb-512-gb-ssd-windows-11-home-x1504vap-nj2862ws-thin-light-laptop/p/itm509f174cc1a04?pid=COMHDG7CFDWVKYMZ&lid=LSTCOMHDG7CFDWVKYMZSDYMWT&marketplace=FLIPKART&store=6bo%2Fb5g&srno=b_9_202&otracker=browse&fm=organic&iid=en_NSmv62N0nFMDySv0uEqY4-RuGqMIpb9JTu7Hifai7fNuUa8YW4NqgplIXMAIA_mKvIyKrJOOyrWKvQt3koA-iPUFjCTyOHoHZs-Z5_PS_w0%3D&ppt=None&ppn=None&ssid=nrtqws3b400000001764345687537,49990,4.3,79,https://rukminim2.flixcart.com/image/312/312/xif0q/computer/k/u/e/-original-imahcd8gzqjnp2vv.jpeg?q=70,"ASUS Vivobook 15 (2025) (i5 14th Gen) with MSO 2024 + M365 Basic*, Backlit Keyboard, Intel Core 5 120U.... powered by Intel Core 5. 16GB DDR4 RAM. 512.0GB SSD. 15.6"" Full HD display. weighs 1.7kg. running Windows 11 Home.",ASUS,Cool Silver,Thin and Light Laptop,Intel,Core 5,16,DDR4,Intel,Integrated Graphics,FALSE,512,SSD,15.6,Full HD,FALSE,1.7,,Windows 11 Home,FALSE,FALSE,TRUE,TRUE,TRUE
laptop,ASUS Vivobook 15 Intel Core i3 12th Gen 1215U - (8 GB/512 GB SSD/Windows 11 Home) X1502ZA-EJ953WS Thin...,https://www.flipkart.com/asus-vivobook-15-intel-core-i3-12th-gen-1215u-8-gb-512-gb-ssd-windows-11-home-x1502za-ej953ws-thin-light-laptop/p/itm3b11f9400fcd8?pid=COMGZKHQ8BXZFBUT&lid=LSTCOMGZKHQ8BXZFBUTEXWMPL&marketplace=FLIPKART&store=6bo%2Fb5g&srno=b_9_203&otracker=browse&fm=organic&iid=e967e8bf-715a-48ec-add8-04622ba84809.COMGZKHQ8BXZFBUT.SEARCH&ppt=None&ppn=None&ssid=nrtqws3b400000001764345687537,30990,4.3,606,https://rukminim2.flixcart.com/image/312/312/xif0q/computer/m/f/5/-original-imahg53uzmw8kka5.jpeg?q=70,"ASUS Vivobook 15 Intel Core i3 12th Gen 1215U - (8 GB/512 GB SSD/Windows 11 Home) X1502ZA-EJ953WS Thin.... powered by Intel Core i3. 8GB DDR4 RAM. 512.0GB SSD. 15.6"" Full HD display. weighs 1.7kg. running Windows 11 Home.",ASUS,Icelight Silver,Thin and Light Laptop,Intel,Core i3,8,DDR4,Intel,Integrated Graphics,FALSE,512,SSD,15.6,Full HD,FALSE,1.7,,Windows 11 Home,FALSE,FALSE,FALSE,TRUE,TRUE
laptop,DELL Latitude 3550 (2025) Intel Core i3 13th Gen 1315U - (16 GB/512 GB SSD/Windows 11 Home) Latitude 3...,https://www.flipkart.com/dell-latitude-3550-2025-intel-core-i3-13th-gen-1315u-16-gb-512-gb-ssd-windows-11-home-thin-light-laptop/p/itm49c1e413434bd?pid=COMHFAHVQVASQC9W&lid=LSTCOMHFAHVQVASQC9WAHNMHD&marketplace=FLIPKART&store=6bo%2Fb5g&srno=b_9_204&otracker=browse&fm=organic&iid=e967e8bf-715a-48ec-add8-04622ba84809.COMHFAHVQVASQC9W.SEARCH&ppt=None&ppn=None&ssid=nrtqws3b400000001764345687537,38990,4,3,https://rukminim2.flixcart.com/image/312/312/xif0q/computer/8/r/e/latitude-3550-thin-and-light-laptop-dell-original-imahfahvdtqtzttv.jpeg?q=70,"DELL Latitude 3550 (2025) Intel Core i3 13th Gen 1315U - (16 GB/512 GB SSD/Windows 11 Home) Latitude 3.... powered by Intel Core i3. 16GB DDR5 RAM. 512.0GB SSD. 15.6"" HD display. weighs 1.6kg. running Windows 11 Home.",DELL,Smoky Black,Thin and Light Laptop,Intel,Core i3,16,DDR5,Intel,Integrated Graphics,FALSE,512,SSD,15.6,HD,TRUE,1.6,,Windows 11 Home,FALSE,FALSE,TRUE,TRUE,TRUE
laptop,MOTOROLA Motobook 60 Full Metal OLED (i5 14th Gen) Intel Core 5 (Series 2) 210H - (16 GB/512 GB SSD/Wi...,https://www.flipkart.com/motorola-motobook-60-full-metal-oled-i5-14th-gen-intel-core-5-series-2-210h-16-gb-512-gb-ssd-windows-11-home-14irh10r-thin-light-laptop/p/itme7b254581c42e?pid=COMHAUZW4MMNNCGT&lid=LSTCOMHAUZW4MMNNCGTEVATRK&marketplace=FLIPKART&store=6bo%2Fb5g&srno=b_9_205&otracker=browse&fm=organic&iid=en_NSmv62N0nFMDySv0uEqY4-RuGqMIpb9JTu7Hifai7fMeDke11MvUWKDxV7w4f9OSTtQ3kAa7GWVHZmlPP8GfYQ%3D%3D&ppt=None&ppn=None&ssid=nrtqws3b400000001764345687537,49990,4.4,200,https://rukminim2.flixcart.com/image/312/312/xif0q/computer/g/r/p/-original-imahg5ftvnmqhgqp.jpeg?q=70,"MOTOROLA Motobook 60 Full Metal OLED (i5 14th Gen) Intel Core 5 (Series 2) 210H - (16 GB/512 GB SSD/Wi.... powered by Intel Core 5 (Series 2). 16GB DDR5 RAM. 512.0GB SSD. 14.0"" OLED display. weighs 1.4kg. running Windows 11 Home.",MOTOROLA,PANTONE Bronze Green,Thin and Light Laptop,Intel,Core 5 (Series 2),16,DDR5,Intel,Integrated Graphics,FALSE,512,SSD,14,OLED,FALSE,1.4,,Windows 11 Home,FALSE,FALSE,TRUE,TRUE,TRUE
laptop,Lenovo IdeaPad Slim 3 Intel Core i5 12th Gen 12450H - (8 GB/512 GB SSD/Windows 11 Home) 15IAH8 Thin an...,https://www.flipkart.com/lenovo-ideapad-slim-3-intel-core-i5-12th-gen-12450h-8-gb-512-gb-ssd-windows-11-home-15iah8-thin-light-laptop/p/itm76f0e5d975817?pid=COMH44PGGQEJWKVN&lid=LSTCOMH44PGGQEJWKVNWXRUNE&marketplace=FLIPKART&store=6bo%2Fb5g&srno=b_9_206&otracker=browse&fm=organic&iid=e967e8bf-715a-48ec-add8-04622ba84809.COMH44PGGQEJWKVN.SEARCH&ppt=None&ppn=None&ssid=nrtqws3b400000001764345687537,45990,4.3,58,https://rukminim2.flixcart.com/image/312/312/xif0q/computer/w/m/z/-original-imahg4pem5c3w6hy.jpeg?q=70,"Lenovo IdeaPad Slim 3 Intel Core i5 12th Gen 12450H - (8 GB/512 GB SSD/Windows 11 Home) 15IAH8 Thin an.... powered by Intel Core i5. 8GB LPDDR5 RAM. 512.0GB SSD. 15.6"" IPS display. weighs 1.62kg. running Windows 11 Home.",Lenovo,Arctic Grey,Thin and Light Laptop,Intel,Core i5,8,LPDDR5,Intel,Integrated Graphics,FALSE,512,SSD,15.6,IPS,FALSE,1.62,,Windows 11 Home,FALSE,FALSE,FALSE,TRUE,TRUE
laptop,DELL 15 Intel Core i3 13th Gen 1305U - (16 GB/512 GB SSD/Windows 11 Home) OVN353025001RING1O Thin and ...,https://www.flipkart.com/dell-15-intel-core-i3-13th-gen-1305u-16-gb-512-gb-ssd-windows-11-home-ovn353025001ring1o-thin-light-laptop/p/itmb007cf7efac41?pid=COMHD99W94EPN2H2&lid=LSTCOMHD99W94EPN2H28GBQQL&marketplace=FLIPKART&store=6bo%2Fb5g&srno=b_9_207&otracker=browse&fm=organic&iid=en_NSmv62N0nFMDySv0uEqY4-RuGqMIpb9JTu7Hifai7fOrn_tgqpQxYcY0qzqEs_Jgxmq-N3ckn5uu7Zz4vmIU_vUFjCTyOHoHZs-Z5_PS_w0%3D&ppt=None&ppn=None&ssid=nrtqws3b400000001764345687537,38990,4.2,31,https://rukminim2.flixcart.com/image/312/312/xif0q/computer/f/i/b/-original-imahgx8ws7ypyhmd.jpeg?q=70,"DELL 15 Intel Core i3 13th Gen 1305U - (16 GB/512 GB SSD/Windows 11 Home) OVN353025001RING1O Thin and .... powered by Intel Core i3. 16GB DDR4 RAM. 512.0GB SSD. 15.6"" HD display. weighs 1.66kg. running Windows 11 Home.",DELL,Titan Grey,Thin and Light Laptop,Intel,Core i3,16,DDR4,Intel,Integrated Graphics,FALSE,512,SSD,15.6,HD,FALSE,1.66,,Windows 11 Home,FALSE,FALSE,TRUE,TRUE,TRUE
laptop,Lenovo IdeaPad Slim 5 Co-Pilot Next Gen AI PC Full Metal Snapdragon X Plus - (16 GB/1 TB SSD/Windows 1...,https://www.flipkart.com/lenovo-ideapad-slim-5-co-pilot-next-gen-ai-pc-full-metal-snapdragon-x-plus-16-gb-1-tb-ssd-windows-11-home-14q8x9-thin-light-laptop/p/itm8a59041fc8c0f?pid=COMH4N9CZ7JKPQQC&lid=LSTCOMH4N9CZ7JKPQQCOFLXDU&marketplace=FLIPKART&store=6bo%2Fb5g&srno=b_9_208&otracker=browse&fm=organic&iid=en_NSmv62N0nFMDySv0uEqY4-RuGqMIpb9JTu7Hifai7fPMJGqQwSoG2_UdchX8w4W3sQZOMXCSfQ57uU2tYWgzIvUFjCTyOHoHZs-Z5_PS_w0%3D&ppt=None&ppn=None&ssid=nrtqws3b400000001764345687537,57990,4.1,68,https://rukminim2.flixcart.com/image/312/312/xif0q/computer/6/l/r/-original-imahg5fxwyqndjhu.jpeg?q=70,"Lenovo IdeaPad Slim 5 Co-Pilot Next Gen AI PC Full Metal Snapdragon X Plus - (16 GB/1 TB SSD/Windows 1.... powered by Snapdragon X Plus. 16GB LPDDR5X RAM. 1024.0GB SSD. 14.0"" IPS display. weighs 1.48kg. running Windows 11 Home.",Lenovo,Cloud Grey,Thin and Light Laptop,Snapdragon,X Plus,16,LPDDR5X,Qualcomm,Adreno,FALSE,1024,SSD,14,IPS,FALSE,1.48,,Windows 11 Home,FALSE,FALSE,TRUE,TRUE,TRUE
laptop,Lenovo IdeaPad Slim 3 Intel Core i5 12th Gen 12450H - (16 GB/512 GB SSD/Windows 11 Home) 15IAH8 Thin a...,https://www.flipkart.com/lenovo-ideapad-slim-3-intel-core-i5-12th-gen-12450h-16-gb-512-gb-ssd-windows-11-home-15iah8-thin-light-laptop/p/itm76f0e5d975817?pid=COMGX2XUHXRRPTG9&lid=LSTCOMGX2XUHXRRPTG9H0JMPF&marketplace=FLIPKART&store=6bo%2Fb5g&srno=b_9_209&otracker=browse&fm=organic&iid=e967e8bf-715a-48ec-add8-04622ba84809.COMGX2XUHXRRPTG9.SEARCH&ppt=None&ppn=None&ssid=nrtqws3b400000001764345687537,48990,4,4,https://rukminim2.flixcart.com/image/312/312/xif0q/computer/h/l/i/-original-imahex3u7rhsva6n.jpeg?q=70,"Lenovo IdeaPad Slim 3 Intel Core i5 12th Gen 12450H - (16 GB/512 GB SSD/Windows 11 Home) 15IAH8 Thin a.... powered by Intel Core i5. 16GB LPDDR5 RAM. 512.0GB SSD. 15.6"" IPS display. weighs 1.62kg. running Windows 11 Home.",Lenovo,Arctic Grey,Thin and Light Laptop,Intel,Core i5,16,LPDDR5,Intel,Integrated Graphics,FALSE,512,SSD,15.6,IPS,FALSE,1.62,,Windows 11 Home,FALSE,FALSE,TRUE,TRUE,TRUE
laptop,DELL 14 (2025) Intel Core i3 13th Gen 1305U - (16 GB/512 GB SSD/Windows 11 Pro) 14 Thin and Light Lapt...,https://www.flipkart.com/dell-14-2025-intel-core-i3-13th-gen-1305u-16-gb-512-gb-ssd-windows-11-pro-thin-light-laptop/p/itm97c6a9e61a155?pid=COMHERGVNSV8ZAYP&lid=LSTCOMHERGVNSV8ZAYPCSNXXZ&marketplace=FLIPKART&store=6bo%2Fb5g&srno=b_9_210&otracker=browse&fm=organic&iid=e967e8bf-715a-48ec-add8-04622ba84809.COMHERGVNSV8ZAYP.SEARCH&ppt=None&ppn=None&ssid=nrtqws3b400000001764345687537,37790,4.3,11,https://rukminim2.flixcart.com/image/312/312/xif0q/computer/l/g/j/inspiron-5440-thin-and-light-laptop-dell-original-imahergvsay7kepc.jpeg?q=70,"DELL 14 (2025) Intel Core i3 13th Gen 1305U - (16 GB/512 GB SSD/Windows 11 Pro) 14 Thin and Light Lapt.... powered by Intel Core i3. 16GB DDR5 RAM. 512.0GB SSD. 14.0"" IPS display. weighs 1.5kg. running Windows 11 Pro.",DELL,Ice Blue,Thin and Light Laptop,Intel,Core i3,16,DDR5,Intel,Integrated Graphics,FALSE,512,SSD,14,IPS,TRUE,1.5,,Windows 11 Pro,FALSE,FALSE,TRUE,TRUE,TRUE
laptop,ASUS Vivobook Go 15 AMD Ryzen 5 Quad Core 7520U - (8 GB/512 GB SSD/Windows 11 Home) E1504FA-NJ132WS | ...,https://www.flipkart.com/asus-vivobook-go-15-amd-ryzen-5-quad-core-7520u-8-gb-512-gb-ssd-windows-11-home-e1504fa-nj132ws-e1504fa-nj521ws-thin-light-laptop/p/itm657eb80ea799a?pid=COMH9499JNGDGTZ5&lid=LSTCOMH9499JNGDGTZ5WJGUDN&marketplace=FLIPKART&store=6bo%2Fb5g&srno=b_9_211&otracker=browse&fm=organic&iid=en_NSmv62N0nFMDySv0uEqY4-RuGqMIpb9JTu7Hifai7fMFksce3AwsBt1dlbPNXRfNA7n7AfVUkWPBQmloXe9mZqV8WX5krIChubBlraAu4CQ%3D&ppt=None&ppn=None&ssid=nrtqws3b400000001764345687537,36990,4.2,49,https://rukminim2.flixcart.com/image/312/312/xif0q/computer/k/b/i/-original-imahg53xeuxqm6bv.jpeg?q=70,"ASUS Vivobook Go 15 AMD Ryzen 5 Quad Core 7520U - (8 GB/512 GB SSD/Windows 11 Home) E1504FA-NJ132WS | .... powered by AMD Ryzen 5. 8GB LPDDR5 RAM. 512.0GB SSD. AMD Radeon Amd graphics. 15.6"" Full HD display. weighs 1.63kg. running Windows 11 Home.",ASUS,Cool Silver,Thin and Light Laptop,AMD,Ryzen 5,8,LPDDR5,AMD,Radeon Amd,TRUE,512,SSD,15.6,Full HD,FALSE,1.63,,Windows 11 Home,TRUE,FALSE,FALSE,TRUE,TRUE
laptop,"ASUS Vivobook S16 OLED (2025) with Backlit Keyboard, Metal Body*, Qualcomm Snapdragon X - (16 GB/512 G...",https://www.flipkart.com/asus-vivobook-s16-oled-2025-backlit-keyboard-metal-body-qualcomm-snapdragon-x-16-gb-512-gb-ssd-windows-11-home-s3607qa-sh078ws-thin-light-laptop/p/itm252509f1beb81?pid=COMHCQ5EYNZ2HRWW&lid=LSTCOMHCQ5EYNZ2HRWWUYQZ3F&marketplace=FLIPKART&store=6bo%2Fb5g&srno=b_9_212&otracker=browse&fm=organic&iid=en_NSmv62N0nFMDySv0uEqY4-RuGqMIpb9JTu7Hifai7fMKqDipGF79g_Me0DJDVbjBW8cb0MjlVyzUTxFrorRXaA891ypMzu4_aryI8_sihJ8%3D&ppt=None&ppn=None&ssid=nrtqws3b400000001764345687537,71990,4.4,51,https://rukminim2.flixcart.com/image/312/312/xif0q/computer/g/4/k/-original-imahfn3geekjdudx.jpeg?q=70,"ASUS Vivobook S16 OLED (2025) with Backlit Keyboard, Metal Body*, Qualcomm Snapdragon X - (16 GB/512 G.... powered by Qualcomm Snapdragon X. 16GB LPDDR5X RAM. 512.0GB SSD. 16.0"" Full HD display. weighs 1.74kg. running Windows 11 Home.",ASUS,Pink,Thin and Light Laptop,Qualcomm,Snapdragon X,16,LPDDR5X,Qualcomm,Adreno,FALSE,512,SSD,16,Full HD,FALSE,1.74,,Windows 11 Home,FALSE,FALSE,TRUE,TRUE,TRUE
laptop,"Acer Swift Neo with Backlit Keyboard, Intel Core Ultra 7 155U - (16 GB/512 GB SSD/Windows 11 Home) SFN...",https://www.flipkart.com/acer-swift-neo-backlit-keyboard-intel-core-ultra-7-155u-16-gb-512-gb-ssd-windows-11-home-sfn14-54h-thin-light-laptop/p/itm84801184d63e1?pid=COMHDZRBCFZZGBWR&lid=LSTCOMHDZRBCFZZGBWRRHFLX5&marketplace=FLIPKART&store=6bo%2Fb5g&srno=b_9_213&otracker=browse&fm=organic&iid=e967e8bf-715a-48ec-add8-04622ba84809.COMHDZRBCFZZGBWR.SEARCH&ppt=None&ppn=None&ssid=nrtqws3b400000001764345687537,62990,4,16,https://rukminim2.flixcart.com/image/312/312/xif0q/computer/7/l/a/-original-imahgx8wtvrqhczr.jpeg?q=70,"Acer Swift Neo with Backlit Keyboard, Intel Core Ultra 7 155U - (16 GB/512 GB SSD/Windows 11 Home) SFN.... powered by Intel Core Ultra 7. 16GB LPDDR5 RAM. 512.0GB SSD. 14.0"" OLED display. weighs 1.3kg. running Windows 11 Home.",Acer,Silver,Thin and Light Laptop,Intel,Core Ultra 7,16,LPDDR5,Intel,Integrated Graphics,FALSE,512,SSD,14,OLED,FALSE,1.3,,Windows 11 Home,FALSE,FALSE,TRUE,TRUE,TRUE
laptop,MSI Intel Core i3 12th Gen 1215U - (16 GB/512 GB SSD/Windows 11 Home) Modern 14 C12MO-1402IN Business ...,https://www.flipkart.com/msi-intel-core-i3-12th-gen-1215u-16-gb-512-gb-ssd-windows-11-home-modern-14-c12mo-1402in-business-laptop/p/itm8820edd8b6c55?pid=COMH3YTFU2GCEHTR&lid=LSTCOMH3YTFU2GCEHTRP5ZM8A&marketplace=FLIPKART&store=6bo%2Fb5g&srno=b_9_214&otracker=browse&fm=organic&iid=e967e8bf-715a-48ec-add8-04622ba84809.COMH3YTFU2GCEHTR.SEARCH&ppt=None&ppn=None&ssid=nrtqws3b400000001764345687537,31500,4.2,10,https://rukminim2.flixcart.com/image/312/312/xif0q/computer/w/u/i/-original-imahg52mqrgqpgd6.jpeg?q=70,"MSI Intel Core i3 12th Gen 1215U - (16 GB/512 GB SSD/Windows 11 Home) Modern 14 C12MO-1402IN Business .... powered by Intel Core i3. 16GB DDR4 RAM. 512.0GB SSD. 14.0"" IPS display. weighs 1.4kg. running Windows 11 Home.",MSI,Urban Silver,Business Laptop,Intel,Core i3,16,DDR4,Intel,Integrated Graphics,FALSE,512,SSD,14,IPS,FALSE,1.4,,Windows 11 Home,FALSE,FALSE,TRUE,TRUE,TRUE
laptop,"ASUS Vivobook S14 Flip (2025) with Office 2024 + M365 Basic*, Backlit Keyboard, Intel Core i5 13th Gen...",https://www.flipkart.com/asus-vivobook-s14-flip-2025-office-2024-m365-basic-backlit-keyboard-intel-core-i5-13th-gen-13420h-16-gb-512-gb-ssd-windows-11-home-tp3402vao-lz612ws-2-1-laptop/p/itme494b3629a714?pid=COMH9SJ9VAJ7ZD99&lid=LSTCOMH9SJ9VAJ7ZD99ZNVNMB&marketplace=FLIPKART&store=6bo%2Fb5g&srno=b_9_215&otracker=browse&fm=organic&iid=en_NSmv62N0nFMDySv0uEqY4-RuGqMIpb9JTu7Hifai7fPo_JBFLxcIyFRYXn_3zoN9dFkRelIWHe0RXA3B_oL1dBhTy0lUJ14SzoMSv_CzLF0%3D&ppt=None&ppn=None&ssid=nrtqws3b400000001764345687537,63990,4.4,51,https://rukminim2.flixcart.com/image/312/312/xif0q/computer/a/s/e/-original-imahg4ut9hnhkwhg.jpeg?q=70,"ASUS Vivobook S14 Flip (2025) with Office 2024 + M365 Basic*, Backlit Keyboard, Intel Core i5 13th Gen.... powered by Intel Core i5. 16GB DDR4 RAM. 512.0GB SSD. 14.0"" IPS display. weighs 1.65kg. running Windows 11 Home.",ASUS,Transparent Silver,2 in 1 Laptop,Intel,Core i5,16,DDR4,Intel,Integrated Graphics,FALSE,512,SSD,14,IPS,FALSE,1.65,,Windows 11 Home,FALSE,FALSE,TRUE,TRUE,TRUE
laptop,Samsung Galaxy Book5 360 Next Gen AI PC Full Metal Chasis Intel Core Ultra 5 226V - (16 GB/512 GB SSD/...,https://www.flipkart.com/samsung-galaxy-book5-360-next-gen-ai-pc-full-metal-chasis-intel-core-ultra-5-226v-16-gb-512-gb-ssd-windows-11-home-np750qha-2-1-laptop/p/itmc76ec3e8002b4?pid=COMH9PHPRY2KUCGG&lid=LSTCOMH9PHPRY2KUCGGLZSALD&marketplace=FLIPKART&store=6bo%2Fb5g&srno=b_9_216&otracker=browse&fm=organic&iid=e967e8bf-715a-48ec-add8-04622ba84809.COMH9PHPRY2KUCGG.SEARCH&ppt=None&ppn=None&ssid=nrtqws3b400000001764345687537,98594,4.5,5,https://rukminim2.flixcart.com/image/312/312/xif0q/computer/m/m/s/-original-imahg5fuwhshfdhk.jpeg?q=70,"Samsung Galaxy Book5 360 Next Gen AI PC Full Metal Chasis Intel Core Ultra 5 226V - (16 GB/512 GB SSD/.... powered by Intel Core Ultra 5. 16GB LPDDR5X RAM. 512.0GB SSD. 15.6"" OLED display. weighs 1.46kg. running Windows 11 Home.",Samsung,Gray,2 in 1 Laptop,Intel,Core Ultra 5,16,LPDDR5X,Intel,Integrated Graphics,FALSE,512,SSD,15.6,OLED,FALSE,1.46,,Windows 11 Home,FALSE,FALSE,TRUE,TRUE,TRUE
laptop,Samsung Galaxy Book4 Edge Series Copilot AI-PC Full Metal Chasis Qualcomm Snapdragon X - (16 GB/512 GB...,https://www.flipkart.com/samsung-galaxy-book4-edge-series-copilot-ai-pc-full-metal-chasis-qualcomm-snapdragon-x-16-gb-512-gb-ssd-windows-11-home-np750xqb-ka1in-thin-light-laptop/p/itm1d61ec8d90cc7?pid=COMHE4ATFWNVHXHS&lid=LSTCOMHE4ATFWNVHXHSIHS0FO&marketplace=FLIPKART&store=6bo%2Fb5g&srno=b_10_217&otracker=browse&fm=organic&iid=en_oNDGDyp9qZvJPpUcJ1u3FyzM4za__ZKEhET68cquO56yeMRzNvCNT-Mj-xHUWt8W_lVT3mDZ57aAKquXI1m8ovUFjCTyOHoHZs-Z5_PS_w0%3D&ppt=None&ppn=None&ssid=kbj42vwkhc0000001764345695330,64990,4.4,128,https://rukminim2.flixcart.com/image/312/312/xif0q/computer/a/g/p/-original-imahgwkqughzkwt3.jpeg?q=70,"Samsung Galaxy Book4 Edge Series Copilot AI-PC Full Metal Chasis Qualcomm Snapdragon X - (16 GB/512 GB.... powered by Qualcomm Snapdragon X. 16GB LPDDR5X RAM. 512.0GB SSD. 15.6"" HD display. weighs 1.55kg. running Windows 11 Home.",Samsung,Sapphire Blue,Thin and Light Laptop,Qualcomm,Snapdragon X,16,LPDDR5X,Qualcomm,Adreno,FALSE,512,SSD,15.6,HD,FALSE,1.55,,Windows 11 Home,FALSE,FALSE,TRUE,TRUE,TRUE
laptop,"ASUS Vivobook 15 (2025) with Office 2024 + M365 Basic*, Intel Core i3 13th Gen 1315U - (8 GB/512 GB SS...",https://www.flipkart.com/asus-vivobook-15-2025-office-2024-m365-basic-intel-core-i3-13th-gen-1315u-8-gb-512-gb-ssd-windows-11-home-x1504va-nj3700ws-thin-light-laptop/p/itmf31c79724a398?pid=COMHCQ5ECZZV6THK&lid=LSTCOMHCQ5ECZZV6THKTW8YMF&marketplace=FLIPKART&store=6bo%2Fb5g&srno=b_10_218&otracker=browse&fm=organic&iid=en_oNDGDyp9qZvJPpUcJ1u3FyzM4za__ZKEhET68cquO57sSsXzcEyo6qyGQAFNQFmmVLCGCpnr56tU-0Batk7usvUFjCTyOHoHZs-Z5_PS_w0%3D&ppt=None&ppn=None&ssid=kbj42vwkhc0000001764345695330,34990,4.3,163,https://rukminim2.flixcart.com/image/312/312/xif0q/computer/b/l/v/-original-imahgfdffszmurd7.jpeg?q=70,"ASUS Vivobook 15 (2025) with Office 2024 + M365 Basic*, Intel Core i3 13th Gen 1315U - (8 GB/512 GB SS.... powered by Intel Core i3. 8GB DDR4 RAM. 512.0GB SSD. 15.6"" Full HD display. weighs 1.7kg. running Windows 11 Home.",ASUS,Terra Cotta,Thin and Light Laptop,Intel,Core i3,8,DDR4,Intel,Integrated Graphics,FALSE,512,SSD,15.6,Full HD,FALSE,1.7,,Windows 11 Home,FALSE,FALSE,FALSE,TRUE,TRUE
laptop,Lenovo IdeaPad Slim 3 Backlit Keyboard with MSO'2024 Intel Core i5 13th Gen 13420H - (24 GB/1 TB SSD/W...,https://www.flipkart.com/lenovo-ideapad-slim-3-backlit-keyboard-mso-2024-intel-core-i5-13th-gen-13420h-24-gb-1-tb-ssd-windows-11-home-15irh10-thin-light-laptop/p/itm30f98a31cb8fb?pid=COMHDYG7TFGZRMFZ&lid=LSTCOMHDYG7TFGZRMFZTINJTD&marketplace=FLIPKART&store=6bo%2Fb5g&srno=b_10_219&otracker=browse&fm=organic&iid=b5958920-3b7c-474f-9536-4cba543faedb.COMHDYG7TFGZRMFZ.SEARCH&ppt=None&ppn=None&ssid=kbj42vwkhc0000001764345695330,63990,4.4,3,https://rukminim2.flixcart.com/image/312/312/xif0q/computer/o/a/w/-original-imahb85kfwupn2ay.jpeg?q=70,"Lenovo IdeaPad Slim 3 Backlit Keyboard with MSO'2024 Intel Core i5 13th Gen 13420H - (24 GB/1 TB SSD/W.... powered by Intel Core i5. 24GB DDR5 RAM. 1024.0GB SSD. 15.3"" IPS display. weighs 1.59kg. running Windows 11 Home.",Lenovo,Luna Grey,Thin and Light Laptop,Intel,Core i5,24,DDR5,Intel,Integrated Graphics,FALSE,1024,SSD,15.3,IPS,FALSE,1.59,50,Windows 11 Home,FALSE,FALSE,TRUE,TRUE,TRUE
laptop,CHUWI Intel Core i3 12th Gen Intel Core i3-1215U - (12 GB/512 GB SSD/Windows 11 Home) FreeBook 2 in 1 ...,https://www.flipkart.com/chuwi-intel-core-i3-12th-gen-i3-1215u-12-gb-512-gb-ssd-windows-11-home-freebook-2-1-laptop/p/itmc5e3f409e7e39?pid=COMGQJZPSGFFF7V7&lid=LSTCOMGQJZPSGFFF7V7T2BU4F&marketplace=FLIPKART&store=6bo%2Fb5g&srno=b_10_220&otracker=browse&fm=organic&iid=b5958920-3b7c-474f-9536-4cba543faedb.COMGQJZPSGFFF7V7.SEARCH&ppt=None&ppn=None&ssid=kbj42vwkhc0000001764345695330,37990,4,41,https://rukminim2.flixcart.com/image/312/312/xif0q/computer/b/m/q/freebook-2-in-1-laptop-chuwi-original-imagtywsu2c6ngn2.jpeg?q=70,"CHUWI Intel Core i3 12th Gen Intel Core i3-1215U - (12 GB/512 GB SSD/Windows 11 Home) FreeBook 2 in 1 .... powered by Intel Core i3. 12GB LPDDR4 RAM. 512.0GB SSD. 13.5"" Retina display. weighs 1.7kg. running Windows 11 Home.",CHUWI,Grey,2 in 1 Laptop,Intel,Core i3,12,LPDDR4,Intel,Integrated Graphics,FALSE,512,SSD,13.5,Retina,FALSE,1.7,,Windows 11 Home,FALSE,FALSE,FALSE,TRUE,TRUE
laptop,Lenovo IdeaPad Slim 3 Next Gen AI PC WUXGA IPS Copilot + PC Qualcomm Snapdragon X - (16 GB/512 GB SSD/...,https://www.flipkart.com/lenovo-ideapad-slim-3-next-gen-ai-pc-wuxga-ips-copilot-qualcomm-snapdragon-x-16-gb-512-gb-ssd-windows-11-home-15q8x10-thin-light-laptop/p/itm097ac7e15511b?pid=COMHDMJYDGBTMJXG&lid=LSTCOMHDMJYDGBTMJXG112MJM&marketplace=FLIPKART&store=6bo%2Fb5g&srno=b_10_221&otracker=browse&fm=organic&iid=en_oNDGDyp9qZvJPpUcJ1u3FyzM4za__ZKEhET68cquO55NMRQ5ayiq0nVE5dphbt7uNwAKNkUyoQ8jObELuPEQTPUFjCTyOHoHZs-Z5_PS_w0%3D&ppt=None&ppn=None&ssid=kbj42vwkhc0000001764345695330,49990,4.3,27,https://rukminim2.flixcart.com/image/312/312/xif0q/computer/d/z/z/-original-imahgfdfx3hhguyc.jpeg?q=70,"Lenovo IdeaPad Slim 3 Next Gen AI PC WUXGA IPS Copilot + PC Qualcomm Snapdragon X - (16 GB/512 GB SSD/.... powered by Qualcomm Snapdragon X. 16GB LPDDR5X RAM. 512.0GB SSD. 15.3"" IPS display. weighs 1.55kg. running Windows 11 Home.",Lenovo,Luna Grey,Thin and Light Laptop,Qualcomm,Snapdragon X,16,LPDDR5X,Qualcomm,Adreno,FALSE,512,SSD,15.3,IPS,FALSE,1.55,50,Windows 11 Home,FALSE,FALSE,TRUE,TRUE,TRUE
laptop,Acer Aspire 3 Intel Core i3 13th Gen 1305U - (8 GB/512 GB SSD/Windows 11 Home) A324-53 Thin and Light ...,https://www.flipkart.com/acer-aspire-3-intel-core-i3-13th-gen-1305u-8-gb-512-gb-ssd-windows-11-home-a324-53-thin-light-laptop/p/itma6a6812aa712e?pid=COMH4B6CGTPNVJW9&lid=LSTCOMH4B6CGTPNVJW9JOF4ZC&marketplace=FLIPKART&store=6bo%2Fb5g&srno=b_10_222&otracker=browse&fm=organic&iid=en_oNDGDyp9qZvJPpUcJ1u3FyzM4za__ZKEhET68cquO54CfufezOwWuzymxVe7jooQp5iBsv_cHJc2xbWysDCSOfUFjCTyOHoHZs-Z5_PS_w0%3D&ppt=None&ppn=None&ssid=kbj42vwkhc0000001764345695330,30990,4.3,233,https://rukminim2.flixcart.com/image/312/312/xif0q/computer/r/p/w/-original-imahg5fxzmyzbkv8.jpeg?q=70,"Acer Aspire 3 Intel Core i3 13th Gen 1305U - (8 GB/512 GB SSD/Windows 11 Home) A324-53 Thin and Light .... powered by Intel Core i3. 8GB DDR4 RAM. 512.0GB SSD. 14.0"" HD display. weighs 1.45kg. running Windows 11 Home.",Acer,Steel Gray,Thin and Light Laptop,Intel,Core i3,8,DDR4,Intel,Integrated Graphics,FALSE,512,SSD,14,HD,FALSE,1.45,,Windows 11 Home,FALSE,FALSE,FALSE,TRUE,TRUE
laptop,MSI Intel Core i5 12th Gen 1235U - (8 GB/512 GB SSD/Windows 11 Home) Modern 15 B12MO-1051IN Business L...,https://www.flipkart.com/msi-intel-core-i5-12th-gen-1235u-8-gb-512-gb-ssd-windows-11-home-modern-15-b12mo-1051in-business-laptop/p/itm21f8007ef0cd1?pid=COMH3YTFERG7TRET&lid=LSTCOMH3YTFERG7TRET0EWIZW&marketplace=FLIPKART&store=6bo%2Fb5g&srno=b_10_223&otracker=browse&fm=organic&iid=b5958920-3b7c-474f-9536-4cba543faedb.COMH3YTFERG7TRET.SEARCH&ppt=None&ppn=None&ssid=kbj42vwkhc0000001764345695330,43990,4.2,1,https://rukminim2.flixcart.com/image/312/312/xif0q/computer/e/c/2/-original-imahg4usyz5hqfga.jpeg?q=70,"MSI Intel Core i5 12th Gen 1235U - (8 GB/512 GB SSD/Windows 11 Home) Modern 15 B12MO-1051IN Business L.... powered by Intel Core i5. 8GB DDR4 RAM. 512.0GB SSD. 15.0"" IPS display. weighs 1.7kg. running Windows 11 Home.",MSI,Classic Black,Business Laptop,Intel,Core i5,8,DDR4,Intel,Iris Xe,FALSE,512,SSD,15,IPS,FALSE,1.7,,Windows 11 Home,FALSE,FALSE,FALSE,TRUE,TRUE
laptop,"ASUS Vivobook S14 (2025) with Office 2024 + M365 Basic*, AI PC, Backlit Keyboard, Qualcomm Snapdragon ...",https://www.flipkart.com/asus-vivobook-s14-2025-office-2024-m365-basic-ai-pc-backlit-keyboard-qualcomm-snapdragon-x-16-gb-512-gb-ssd-windows-11-home-s3407qa-kp027ws-thin-light-laptop/p/itmafafdebe9e0fe?pid=COMH9SJ9R2XPUEKZ&lid=LSTCOMH9SJ9R2XPUEKZ5XQBHY&marketplace=FLIPKART&store=6bo%2Fb5g&srno=b_10_224&otracker=browse&fm=organic&iid=b5958920-3b7c-474f-9536-4cba543faedb.COMH9SJ9R2XPUEKZ.SEARCH&ppt=None&ppn=None&ssid=kbj42vwkhc0000001764345695330,64990,4.4,51,https://rukminim2.flixcart.com/image/312/312/xif0q/computer/y/l/y/-original-imahgfdfj7hkyhr6.jpeg?q=70,"ASUS Vivobook S14 (2025) with Office 2024 + M365 Basic*, AI PC, Backlit Keyboard, Qualcomm Snapdragon .... powered by Qualcomm Snapdragon X. 16GB LPDDR5X RAM. 512.0GB SSD. AMD Radeon Amd graphics. 14.0"" IPS display. weighs 1.39kg. running Windows 11 Home.",ASUS,Matte Gray,Thin and Light Laptop,Qualcomm,Snapdragon X,16,LPDDR5X,AMD,Radeon Amd,TRUE,512,SSD,14,IPS,FALSE,1.39,,Windows 11 Home,TRUE,TRUE,TRUE,TRUE,TRUE
laptop,"ASUS Vivobook 15 (2025) (i5 14th Gen) with MSO 2024 + M365 Basic*, Backlit Keyboard, Intel Core 5 120U...",https://www.flipkart.com/asus-vivobook-15-2025-i5-14th-gen-mso-2024-m365-basic-backlit-keyboard-intel-core-5-120u-16-gb-512-gb-ssd-windows-11-home-x1504vap-nj2862ws-thin-light-laptop/p/itm509f174cc1a04?pid=COMHDG7CFDWVKYMZ&lid=LSTCOMHDG7CFDWVKYMZSDYMWT&marketplace=FLIPKART&store=6bo%2Fb5g&srno=b_10_225&otracker=browse&fm=organic&iid=en_oNDGDyp9qZvJPpUcJ1u3FyzM4za__ZKEhET68cquO55woCzq_DcGn1wkMRYVawu1JubSY-XXxoDQMrwdvEBBPPUFjCTyOHoHZs-Z5_PS_w0%3D&ppt=None&ppn=None&ssid=kbj42vwkhc0000001764345695330,49990,4.3,79,https://rukminim2.flixcart.com/image/312/312/xif0q/computer/k/u/e/-original-imahcd8gzqjnp2vv.jpeg?q=70,"ASUS Vivobook 15 (2025) (i5 14th Gen) with MSO 2024 + M365 Basic*, Backlit Keyboard, Intel Core 5 120U.... powered by Intel Core 5. 16GB DDR4 RAM. 512.0GB SSD. 15.6"" Full HD display. weighs 1.7kg. running Windows 11 Home.",ASUS,Cool Silver,Thin and Light Laptop,Intel,Core 5,16,DDR4,Intel,Integrated Graphics,FALSE,512,SSD,15.6,Full HD,FALSE,1.7,,Windows 11 Home,FALSE,FALSE,TRUE,TRUE,TRUE
laptop,Acer Aspire 7 Intel Core i7 13th Gen 13620H - (16 GB/512 GB SSD/Windows 11 Home/6 GB Graphics/NVIDIA G...,https://www.flipkart.com/acer-aspire-7-intel-core-i7-13th-gen-13620h-16-gb-512-gb-ssd-windows-11-home-6-graphics-nvidia-geforce-rtx-3050-144-hz-a715-79g-gaming-laptop/p/itm0f412dd7943ad?pid=COMHD5WWFAGFXGN2&lid=LSTCOMHD5WWFAGFXGN2GWZ7AB&marketplace=FLIPKART&store=6bo%2Fb5g&srno=b_10_226&otracker=browse&fm=organic&iid=b5958920-3b7c-474f-9536-4cba543faedb.COMHD5WWFAGFXGN2.SEARCH&ppt=None&ppn=None&ssid=kbj42vwkhc0000001764345695330,69990,4.3,26,https://rukminim2.flixcart.com/image/312/312/xif0q/computer/m/i/m/-original-imahgfdfnayhh5h4.jpeg?q=70,"Acer Aspire 7 Intel Core i7 13th Gen 13620H - (16 GB/512 GB SSD/Windows 11 Home/6 GB Graphics/NVIDIA G.... powered by Intel Core i7. 16GB DDR4 RAM. 512.0GB SSD. NVIDIA RTX 3050 graphics. 15.6"" HD display. weighs 1.99kg. running Windows 11 Home.",Acer,Flame Black,Gaming Laptop,Intel,Core i7,16,DDR4,NVIDIA,RTX 3050,TRUE,512,SSD,15.6,HD,FALSE,1.99,,Windows 11 Home,TRUE,TRUE,TRUE,TRUE,TRUE
laptop,DELL 15 Intel Core i3 13th Gen 1305U - (16 GB/512 GB SSD/Windows 11 Home) OVN353025001RING1O Thin and ...,https://www.flipkart.com/dell-15-intel-core-i3-13th-gen-1305u-16-gb-512-gb-ssd-windows-11-home-ovn353025001ring1o-thin-light-laptop/p/itmb007cf7efac41?pid=COMHD99W94EPN2H2&lid=LSTCOMHD99W94EPN2H28GBQQL&marketplace=FLIPKART&store=6bo%2Fb5g&srno=b_10_227&otracker=browse&fm=organic&iid=en_oNDGDyp9qZvJPpUcJ1u3FyzM4za__ZKEhET68cquO565dIv6-O-RAdSPNpjbWHU1WBnJBIXtLIjEBwfbAtt7l_UFjCTyOHoHZs-Z5_PS_w0%3D&ppt=None&ppn=None&ssid=kbj42vwkhc0000001764345695330,38990,4.2,31,https://rukminim2.flixcart.com/image/312/312/xif0q/computer/f/i/b/-original-imahgx8ws7ypyhmd.jpeg?q=70,"DELL 15 Intel Core i3 13th Gen 1305U - (16 GB/512 GB SSD/Windows 11 Home) OVN353025001RING1O Thin and .... powered by Intel Core i3. 16GB DDR4 RAM. 512.0GB SSD. 15.6"" HD display. weighs 1.66kg. running Windows 11 Home.",DELL,Titan Grey,Thin and Light Laptop,Intel,Core i3,16,DDR4,Intel,Integrated Graphics,FALSE,512,SSD,15.6,HD,FALSE,1.66,,Windows 11 Home,FALSE,FALSE,TRUE,TRUE,TRUE
laptop,Lenovo IdeaPad Slim 5 Co-Pilot Next Gen AI PC Full Metal Snapdragon X Plus - (16 GB/1 TB SSD/Windows 1...,https://www.flipkart.com/lenovo-ideapad-slim-5-co-pilot-next-gen-ai-pc-full-metal-snapdragon-x-plus-16-gb-1-tb-ssd-windows-11-home-14q8x9-thin-light-laptop/p/itm8a59041fc8c0f?pid=COMH4N9CZ7JKPQQC&lid=LSTCOMH4N9CZ7JKPQQCOFLXDU&marketplace=FLIPKART&store=6bo%2Fb5g&srno=b_10_228&otracker=browse&fm=organic&iid=en_oNDGDyp9qZvJPpUcJ1u3FyzM4za__ZKEhET68cquO55T2joSrK_n4Mf89wgs0nXxmr8_Dvd2c2p1xsx-3Mn_CPUFjCTyOHoHZs-Z5_PS_w0%3D&ppt=None&ppn=None&ssid=kbj42vwkhc0000001764345695330,57990,4.1,68,https://rukminim2.flixcart.com/image/312/312/xif0q/computer/6/l/r/-original-imahg5fxwyqndjhu.jpeg?q=70,"Lenovo IdeaPad Slim 5 Co-Pilot Next Gen AI PC Full Metal Snapdragon X Plus - (16 GB/1 TB SSD/Windows 1.... powered by Snapdragon X Plus. 16GB LPDDR5X RAM. 1024.0GB SSD. 14.0"" IPS display. weighs 1.48kg. running Windows 11 Home.",Lenovo,Cloud Grey,Thin and Light Laptop,Snapdragon,X Plus,16,LPDDR5X,Qualcomm,Adreno,FALSE,1024,SSD,14,IPS,FALSE,1.48,,Windows 11 Home,FALSE,FALSE,TRUE,TRUE,TRUE
laptop,DELL Intel Core i3 13th Gen 1305U - (8 GB/512 GB SSD/Windows 11 Home) Inspiron 3530 Thin and Light Lap...,https://www.flipkart.com/dell-intel-core-i3-13th-gen-1305u-8-gb-512-gb-ssd-windows-11-home-inspiron-3530-thin-light-laptop/p/itm23d84e15561c4?pid=COMGWFY5XBAQKMGP&lid=LSTCOMGWFY5XBAQKMGPTVGICF&marketplace=FLIPKART&store=6bo%2Fb5g&srno=b_10_229&otracker=browse&fm=organic&iid=b5958920-3b7c-474f-9536-4cba543faedb.COMGWFY5XBAQKMGP.SEARCH&ppt=None&ppn=None&ssid=kbj42vwkhc0000001764345695330,34990,4.2,33,https://rukminim2.flixcart.com/image/312/312/xif0q/computer/h/s/9/inspiron-3520-thin-and-light-laptop-dell-original-imahfys2qpfbdwgp.jpeg?q=70,"DELL Intel Core i3 13th Gen 1305U - (8 GB/512 GB SSD/Windows 11 Home) Inspiron 3530 Thin and Light Lap.... powered by Intel Core i3. 8GB DDR4 RAM. 512.0GB SSD. 15.6"" HD display. weighs 1.62kg. running Windows 11 Home.",DELL,Platinum Silver,Thin and Light Laptop,Intel,Core i3,8,DDR4,Intel,Integrated Graphics,FALSE,512,SSD,15.6,HD,FALSE,1.62,,Windows 11 Home,FALSE,FALSE,FALSE,TRUE,TRUE
laptop,Apple MacBook Air M4 - (16 GB/512 GB SSD/macOS Sequoia) MC7C4HN/A,https://www.flipkart.com/apple-macbook-air-m4-16-gb-512-gb-ssd-macos-sequoia-mc7c4hn-a/p/itmdb7ee0ce0e128?pid=COMH9ZWQ389TVPJG&lid=LSTCOMH9ZWQ389TVPJGO1QM12&marketplace=FLIPKART&store=6bo%2Fb5g&srno=b_10_230&otracker=browse&fm=organic&iid=b5958920-3b7c-474f-9536-4cba543faedb.COMH9ZWQ389TVPJG.SEARCH&ppt=None&ppn=None&ssid=kbj42vwkhc0000001764345695330,135299,5,0,https://rukminim2.flixcart.com/image/312/312/xif0q/computer/c/o/7/-original-imahayjpsngfg4uf.jpeg?q=70,"Apple MacBook Air M4 - (16 GB/512 GB SSD/macOS Sequoia) MC7C4HN/A. powered by Apple M4. 16GB Unified Memory RAM. 512.0GB SSD. 15.3"" Retina display. weighs 1.51kg. running macOS Sequoia.",Apple,Sky Blue,Thin and Light Laptop,Apple,M4,16,Unified Memory,,,FALSE,512,SSD,15.3,Retina,FALSE,1.51,,macOS Sequoia,FALSE,FALSE,TRUE,TRUE,TRUE
laptop,ASUS Vivobook Go 15 AMD Ryzen 3 Quad Core 7320U - (8 GB/512 GB SSD/Windows 11 Home) E1504FA-NJ130WS | ...,https://www.flipkart.com/asus-vivobook-go-15-amd-ryzen-3-quad-core-7320u-8-gb-512-gb-ssd-windows-11-home-e1504fa-nj130ws-e1504fa-bq2322ws-thin-light-laptop/p/itm9af4f3b5de2ff?pid=COMH94992SQ8HYGZ&lid=LSTCOMH94992SQ8HYGZMHVF97&marketplace=FLIPKART&store=6bo%2Fb5g&srno=b_10_231&otracker=browse&fm=organic&iid=en_oNDGDyp9qZvJPpUcJ1u3FyzM4za__ZKEhET68cquO54rBM8i2O2OWfXLV-GNWU2_4s37nkXtPpbgFELKp_SOVvUFjCTyOHoHZs-Z5_PS_w0%3D&ppt=None&ppn=None&ssid=kbj42vwkhc0000001764345695330,30990,4.3,94,https://rukminim2.flixcart.com/image/312/312/xif0q/computer/m/y/o/-original-imahg5fxjta7gns7.jpeg?q=70,"ASUS Vivobook Go 15 AMD Ryzen 3 Quad Core 7320U - (8 GB/512 GB SSD/Windows 11 Home) E1504FA-NJ130WS | .... powered by AMD Ryzen 3. 8GB LPDDR5 RAM. 512.0GB SSD. AMD Radeon Amd graphics. 15.6"" Full HD display. weighs 1.63kg. running Windows 11 Home.",ASUS,Mixed Black,Thin and Light Laptop,AMD,Ryzen 3,8,LPDDR5,AMD,Radeon Amd,TRUE,512,SSD,15.6,Full HD,FALSE,1.63,,Windows 11 Home,TRUE,FALSE,FALSE,TRUE,TRUE
laptop,ASUS Vivobook Go 15 AMD Ryzen 5 Quad Core 7520U - (8 GB/512 GB SSD/Windows 11 Home) E1504FA-NJ132WS | ...,https://www.flipkart.com/asus-vivobook-go-15-amd-ryzen-5-quad-core-7520u-8-gb-512-gb-ssd-windows-11-home-e1504fa-nj132ws-e1504fa-nj521ws-thin-light-laptop/p/itm657eb80ea799a?pid=COMH9499JNGDGTZ5&lid=LSTCOMH9499JNGDGTZ5WJGUDN&marketplace=FLIPKART&store=6bo%2Fb5g&srno=b_10_232&otracker=browse&fm=organic&iid=en_oNDGDyp9qZvJPpUcJ1u3FyzM4za__ZKEhET68cquO576GEApT_aTS9NZ70cRy9ghUWkoD2J2j_YaEn3NUrRsVPUFjCTyOHoHZs-Z5_PS_w0%3D&ppt=None&ppn=None&ssid=kbj42vwkhc0000001764345695330,36990,4.2,49,https://rukminim2.flixcart.com/image/312/312/xif0q/computer/k/b/i/-original-imahg53xeuxqm6bv.jpeg?q=70,"ASUS Vivobook Go 15 AMD Ryzen 5 Quad Core 7520U - (8 GB/512 GB SSD/Windows 11 Home) E1504FA-NJ132WS | .... powered by AMD Ryzen 5. 8GB LPDDR5 RAM. 512.0GB SSD. AMD Radeon Amd graphics. 15.6"" Full HD display. weighs 1.63kg. running Windows 11 Home.",ASUS,Cool Silver,Thin and Light Laptop,AMD,Ryzen 5,8,LPDDR5,AMD,Radeon Amd,TRUE,512,SSD,15.6,Full HD,FALSE,1.63,,Windows 11 Home,TRUE,FALSE,FALSE,TRUE,TRUE
laptop,Lenovo LOQ AMD Ryzen 7 Octa Core 7435HS - (24 GB/512 GB SSD/Windows 11 Home/8 GB Graphics/NVIDIA GeFor...,https://www.flipkart.com/lenovo-loq-amd-ryzen-7-octa-core-7435hs-24-gb-512-gb-ssd-windows-11-home-8-graphics-nvidia-geforce-rtx-4060-15arp9-gaming-laptop/p/itmd3fbbdced2d6b?pid=COMHFYZ3ZSHR7J5F&lid=LSTCOMHFYZ3ZSHR7J5FVLRZ5E&marketplace=FLIPKART&store=6bo%2Fb5g&srno=b_10_233&otracker=browse&fm=organic&iid=b5958920-3b7c-474f-9536-4cba543faedb.COMHFYZ3ZSHR7J5F.SEARCH&ppt=None&ppn=None&ssid=kbj42vwkhc0000001764345695330,92490,4.5,27,https://rukminim2.flixcart.com/image/312/312/xif0q/computer/y/o/o/-original-imahg5fxrbu8t8hg.jpeg?q=70,"Lenovo LOQ AMD Ryzen 7 Octa Core 7435HS - (24 GB/512 GB SSD/Windows 11 Home/8 GB Graphics/NVIDIA GeFor.... powered by AMD Ryzen 7. 24GB DDR5 RAM. 512.0GB SSD. NVIDIA RTX 4060 graphics. 15.6"" IPS display. weighs 2.38kg. running Windows 11 Home.",Lenovo,Luna Grey,Gaming Laptop,AMD,Ryzen 7,24,DDR5,NVIDIA,RTX 4060,TRUE,512,SSD,15.6,IPS,FALSE,2.38,,Windows 11 Home,TRUE,TRUE,TRUE,TRUE,FALSE
laptop,Lenovo LOQ Essential Intel Core i5 12th Gen 12450HX - (12 GB/512 GB SSD/Windows 11 Home/4 GB Graphics/...,https://www.flipkart.com/lenovo-loq-essential-intel-core-i5-12th-gen-12450hx-12-gb-512-gb-ssd-windows-11-home-4-graphics-nvidia-geforce-rtx-2050-83lk0031in-gaming-laptop/p/itm1cdd4eae72dec?pid=COMHA9FKFNFRS7MC&lid=LSTCOMHA9FKFNFRS7MCKHDARE&marketplace=FLIPKART&store=6bo%2Fb5g&srno=b_10_234&otracker=browse&fm=organic&iid=b5958920-3b7c-474f-9536-4cba543faedb.COMHA9FKFNFRS7MC.SEARCH&ppt=None&ppn=None&ssid=kbj42vwkhc0000001764345695330,56490,4.2,16,https://rukminim2.flixcart.com/image/312/312/xif0q/computer/p/h/s/-original-imahdyp3mpgmghh3.jpeg?q=70,"Lenovo LOQ Essential Intel Core i5 12th Gen 12450HX - (12 GB/512 GB SSD/Windows 11 Home/4 GB Graphics/.... powered by Intel Core i5. 12GB DDR5 RAM. 512.0GB SSD. NVIDIA RTX 2050 graphics. 15.6"" IPS display. weighs 1.77kg. running Windows 11 Home.",Lenovo,Luna Grey,Gaming Laptop,Intel,Core i5,12,DDR5,NVIDIA,RTX 2050,TRUE,512,SSD,15.6,IPS,FALSE,1.77,,Windows 11 Home,TRUE,FALSE,FALSE,TRUE,TRUE
laptop,"ASUS Vivobook S16 OLED (2025) with Backlit Keyboard, Metal Body*, Qualcomm Snapdragon X - (16 GB/512 G...",https://www.flipkart.com/asus-vivobook-s16-oled-2025-backlit-keyboard-metal-body-qualcomm-snapdragon-x-16-gb-512-gb-ssd-windows-11-home-s3607qa-sh078ws-thin-light-laptop/p/itm252509f1beb81?pid=COMHCQ5EYNZ2HRWW&lid=LSTCOMHCQ5EYNZ2HRWWUYQZ3F&marketplace=FLIPKART&store=6bo%2Fb5g&srno=b_10_235&otracker=browse&fm=organic&iid=en_oNDGDyp9qZvJPpUcJ1u3FyzM4za__ZKEhET68cquO55iYdz9AELUW6r5Q5B8nyoFW8cb0MjlVyzUTxFrorRXaKV8WX5krIChubBlraAu4CQ%3D&ppt=None&ppn=None&ssid=kbj42vwkhc0000001764345695330,71990,4.4,51,https://rukminim2.flixcart.com/image/312/312/xif0q/computer/g/4/k/-original-imahfn3geekjdudx.jpeg?q=70,"ASUS Vivobook S16 OLED (2025) with Backlit Keyboard, Metal Body*, Qualcomm Snapdragon X - (16 GB/512 G.... powered by Qualcomm Snapdragon X. 16GB LPDDR5X RAM. 512.0GB SSD. 16.0"" Full HD display. weighs 1.74kg. running Windows 11 Home.",ASUS,Pink,Thin and Light Laptop,Qualcomm,Snapdragon X,16,LPDDR5X,Qualcomm,Adreno,FALSE,512,SSD,16,Full HD,FALSE,1.74,,Windows 11 Home,FALSE,FALSE,TRUE,TRUE,TRUE
laptop,"DELL Inspiron 15 with Backlit Keyboard, Intel Core i5 13th Gen 1334U - (16 GB/512 GB SSD/Windows 11 Ho...",https://www.flipkart.com/dell-inspiron-15-backlit-keyboard-intel-core-i5-13th-gen-1334u-16-gb-512-gb-ssd-windows-11-home-dc15250-thin-light-laptop/p/itm23d84e15561c4?pid=COMHYGBZY5R8UDWQ&lid=LSTCOMHYGBZY5R8UDWQ4HY0FR&marketplace=FLIPKART&store=6bo%2Fb5g&srno=b_10_236&otracker=browse&fm=organic&iid=b5958920-3b7c-474f-9536-4cba543faedb.COMHYGBZY5R8UDWQ.SEARCH&ppt=None&ppn=None&ssid=kbj42vwkhc0000001764345695330,51348,4.2,55,https://rukminim2.flixcart.com/image/312/312/xif0q/computer/i/4/s/inspiron-3530-thin-and-light-laptop-dell-original-imahyg9grkcfbnmm.jpeg?q=70,"DELL Inspiron 15 with Backlit Keyboard, Intel Core i5 13th Gen 1334U - (16 GB/512 GB SSD/Windows 11 Ho.... powered by Intel Core i5. 16GB DDR4 RAM. 512.0GB SSD. 15.6"" Full HD display. weighs 1.62kg. running Windows 11 Home.",DELL,Platinum Silver,Thin and Light Laptop,Intel,Core i5,16,DDR4,Intel,Integrated Graphics,FALSE,512,SSD,15.6,Full HD,FALSE,1.62,,Windows 11 Home,FALSE,FALSE,TRUE,TRUE,TRUE
laptop,"ASUS Vivobook S14 Flip (2025) with Office 2024 + M365 Basic*, Backlit Keyboard, Intel Core i5 13th Gen...",https://www.flipkart.com/asus-vivobook-s14-flip-2025-office-2024-m365-basic-backlit-keyboard-intel-core-i5-13th-gen-13420h-16-gb-512-gb-ssd-windows-11-home-tp3402vao-lz612ws-2-1-laptop/p/itme494b3629a714?pid=COMH9SJ9VAJ7ZD99&lid=LSTCOMH9SJ9VAJ7ZD99ZNVNMB&marketplace=FLIPKART&store=6bo%2Fb5g&srno=b_10_237&otracker=browse&fm=organic&iid=en_oNDGDyp9qZvJPpUcJ1u3FyzM4za__ZKEhET68cquO57LDpR8ni9tnKB9i4NbC8NQgu1VHW1OrbMooQVsEbPVPQ891ypMzu4_aryI8_sihJ8%3D&ppt=None&ppn=None&ssid=kbj42vwkhc0000001764345695330,63990,4.4,51,https://rukminim2.flixcart.com/image/312/312/xif0q/computer/a/s/e/-original-imahg4ut9hnhkwhg.jpeg?q=70,"ASUS Vivobook S14 Flip (2025) with Office 2024 + M365 Basic*, Backlit Keyboard, Intel Core i5 13th Gen.... powered by Intel Core i5. 16GB DDR4 RAM. 512.0GB SSD. 14.0"" IPS display. weighs 1.65kg. running Windows 11 Home.",ASUS,Transparent Silver,2 in 1 Laptop,Intel,Core i5,16,DDR4,Intel,Integrated Graphics,FALSE,512,SSD,14,IPS,FALSE,1.65,,Windows 11 Home,FALSE,FALSE,TRUE,TRUE,TRUE
laptop,HP 15 Intel Core i5 13th Gen 1334U - (16 GB/512 GB SSD/Windows 11 Home) 15-fd0576TU / 15-fd0467TU Thin...,https://www.flipkart.com/hp-15-intel-core-i5-13th-gen-1334u-16-gb-512-gb-ssd-windows-11-home-15-fd0576tu-15-fd0467tu-thin-light-laptop/p/itm3d552029526ba?pid=COMH8QXWHJRQKR6P&lid=LSTCOMH8QXWHJRQKR6PW3FWJH&marketplace=FLIPKART&store=6bo%2Fb5g&srno=b_10_238&otracker=browse&fm=organic&iid=en_oNDGDyp9qZvJPpUcJ1u3FyzM4za__ZKEhET68cquO57JWeDprY0-bfzH4JOGE6wSOQ4yeMQ7k9OzDYgchIoHfhhTy0lUJ14SzoMSv_CzLF0%3D&ppt=None&ppn=None&ssid=kbj42vwkhc0000001764345695330,54990,4.2,45,https://rukminim2.flixcart.com/image/312/312/xif0q/computer/t/v/8/-original-imahg5fxfpvjasap.jpeg?q=70,"HP 15 Intel Core i5 13th Gen 1334U - (16 GB/512 GB SSD/Windows 11 Home) 15-fd0576TU / 15-fd0467TU Thin.... powered by Intel Core i5. 16GB DDR4 RAM. 512.0GB SSD. 15.6"" Full HD display. weighs 1.59kg. running Windows 11 Home.",HP,Silver,Thin and Light Laptop,Intel,Core i5,16,DDR4,Intel,Iris Xe,FALSE,512,SSD,15.6,Full HD,FALSE,1.59,,Windows 11 Home,FALSE,FALSE,TRUE,TRUE,TRUE
laptop,"DELL Inspiron 15 with Backlit Keyboard, Intel Core i5 13th Gen 1334U - (8 GB/512 GB SSD/Windows 11 Hom...",https://www.flipkart.com/dell-inspiron-15-backlit-keyboard-intel-core-i5-13th-gen-1334u-8-gb-512-gb-ssd-windows-11-home-3530-thin-light-laptop/p/itm23d84e15561c4?pid=COMHYGBZZNWXZXZE&lid=LSTCOMHYGBZZNWXZXZEQVQEDG&marketplace=FLIPKART&store=6bo%2Fb5g&srno=b_10_239&otracker=browse&fm=organic&iid=b5958920-3b7c-474f-9536-4cba543faedb.COMHYGBZZNWXZXZE.SEARCH&ppt=None&ppn=None&ssid=kbj42vwkhc0000001764345695330,48636,4.2,55,https://rukminim2.flixcart.com/image/312/312/xif0q/computer/l/y/r/inspiron-3530-thin-and-light-laptop-dell-original-imahyjjhdgjafest.jpeg?q=70,"DELL Inspiron 15 with Backlit Keyboard, Intel Core i5 13th Gen 1334U - (8 GB/512 GB SSD/Windows 11 Hom.... powered by Intel Core i5. 8GB DDR4 RAM. 512.0GB SSD. 15.6"" Full HD display. weighs 1.62kg. running Windows 11 Home.",DELL,Platinum Silver,Thin and Light Laptop,Intel,Core i5,8,DDR4,Intel,Integrated Graphics,FALSE,512,SSD,15.6,Full HD,FALSE,1.62,3,Windows 11 Home,FALSE,FALSE,FALSE,TRUE,TRUE
laptop,ASUS Chromebook Plus Intel Core i3 12th Gen 1215U - (8 GB/128 GB/Chrome OS) CX3402CBA-PQ0173 Chromeboo...,https://www.flipkart.com/asus-chromebook-plus-intel-core-i3-12th-gen-1215u-8-gb-128-gb-chrome-os-cx3402cba-pq0173/p/itm2c81772061ecf?pid=COMGSHM36Y6ZSXCC&lid=LSTCOMGSHM36Y6ZSXCCTLIMM1&marketplace=FLIPKART&store=6bo%2Fb5g&srno=b_10_240&otracker=browse&fm=organic&iid=b5958920-3b7c-474f-9536-4cba543faedb.COMGSHM36Y6ZSXCC.SEARCH&ppt=None&ppn=None&ssid=kbj42vwkhc0000001764345695330,37699,4,9,https://rukminim2.flixcart.com/image/312/312/xif0q/computer/t/f/6/-original-imahyur8gffqcyp9.jpeg?q=70,"ASUS Chromebook Plus Intel Core i3 12th Gen 1215U - (8 GB/128 GB/Chrome OS) CX3402CBA-PQ0173 Chromeboo.... powered by Intel Core i3. 8GB LPDDR5 RAM. 14.0"" HD display. weighs 1.44kg. running Chrome.",ASUS,Rock Grey,Chromebook,Intel,Core i3,8,LPDDR5,Intel,Integrated Graphics,FALSE,,,14,HD,FALSE,1.44,,Chrome,FALSE,FALSE,FALSE,FALSE,TRUE
laptop,Samsung Galaxy Book4 Edge Series Copilot AI-PC Full Metal Chasis Qualcomm Snapdragon X - (16 GB/512 GB...,https://www.flipkart.com/samsung-galaxy-book4-edge-series-copilot-ai-pc-full-metal-chasis-qualcomm-snapdragon-x-16-gb-512-gb-ssd-windows-11-home-np750xqb-ka1in-thin-light-laptop/p/itm1d61ec8d90cc7?pid=COMHE4ATFWNVHXHS&lid=LSTCOMHE4ATFWNVHXHSIHS0FO&marketplace=FLIPKART&store=6bo%2Fb5g&srno=b_11_241&otracker=browse&fm=organic&iid=en_BvDX11pLHaC9c7k-4ibxdpGVfbkG84cMyMF8eQVQDFmDBAjx1q-SF0gO-b1lWjGhQ71Y6DzfE2Py1YOKCzM1GPUFjCTyOHoHZs-Z5_PS_w0%3D&ppt=None&ppn=None&ssid=e0c9081pfk0000001764345703372,64990,4.4,128,https://rukminim2.flixcart.com/image/312/312/xif0q/computer/a/g/p/-original-imahgwkqughzkwt3.jpeg?q=70,"Samsung Galaxy Book4 Edge Series Copilot AI-PC Full Metal Chasis Qualcomm Snapdragon X - (16 GB/512 GB.... powered by Qualcomm Snapdragon X. 16GB LPDDR5X RAM. 512.0GB SSD. 15.6"" HD display. weighs 1.55kg. running Windows 11 Home.",Samsung,Sapphire Blue,Thin and Light Laptop,Qualcomm,Snapdragon X,16,LPDDR5X,Qualcomm,Adreno,FALSE,512,SSD,15.6,HD,FALSE,1.55,,Windows 11 Home,FALSE,FALSE,TRUE,TRUE,TRUE
laptop,"ASUS Vivobook 15 (2025) with Office 2024 + M365 Basic*, Intel Core i3 13th Gen 1315U - (8 GB/512 GB SS...",https://www.flipkart.com/asus-vivobook-15-2025-office-2024-m365-basic-intel-core-i3-13th-gen-1315u-8-gb-512-gb-ssd-windows-11-home-x1504va-nj3700ws-thin-light-laptop/p/itmf31c79724a398?pid=COMHCQ5ECZZV6THK&lid=LSTCOMHCQ5ECZZV6THKTW8YMF&marketplace=FLIPKART&store=6bo%2Fb5g&srno=b_11_242&otracker=browse&fm=organic&iid=en_BvDX11pLHaC9c7k-4ibxdpGVfbkG84cMyMF8eQVQDFksPX1yE9xncSDn1d9D4iTsVLCGCpnr56tU-0Batk7usvUFjCTyOHoHZs-Z5_PS_w0%3D&ppt=None&ppn=None&ssid=e0c9081pfk0000001764345703372,34990,4.3,163,https://rukminim2.flixcart.com/image/312/312/xif0q/computer/b/l/v/-original-imahgfdffszmurd7.jpeg?q=70,"ASUS Vivobook 15 (2025) with Office 2024 + M365 Basic*, Intel Core i3 13th Gen 1315U - (8 GB/512 GB SS.... powered by Intel Core i3. 8GB DDR4 RAM. 512.0GB SSD. 15.6"" Full HD display. weighs 1.7kg. running Windows 11 Home.",ASUS,Terra Cotta,Thin and Light Laptop,Intel,Core i3,8,DDR4,Intel,Integrated Graphics,FALSE,512,SSD,15.6,Full HD,FALSE,1.7,,Windows 11 Home,FALSE,FALSE,FALSE,TRUE,TRUE
laptop,DELL 15 Intel Core i3 12th Gen 1215U - (8 GB/512 GB SSD/Windows 11 Home) 3520 Thin and Light Laptop,https://www.flipkart.com/dell-15-intel-core-i3-12th-gen-1215u-8-gb-512-gb-ssd-windows-11-home-3520-thin-light-laptop/p/itmf0fc8e8bdc072?pid=COMH2F22XWP7DQFM&lid=LSTCOMH2F22XWP7DQFMJYD9JY&marketplace=FLIPKART&store=6bo%2Fb5g&srno=b_11_243&otracker=browse&fm=organic&iid=b768ff4b-fea1-4a21-b9cb-90334bbc70bb.COMH2F22XWP7DQFM.SEARCH&ppt=None&ppn=None&ssid=e0c9081pfk0000001764345703372,35299,4.2,69,https://rukminim2.flixcart.com/image/312/312/xif0q/computer/8/q/s/-original-imahg5fxg5bungkq.jpeg?q=70,"DELL 15 Intel Core i3 12th Gen 1215U - (8 GB/512 GB SSD/Windows 11 Home) 3520 Thin and Light Laptop. powered by Intel Core i3. 8GB DDR4 RAM. 512.0GB SSD. 15.6"" HD display. weighs 1.69kg. running Windows 11 Home.",DELL,Carbon Black,Thin and Light Laptop,Intel,Core i3,8,DDR4,Intel,Integrated Graphics,FALSE,512,SSD,15.6,HD,FALSE,1.69,,Windows 11 Home,FALSE,FALSE,FALSE,TRUE,TRUE
laptop,HP 15 (2025) Intel Core i3 13th Gen 1315U - (16 GB/512 GB SSD/Windows 11 Home) 15 Thin and Light Lapto...,https://www.flipkart.com/hp-15-2025-intel-core-i3-13th-gen-1315u-16-gb-512-gb-ssd-windows-11-home-thin-light-laptop/p/itm1c46e5a33b36d?pid=COMHCPKRGTA5Z7H2&lid=LSTCOMHCPKRGTA5Z7H22DCAXH&marketplace=FLIPKART&store=6bo%2Fb5g&srno=b_11_244&otracker=browse&fm=organic&iid=b768ff4b-fea1-4a21-b9cb-90334bbc70bb.COMHCPKRGTA5Z7H2.SEARCH&ppt=None&ppn=None&ssid=e0c9081pfk0000001764345703372,36900,4,5,https://rukminim2.flixcart.com/image/312/312/xif0q/computer/4/s/v/15-thin-and-light-laptop-hp-original-imahcpkrcmf773zb.jpeg?q=70,"HP 15 (2025) Intel Core i3 13th Gen 1315U - (16 GB/512 GB SSD/Windows 11 Home) 15 Thin and Light Lapto.... powered by Intel Core i3. 16GB DDR4 RAM. 512.0GB SSD. 15.6"" HD display. weighs 1.5kg. running Windows 11 Home.",HP,Grey Ash,Thin and Light Laptop,Intel,Core i3,16,DDR4,Intel,Integrated Graphics,FALSE,512,SSD,15.6,HD,FALSE,1.5,,Windows 11 Home,FALSE,FALSE,TRUE,TRUE,TRUE
laptop,Lenovo IdeaPad Slim 3 Next Gen AI PC WUXGA IPS Copilot + PC Qualcomm Snapdragon X - (16 GB/512 GB SSD/...,https://www.flipkart.com/lenovo-ideapad-slim-3-next-gen-ai-pc-wuxga-ips-copilot-qualcomm-snapdragon-x-16-gb-512-gb-ssd-windows-11-home-15q8x10-thin-light-laptop/p/itm097ac7e15511b?pid=COMHDMJYDGBTMJXG&lid=LSTCOMHDMJYDGBTMJXG112MJM&marketplace=FLIPKART&store=6bo%2Fb5g&srno=b_11_245&otracker=browse&fm=organic&iid=en_BvDX11pLHaC9c7k-4ibxdpGVfbkG84cMyMF8eQVQDFnjCP5LfjY6fG_5eEzEBZKINwAKNkUyoQ8jObELuPEQTPUFjCTyOHoHZs-Z5_PS_w0%3D&ppt=None&ppn=None&ssid=e0c9081pfk0000001764345703372,49990,4.3,27,https://rukminim2.flixcart.com/image/312/312/xif0q/computer/d/z/z/-original-imahgfdfx3hhguyc.jpeg?q=70,"Lenovo IdeaPad Slim 3 Next Gen AI PC WUXGA IPS Copilot + PC Qualcomm Snapdragon X - (16 GB/512 GB SSD/.... powered by Qualcomm Snapdragon X. 16GB LPDDR5X RAM. 512.0GB SSD. 15.3"" IPS display. weighs 1.55kg. running Windows 11 Home.",Lenovo,Luna Grey,Thin and Light Laptop,Qualcomm,Snapdragon X,16,LPDDR5X,Qualcomm,Adreno,FALSE,512,SSD,15.3,IPS,FALSE,1.55,50,Windows 11 Home,FALSE,FALSE,TRUE,TRUE,TRUE
laptop,Lenovo LOQ 2025 AMD Ryzen 7 Octa Core 250 - (24 GB/1 TB SSD/Windows 11 Home/8 GB Graphics/NVIDIA GeFor...,https://www.flipkart.com/lenovo-loq-2025-amd-ryzen-7-octa-core-250-24-gb-1-tb-ssd-windows-11-home-8-gb-graphics-nvidia-geforce-rtx-5050-15ahp10-gaming-laptop/p/itm2c8883c14f978?pid=COMHEWAJNV3FEZQ9&lid=LSTCOMHEWAJNV3FEZQ95PVFHZ&marketplace=FLIPKART&store=6bo%2Fb5g&srno=b_11_246&otracker=browse&fm=organic&iid=b768ff4b-fea1-4a21-b9cb-90334bbc70bb.COMHEWAJNV3FEZQ9.SEARCH&ppt=None&ppn=None&ssid=e0c9081pfk0000001764345703372,112990,4.1,3,https://rukminim2.flixcart.com/image/312/312/xif0q/computer/w/n/l/-original-imahfz2n2zhh3dky.jpeg?q=70,"Lenovo LOQ 2025 AMD Ryzen 7 Octa Core 250 - (24 GB/1 TB SSD/Windows 11 Home/8 GB Graphics/NVIDIA GeFor.... powered by AMD Ryzen 7. 24GB DDR5 RAM. 1024.0GB SSD. NVIDIA RTX 5050 graphics. 15.6"" IPS display. weighs 2.4kg. running Windows 11 Home.",Lenovo,Luna Grey,Gaming Laptop,AMD,Ryzen 7,24,DDR5,NVIDIA,RTX 5050,TRUE,1024,SSD,15.6,IPS,FALSE,2.4,60,Windows 11 Home,TRUE,TRUE,TRUE,TRUE,FALSE
laptop,Acer Aspire 3 Intel Core i3 13th Gen 1305U - (8 GB/512 GB SSD/Windows 11 Home) A324-53 Thin and Light ...,https://www.flipkart.com/acer-aspire-3-intel-core-i3-13th-gen-1305u-8-gb-512-gb-ssd-windows-11-home-a324-53-thin-light-laptop/p/itma6a6812aa712e?pid=COMH4B6CGTPNVJW9&lid=LSTCOMH4B6CGTPNVJW9JOF4ZC&marketplace=FLIPKART&store=6bo%2Fb5g&srno=b_11_247&otracker=browse&fm=organic&iid=en_BvDX11pLHaC9c7k-4ibxdpGVfbkG84cMyMF8eQVQDFnQunkHmAr7gw0Cs4xued3ep5iBsv_cHJc2xbWysDCSOfUFjCTyOHoHZs-Z5_PS_w0%3D&ppt=None&ppn=None&ssid=e0c9081pfk0000001764345703372,30990,4.3,233,https://rukminim2.flixcart.com/image/312/312/xif0q/computer/r/p/w/-original-imahg5fxzmyzbkv8.jpeg?q=70,"Acer Aspire 3 Intel Core i3 13th Gen 1305U - (8 GB/512 GB SSD/Windows 11 Home) A324-53 Thin and Light .... powered by Intel Core i3. 8GB DDR4 RAM. 512.0GB SSD. 14.0"" HD display. weighs 1.45kg. running Windows 11 Home.",Acer,Steel Gray,Thin and Light Laptop,Intel,Core i3,8,DDR4,Intel,Integrated Graphics,FALSE,512,SSD,14,HD,FALSE,1.45,,Windows 11 Home,FALSE,FALSE,FALSE,TRUE,TRUE
laptop,"ASUS Vivobook 15 (2025) (i5 14th Gen) with MSO 2024 + M365 Basic*, Backlit Keyboard, Intel Core 5 120U...",https://www.flipkart.com/asus-vivobook-15-2025-i5-14th-gen-mso-2024-m365-basic-backlit-keyboard-intel-core-5-120u-16-gb-512-gb-ssd-windows-11-home-x1504vap-nj2862ws-thin-light-laptop/p/itm509f174cc1a04?pid=COMHDG7CFDWVKYMZ&lid=LSTCOMHDG7CFDWVKYMZSDYMWT&marketplace=FLIPKART&store=6bo%2Fb5g&srno=b_11_248&otracker=browse&fm=organic&iid=en_BvDX11pLHaC9c7k-4ibxdpGVfbkG84cMyMF8eQVQDFnqXecj1EViAyihnwOBjhx9vIyKrJOOyrWKvQt3koA-iPUFjCTyOHoHZs-Z5_PS_w0%3D&ppt=None&ppn=None&ssid=e0c9081pfk0000001764345703372,49990,4.3,79,https://rukminim2.flixcart.com/image/312/312/xif0q/computer/k/u/e/-original-imahcd8gzqjnp2vv.jpeg?q=70,"ASUS Vivobook 15 (2025) (i5 14th Gen) with MSO 2024 + M365 Basic*, Backlit Keyboard, Intel Core 5 120U.... powered by Intel Core 5. 16GB DDR4 RAM. 512.0GB SSD. 15.6"" Full HD display. weighs 1.7kg. running Windows 11 Home.",ASUS,Cool Silver,Thin and Light Laptop,Intel,Core 5,16,DDR4,Intel,Integrated Graphics,FALSE,512,SSD,15.6,Full HD,FALSE,1.7,,Windows 11 Home,FALSE,FALSE,TRUE,TRUE,TRUE
laptop,Acer Swift Neo Intel Core Ultra 5 115U - (16 GB/1 TB SSD/Windows 11 Home) SFN14-54H Thin and Light Lap...,https://www.flipkart.com/acer-swift-neo-intel-core-ultra-5-115u-16-gb-1-tb-ssd-windows-11-home-sfn14-54h-thin-light-laptop/p/itm6985fa8acc1b8?pid=COMHFCR6SKGHBN4V&lid=LSTCOMHFCR6SKGHBN4VDWORVQ&marketplace=FLIPKART&store=6bo%2Fb5g&srno=b_11_249&otracker=browse&fm=organic&iid=b768ff4b-fea1-4a21-b9cb-90334bbc70bb.COMHFCR6SKGHBN4V.SEARCH&ppt=None&ppn=None&ssid=e0c9081pfk0000001764345703372,56990,4.1,36,https://rukminim2.flixcart.com/image/312/312/xif0q/computer/s/b/k/-original-imahgx8wgfmtt9ky.jpeg?q=70,"Acer Swift Neo Intel Core Ultra 5 115U - (16 GB/1 TB SSD/Windows 11 Home) SFN14-54H Thin and Light Lap.... powered by Intel Core Ultra 5. 16GB LPDDR5 RAM. 1024.0GB SSD. 14.0"" OLED display. weighs 1.3kg. running Windows 11 Home.",Acer,Blue,Thin and Light Laptop,Intel,Core Ultra 5,16,LPDDR5,Intel,Integrated Graphics,FALSE,1024,SSD,14,OLED,FALSE,1.3,,Windows 11 Home,FALSE,FALSE,TRUE,TRUE,TRUE
laptop,Lenovo LOQ AMD Ryzen 5 Quad Core 7235HS - (12 GB/512 GB SSD/Windows 11 Home/6 GB Graphics/NVIDIA GeFor...,https://www.flipkart.com/lenovo-loq-amd-ryzen-5-quad-core-7235hs-12-gb-512-gb-ssd-windows-11-home-6-graphics-nvidia-geforce-rtx-3050-15arp9-gaming-laptop/p/itmd3fbbdced2d6b?pid=COMHFYZ3DGBDSGGY&lid=LSTCOMHFYZ3DGBDSGGY9EBU08&marketplace=FLIPKART&store=6bo%2Fb5g&srno=b_11_250&otracker=browse&fm=organic&iid=b768ff4b-fea1-4a21-b9cb-90334bbc70bb.COMHFYZ3DGBDSGGY.SEARCH&ppt=None&ppn=None&ssid=e0c9081pfk0000001764345703372,65290,4.4,72,https://rukminim2.flixcart.com/image/312/312/xif0q/computer/b/b/y/-original-imahg52nmeuhz72b.jpeg?q=70,"Lenovo LOQ AMD Ryzen 5 Quad Core 7235HS - (12 GB/512 GB SSD/Windows 11 Home/6 GB Graphics/NVIDIA GeFor.... powered by AMD Ryzen 5. 12GB DDR5 RAM. 512.0GB SSD. NVIDIA RTX 3050 graphics. 15.6"" IPS display. weighs 2.38kg. running Windows 11 Home.",Lenovo,Luna Grey,Gaming Laptop,AMD,Ryzen 5,12,DDR5,NVIDIA,RTX 3050,TRUE,512,SSD,15.6,IPS,FALSE,2.38,,Windows 11 Home,TRUE,FALSE,FALSE,TRUE,FALSE
laptop,MOTOROLA Motobook 60 Full Metal OLED (i5 14th Gen) Intel Core 5 (Series 2) 210H - (16 GB/512 GB SSD/Wi...,https://www.flipkart.com/motorola-motobook-60-full-metal-oled-i5-14th-gen-intel-core-5-series-2-210h-16-gb-512-gb-ssd-windows-11-home-14irh10r-thin-light-laptop/p/itm9a50f9400e0e0?pid=COMHAUZWVNJSFAMN&lid=LSTCOMHAUZWVNJSFAMNCQMECQ&marketplace=FLIPKART&store=6bo%2Fb5g&srno=b_11_251&otracker=browse&fm=organic&iid=en_BvDX11pLHaC9c7k-4ibxdpGVfbkG84cMyMF8eQVQDFniRyVsae_1bCp6eSU71IqEvVC4qkBok_NyawEJOiZmbQ%3D%3D&ppt=None&ppn=None&ssid=e0c9081pfk0000001764345703372,49990,4.4,200,https://rukminim2.flixcart.com/image/312/312/xif0q/computer/3/o/h/-original-imahg5fydhnpgbyz.jpeg?q=70,"MOTOROLA Motobook 60 Full Metal OLED (i5 14th Gen) Intel Core 5 (Series 2) 210H - (16 GB/512 GB SSD/Wi.... powered by Intel Core 5 (Series 2). 16GB DDR5 RAM. 512.0GB SSD. 14.0"" OLED display. weighs 1.4kg. running Windows 11 Home.",MOTOROLA,PANTONE Wedgewood,Thin and Light Laptop,Intel,Core 5 (Series 2),16,DDR5,Intel,Integrated Graphics,FALSE,512,SSD,14,OLED,FALSE,1.4,,Windows 11 Home,FALSE,FALSE,TRUE,TRUE,TRUE
laptop,DELL 15 Intel Core i3 13th Gen 1305U - (16 GB/512 GB SSD/Windows 11 Home) OVN353025001RING1O Thin and ...,https://www.flipkart.com/dell-15-intel-core-i3-13th-gen-1305u-16-gb-512-gb-ssd-windows-11-home-ovn353025001ring1o-thin-light-laptop/p/itmb007cf7efac41?pid=COMHD99W94EPN2H2&lid=LSTCOMHD99W94EPN2H28GBQQL&marketplace=FLIPKART&store=6bo%2Fb5g&srno=b_11_252&otracker=browse&fm=organic&iid=en_BvDX11pLHaC9c7k-4ibxdpGVfbkG84cMyMF8eQVQDFlUADdmGOgHHUr4oznTgf9ghn0uaKkgWn3tpmatqZbcEfUFjCTyOHoHZs-Z5_PS_w0%3D&ppt=None&ppn=None&ssid=e0c9081pfk0000001764345703372,38990,4.2,31,https://rukminim2.flixcart.com/image/312/312/xif0q/computer/f/i/b/-original-imahgx8ws7ypyhmd.jpeg?q=70,"DELL 15 Intel Core i3 13th Gen 1305U - (16 GB/512 GB SSD/Windows 11 Home) OVN353025001RING1O Thin and .... powered by Intel Core i3. 16GB DDR4 RAM. 512.0GB SSD. 15.6"" HD display. weighs 1.66kg. running Windows 11 Home.",DELL,Titan Grey,Thin and Light Laptop,Intel,Core i3,16,DDR4,Intel,Integrated Graphics,FALSE,512,SSD,15.6,HD,FALSE,1.66,,Windows 11 Home,FALSE,FALSE,TRUE,TRUE,TRUE
laptop,"ASUS Vivobook Go 15 OLED, with Backlit Keyboard, AMD Ryzen 5 Quad Core 7520U - (8 GB/512 GB SSD/Window...",https://www.flipkart.com/asus-vivobook-go-15-oled-backlit-keyboard-amd-ryzen-5-quad-core-7520u-8-gb-512-gb-ssd-windows-11-home-e1504fa-lk521ws-thin-light-laptop/p/itm3de88f71e558b?pid=COMGMGXFT7WWNGYG&lid=LSTCOMGMGXFT7WWNGYGEMFTUI&marketplace=FLIPKART&store=6bo%2Fb5g&srno=b_11_253&otracker=browse&fm=organic&iid=b768ff4b-fea1-4a21-b9cb-90334bbc70bb.COMGMGXFT7WWNGYG.SEARCH&ppt=None&ppn=None&ssid=e0c9081pfk0000001764345703372,40990,4.4,249,https://rukminim2.flixcart.com/image/312/312/xif0q/computer/y/z/d/-original-imahg5fue8qmg6wk.jpeg?q=70,"ASUS Vivobook Go 15 OLED, with Backlit Keyboard, AMD Ryzen 5 Quad Core 7520U - (8 GB/512 GB SSD/Window.... powered by AMD Ryzen 5. 8GB LPDDR5 RAM. 512.0GB SSD. AMD Radeon Amd graphics. 15.6"" OLED display. weighs 1.63kg. running Windows 11 Home.",ASUS,Cool Silver,Thin and Light Laptop,AMD,Ryzen 5,8,LPDDR5,AMD,Radeon Amd,TRUE,512,SSD,15.6,OLED,FALSE,1.63,,Windows 11 Home,TRUE,FALSE,FALSE,TRUE,TRUE
laptop,HP 14 AI PC Intel Core Ultra 7 155H - (16 GB/512 GB SSD/Windows 11 Home) 14-gr1036TU Thin and Light La...,https://www.flipkart.com/hp-14-ai-pc-intel-core-ultra-7-155h-16-gb-512-gb-ssd-windows-11-home-14-gr1036tu-thin-light-laptop/p/itm3940c6281caa9?pid=COMHF8G932EYZAJF&lid=LSTCOMHF8G932EYZAJFOUI9CA&marketplace=FLIPKART&store=6bo%2Fb5g&srno=b_11_254&otracker=browse&fm=organic&iid=b768ff4b-fea1-4a21-b9cb-90334bbc70bb.COMHF8G932EYZAJF.SEARCH&ppt=None&ppn=None&ssid=e0c9081pfk0000001764345703372,69990,4.2,27,https://rukminim2.flixcart.com/image/312/312/xif0q/computer/o/9/k/-original-imahgry8nwkejmae.jpeg?q=70,"HP 14 AI PC Intel Core Ultra 7 155H - (16 GB/512 GB SSD/Windows 11 Home) 14-gr1036TU Thin and Light La.... powered by Intel Core Ultra 7. 16GB DDR5 RAM. 512.0GB SSD. 14.0"" Full HD display. weighs 1.4kg. running Windows 11 Home.",HP,Natural silver,Thin and Light Laptop,Intel,Core Ultra 7,16,DDR5,Intel,Integrated Graphics,FALSE,512,SSD,14,Full HD,FALSE,1.4,,Windows 11 Home,FALSE,FALSE,TRUE,TRUE,TRUE
laptop,Lenovo IdeaPad Slim 5 Co-Pilot Next Gen AI PC Full Metal Snapdragon X Plus - (16 GB/1 TB SSD/Windows 1...,https://www.flipkart.com/lenovo-ideapad-slim-5-co-pilot-next-gen-ai-pc-full-metal-snapdragon-x-plus-16-gb-1-tb-ssd-windows-11-home-14q8x9-thin-light-laptop/p/itm8a59041fc8c0f?pid=COMH4N9CZ7JKPQQC&lid=LSTCOMH4N9CZ7JKPQQCOFLXDU&marketplace=FLIPKART&store=6bo%2Fb5g&srno=b_11_255&otracker=browse&fm=organic&iid=en_BvDX11pLHaC9c7k-4ibxdpGVfbkG84cMyMF8eQVQDFlVS14kdkVoDSkNF2_Kk80QmHEXmeLQL2cKi8ce-UIJ0PUFjCTyOHoHZs-Z5_PS_w0%3D&ppt=None&ppn=None&ssid=e0c9081pfk0000001764345703372,57990,4.1,68,https://rukminim2.flixcart.com/image/312/312/xif0q/computer/6/l/r/-original-imahg5fxwyqndjhu.jpeg?q=70,"Lenovo IdeaPad Slim 5 Co-Pilot Next Gen AI PC Full Metal Snapdragon X Plus - (16 GB/1 TB SSD/Windows 1.... powered by Snapdragon X Plus. 16GB LPDDR5X RAM. 1024.0GB SSD. 14.0"" IPS display. weighs 1.48kg. running Windows 11 Home.",Lenovo,Cloud Grey,Thin and Light Laptop,Snapdragon,X Plus,16,LPDDR5X,Qualcomm,Adreno,FALSE,1024,SSD,14,IPS,FALSE,1.48,,Windows 11 Home,FALSE,FALSE,TRUE,TRUE,TRUE
laptop,"ASUS Vivobook 15, with Backlit Keyboard, Intel Core i5 12th Gen 1235U - (16 GB/512 GB SSD/Windows 11 H...",https://www.flipkart.com/asus-vivobook-15-backlit-keyboard-intel-core-i5-12th-gen-1235u-16-gb-512-gb-ssd-windows-11-home-x1504za-nj541ws-thin-light-laptop/p/itmff0e170cb596e?pid=COMGYSFGGGHDK27Q&lid=LSTCOMGYSFGGGHDK27QWBODEB&marketplace=FLIPKART&store=6bo%2Fb5g&srno=b_11_256&otracker=browse&fm=organic&iid=b768ff4b-fea1-4a21-b9cb-90334bbc70bb.COMGYSFGGGHDK27Q.SEARCH&ppt=None&ppn=None&ssid=e0c9081pfk0000001764345703372,45990,4.2,88,https://rukminim2.flixcart.com/image/312/312/xif0q/computer/2/6/h/-original-imahg4usthf9rpgh.jpeg?q=70,"ASUS Vivobook 15, with Backlit Keyboard, Intel Core i5 12th Gen 1235U - (16 GB/512 GB SSD/Windows 11 H.... powered by Intel Core i5. 16GB DDR4 RAM. 512.0GB SSD. 15.6"" HD display. weighs 1.7kg. running Windows 11 Home.",ASUS,Quiet Blue,Thin and Light Laptop,Intel,Core i5,16,DDR4,Intel,Iris Xe,FALSE,512,SSD,15.6,HD,FALSE,1.7,,Windows 11 Home,FALSE,FALSE,TRUE,TRUE,TRUE
laptop,ASUS Vivobook Go 15 AMD Ryzen 3 Quad Core 7320U - (8 GB/512 GB SSD/Windows 11 Home) E1504FA-NJ130WS | ...,https://www.flipkart.com/asus-vivobook-go-15-amd-ryzen-3-quad-core-7320u-8-gb-512-gb-ssd-windows-11-home-e1504fa-nj130ws-e1504fa-bq2322ws-thin-light-laptop/p/itm9af4f3b5de2ff?pid=COMH94992SQ8HYGZ&lid=LSTCOMH94992SQ8HYGZMHVF97&marketplace=FLIPKART&store=6bo%2Fb5g&srno=b_11_257&otracker=browse&fm=organic&iid=en_BvDX11pLHaC9c7k-4ibxdpGVfbkG84cMyMF8eQVQDFl8TjgURKqyX33SK5LyT4x7AZUylytcEKYA_kTv_pI5n_UFjCTyOHoHZs-Z5_PS_w0%3D&ppt=None&ppn=None&ssid=e0c9081pfk0000001764345703372,30990,4.3,94,https://rukminim2.flixcart.com/image/312/312/xif0q/computer/m/y/o/-original-imahg5fxjta7gns7.jpeg?q=70,"ASUS Vivobook Go 15 AMD Ryzen 3 Quad Core 7320U - (8 GB/512 GB SSD/Windows 11 Home) E1504FA-NJ130WS | .... powered by AMD Ryzen 3. 8GB LPDDR5 RAM. 512.0GB SSD. AMD Radeon Amd graphics. 15.6"" Full HD display. weighs 1.63kg. running Windows 11 Home.",ASUS,Mixed Black,Thin and Light Laptop,AMD,Ryzen 3,8,LPDDR5,AMD,Radeon Amd,TRUE,512,SSD,15.6,Full HD,FALSE,1.63,,Windows 11 Home,TRUE,FALSE,FALSE,TRUE,TRUE
laptop,ASUS Vivobook Go 15 AMD Ryzen 5 Quad Core 7520U - (8 GB/512 GB SSD/Windows 11 Home) E1504FA-NJ132WS | ...,https://www.flipkart.com/asus-vivobook-go-15-amd-ryzen-5-quad-core-7520u-8-gb-512-gb-ssd-windows-11-home-e1504fa-nj132ws-e1504fa-nj521ws-thin-light-laptop/p/itm657eb80ea799a?pid=COMH9499JNGDGTZ5&lid=LSTCOMH9499JNGDGTZ5WJGUDN&marketplace=FLIPKART&store=6bo%2Fb5g&srno=b_11_258&otracker=browse&fm=organic&iid=en_BvDX11pLHaC9c7k-4ibxdpGVfbkG84cMyMF8eQVQDFl7KKZbmubcf-UTCG8l44Ui6SUfh646hOdCc7fGVXNtA6V8WX5krIChubBlraAu4CQ%3D&ppt=None&ppn=None&ssid=e0c9081pfk0000001764345703372,36990,4.2,49,https://rukminim2.flixcart.com/image/312/312/xif0q/computer/k/b/i/-original-imahg53xeuxqm6bv.jpeg?q=70,"ASUS Vivobook Go 15 AMD Ryzen 5 Quad Core 7520U - (8 GB/512 GB SSD/Windows 11 Home) E1504FA-NJ132WS | .... powered by AMD Ryzen 5. 8GB LPDDR5 RAM. 512.0GB SSD. AMD Radeon Amd graphics. 15.6"" Full HD display. weighs 1.63kg. running Windows 11 Home.",ASUS,Cool Silver,Thin and Light Laptop,AMD,Ryzen 5,8,LPDDR5,AMD,Radeon Amd,TRUE,512,SSD,15.6,Full HD,FALSE,1.63,,Windows 11 Home,TRUE,FALSE,FALSE,TRUE,TRUE
laptop,"DELL 14 Plus Next Gen AI PC Backlit Keyboard, Fingerprint reader Intel Core Ultra 5 226V - (16 GB/512 ...",https://www.flipkart.com/dell-14-plus-next-gen-ai-pc-backlit-keyboard-fingerprint-reader-intel-core-ultra-5-226v-16-gb-512-gb-ssd-windows-11-home-db14250-thin-light-laptop/p/itm35f6fc2e7327a?pid=COMHEARK9EASHAA9&lid=LSTCOMHEARK9EASHAA9VDQUIH&marketplace=FLIPKART&store=6bo%2Fb5g&srno=b_11_259&otracker=browse&fm=organic&iid=b768ff4b-fea1-4a21-b9cb-90334bbc70bb.COMHEARK9EASHAA9.SEARCH&ppt=None&ppn=None&ssid=e0c9081pfk0000001764345703372,72990,4.3,22,https://rukminim2.flixcart.com/image/312/312/xif0q/computer/u/1/g/-original-imahgx8wvxu23ypv.jpeg?q=70,"DELL 14 Plus Next Gen AI PC Backlit Keyboard, Fingerprint reader Intel Core Ultra 5 226V - (16 GB/512 .... powered by Intel Core Ultra 5. 16GB LPDDR5X RAM. 512.0GB SSD. 14.0"" IPS display. weighs 1.55kg. running Windows 11 Home.",DELL,Ice Blue,Thin and Light Laptop,Intel,Core Ultra 5,16,LPDDR5X,Intel,Integrated Graphics,FALSE,512,SSD,14,IPS,FALSE,1.55,,Windows 11 Home,FALSE,FALSE,TRUE,TRUE,TRUE
laptop,MSI AMD Ryzen 7 Octa Core 7730U - (16 GB/512 GB SSD/Windows 11 Home) Modern 14 C7M-285IN Business Lapt...,https://www.flipkart.com/msi-amd-ryzen-7-octa-core-7730u-16-gb-512-gb-ssd-windows-11-home-modern-14-c7m-285in-business-laptop/p/itmb82466e1d1ca2?pid=COMH3YTFAM57QQEU&lid=LSTCOMH3YTFAM57QQEUGRCIQF&marketplace=FLIPKART&store=6bo%2Fb5g&srno=b_11_260&otracker=browse&fm=organic&iid=b768ff4b-fea1-4a21-b9cb-90334bbc70bb.COMH3YTFAM57QQEU.SEARCH&ppt=None&ppn=None&ssid=e0c9081pfk0000001764345703372,51990,4.2,1,https://rukminim2.flixcart.com/image/312/312/xif0q/computer/b/o/r/-original-imahg5fxyhzybssd.jpeg?q=70,"MSI AMD Ryzen 7 Octa Core 7730U - (16 GB/512 GB SSD/Windows 11 Home) Modern 14 C7M-285IN Business Lapt.... powered by AMD Ryzen 7. 16GB DDR4 RAM. 512.0GB SSD. AMD Radeon Amd graphics. 14.0"" IPS display. weighs 1.4kg. running Windows 11 Home.",MSI,Classic Black,Business Laptop,AMD,Ryzen 7,16,DDR4,AMD,Radeon Amd,TRUE,512,SSD,14,IPS,FALSE,1.4,,Windows 11 Home,TRUE,TRUE,TRUE,TRUE,TRUE
laptop,MOTOROLA Motobook 60 Full Metal OLED (i7 14th Gen) Intel Core 7 (Series 2) 240H - (16 GB/1 TB SSD/Wind...,https://www.flipkart.com/motorola-motobook-60-full-metal-oled-i7-14th-gen-intel-core-7-series-2-240h-16-gb-1-tb-ssd-windows-11-home-14irh10r-thin-light-laptop/p/itmd38998009f90e?pid=COMHAUZWMJNUBXVE&lid=LSTCOMHAUZWMJNUBXVEFCZ6QJ&marketplace=FLIPKART&store=6bo%2Fb5g&srno=b_11_261&otracker=browse&fm=organic&iid=en_BvDX11pLHaC9c7k-4ibxdpGVfbkG84cMyMF8eQVQDFmPXUfbsMXjmTyDbLBcC9t2hGcrGrhN2tt-ZOW4zUSuE04IsYyWu-Pj9cxFjFAoaLk%3D&ppt=None&ppn=None&ssid=e0c9081pfk0000001764345703372,58990,4.4,69,https://rukminim2.flixcart.com/image/312/312/xif0q/computer/g/r/p/-original-imahg5ftvnmqhgqp.jpeg?q=70,"MOTOROLA Motobook 60 Full Metal OLED (i7 14th Gen) Intel Core 7 (Series 2) 240H - (16 GB/1 TB SSD/Wind.... powered by Intel Core 7 (Series 2). 16GB DDR5 RAM. 1024.0GB SSD. 14.0"" OLED display. weighs 1.4kg. running Windows 11 Home.",MOTOROLA,PANTONE Bronze Green,Thin and Light Laptop,Intel,Core 7 (Series 2),16,DDR5,Intel,Integrated Graphics,FALSE,1024,SSD,14,OLED,FALSE,1.4,,Windows 11 Home,FALSE,FALSE,TRUE,TRUE,TRUE
laptop,"ASUS Vivobook S16 OLED (2025) with Backlit Keyboard, Metal Body*, Qualcomm Snapdragon X - (16 GB/512 G...",https://www.flipkart.com/asus-vivobook-s16-oled-2025-backlit-keyboard-metal-body-qualcomm-snapdragon-x-16-gb-512-gb-ssd-windows-11-home-s3607qa-sh078ws-thin-light-laptop/p/itm252509f1beb81?pid=COMHCQ5EYNZ2HRWW&lid=LSTCOMHCQ5EYNZ2HRWWUYQZ3F&marketplace=FLIPKART&store=6bo%2Fb5g&srno=b_11_262&otracker=browse&fm=organic&iid=en_BvDX11pLHaC9c7k-4ibxdpGVfbkG84cMyMF8eQVQDFlRNj6gVGwVA-p286h_kQE7ZSN1_zpYqKFXeDoWNjYzBRhTy0lUJ14SzoMSv_CzLF0%3D&ppt=None&ppn=None&ssid=e0c9081pfk0000001764345703372,71990,4.4,51,https://rukminim2.flixcart.com/image/312/312/xif0q/computer/g/4/k/-original-imahfn3geekjdudx.jpeg?q=70,"ASUS Vivobook S16 OLED (2025) with Backlit Keyboard, Metal Body*, Qualcomm Snapdragon X - (16 GB/512 G.... powered by Qualcomm Snapdragon X. 16GB LPDDR5X RAM. 512.0GB SSD. 16.0"" Full HD display. weighs 1.74kg. running Windows 11 Home.",ASUS,Pink,Thin and Light Laptop,Qualcomm,Snapdragon X,16,LPDDR5X,Qualcomm,Adreno,FALSE,512,SSD,16,Full HD,FALSE,1.74,,Windows 11 Home,FALSE,FALSE,TRUE,TRUE,TRUE
laptop,MSI Intel Core i3 12th Gen 1215U - (16 GB/512 GB SSD/Windows 11 Home) Modern 15 B12MO-1049IN Business ...,https://www.flipkart.com/msi-intel-core-i3-12th-gen-1215u-16-gb-512-gb-ssd-windows-11-home-modern-15-b12mo-1049in-business-laptop/p/itm21f8007ef0cd1?pid=COMH3YTFTHCB4RY5&lid=LSTCOMH3YTFTHCB4RY5KWBKIC&marketplace=FLIPKART&store=6bo%2Fb5g&srno=b_11_263&otracker=browse&fm=organic&iid=b768ff4b-fea1-4a21-b9cb-90334bbc70bb.COMH3YTFTHCB4RY5.SEARCH&ppt=None&ppn=None&ssid=e0c9081pfk0000001764345703372,33040,4.2,10,https://rukminim2.flixcart.com/image/312/312/xif0q/computer/l/5/f/-original-imahg5fuzftbmyqv.jpeg?q=70,"MSI Intel Core i3 12th Gen 1215U - (16 GB/512 GB SSD/Windows 11 Home) Modern 15 B12MO-1049IN Business .... powered by Intel Core i3. 16GB DDR4 RAM. 512.0GB SSD. 15.0"" IPS display. weighs 1.7kg. running Windows 11 Home.",MSI,Classic Black,Business Laptop,Intel,Core i3,16,DDR4,Intel,Iris Xe,FALSE,512,SSD,15,IPS,FALSE,1.7,,Windows 11 Home,FALSE,FALSE,TRUE,TRUE,TRUE
laptop,"ASUS Vivobook Go 15 OLED, with Backlit Keyboard, AMD Ryzen 3 Quad Core 7320U - (8 GB/512 GB SSD/Window...",https://www.flipkart.com/asus-vivobook-go-15-oled-backlit-keyboard-amd-ryzen-3-quad-core-7320u-8-gb-512-gb-ssd-windows-11-home-e1504fa-lk321ws-thin-light-laptop/p/itm3de88f71e558b?pid=COMGMGXFB2KYFGZN&lid=LSTCOMGMGXFB2KYFGZN0SV9BA&marketplace=FLIPKART&store=6bo%2Fb5g&srno=b_11_264&otracker=browse&fm=organic&iid=b768ff4b-fea1-4a21-b9cb-90334bbc70bb.COMGMGXFB2KYFGZN.SEARCH&ppt=None&ppn=None&ssid=e0c9081pfk0000001764345703372,34990,4.4,478,https://rukminim2.flixcart.com/image/312/312/xif0q/computer/y/z/d/-original-imahg5fue8qmg6wk.jpeg?q=70,"ASUS Vivobook Go 15 OLED, with Backlit Keyboard, AMD Ryzen 3 Quad Core 7320U - (8 GB/512 GB SSD/Window.... powered by AMD Ryzen 3. 8GB LPDDR5 RAM. 512.0GB SSD. AMD Radeon Amd graphics. 15.6"" OLED display. weighs 1.63kg. running Windows 11 Home.",ASUS,Cool Silver,Thin and Light Laptop,AMD,Ryzen 3,8,LPDDR5,AMD,Radeon Amd,TRUE,512,SSD,15.6,OLED,FALSE,1.63,,Windows 11 Home,TRUE,FALSE,FALSE,TRUE,TRUE
laptop,Samsung Galaxy Book4 Edge Series Copilot AI-PC Full Metal Chasis Qualcomm Snapdragon X - (16 GB/512 GB...,https://www.flipkart.com/samsung-galaxy-book4-edge-series-copilot-ai-pc-full-metal-chasis-qualcomm-snapdragon-x-16-gb-512-gb-ssd-windows-11-home-np750xqb-ka1in-thin-light-laptop/p/itm1d61ec8d90cc7?pid=COMHE4ATFWNVHXHS&lid=LSTCOMHE4ATFWNVHXHSIHS0FO&marketplace=FLIPKART&store=6bo%2Fb5g&srno=b_12_265&otracker=browse&fm=organic&iid=en_naSV9Cqx3AF62EQQZJ6Utk0AGHqm1QP0150h7-XcEgs1zKkAqId0cnWcX3GH9pDoQ71Y6DzfE2Py1YOKCzM1GPUFjCTyOHoHZs-Z5_PS_w0%3D&ppt=None&ppn=None&ssid=wo14l2ks3k0000001764345711606,64990,4.4,128,https://rukminim2.flixcart.com/image/312/312/xif0q/computer/a/g/p/-original-imahgwkqughzkwt3.jpeg?q=70,"Samsung Galaxy Book4 Edge Series Copilot AI-PC Full Metal Chasis Qualcomm Snapdragon X - (16 GB/512 GB.... powered by Qualcomm Snapdragon X. 16GB LPDDR5X RAM. 512.0GB SSD. 15.6"" HD display. weighs 1.55kg. running Windows 11 Home.",Samsung,Sapphire Blue,Thin and Light Laptop,Qualcomm,Snapdragon X,16,LPDDR5X,Qualcomm,Adreno,FALSE,512,SSD,15.6,HD,FALSE,1.55,,Windows 11 Home,FALSE,FALSE,TRUE,TRUE,TRUE
laptop,"ASUS Vivobook 15, with Backlit Keyboard, Intel Core i3 12th Gen 1215U - (8 GB/512 GB SSD/Windows 11 Ho...",https://www.flipkart.com/asus-vivobook-15-backlit-keyboard-intel-core-i3-12th-gen-1215u-8-gb-512-gb-ssd-windows-11-home-x1504za-nj321ws-thin-light-laptop/p/itmbe5bbf6a5168b?pid=COMGT2ZXC24MFNFA&lid=LSTCOMGT2ZXC24MFNFAH8MFND&marketplace=FLIPKART&store=6bo%2Fb5g&srno=b_12_266&otracker=browse&fm=organic&iid=cbc0c930-6abc-43b8-97c8-afa40eea5285.COMGT2ZXC24MFNFA.SEARCH&ppt=None&ppn=None&ssid=wo14l2ks3k0000001764345711606,30990,4.3,509,https://rukminim2.flixcart.com/image/312/312/xif0q/computer/c/n/z/-original-imahg5fuhzzht5ct.jpeg?q=70,"ASUS Vivobook 15, with Backlit Keyboard, Intel Core i3 12th Gen 1215U - (8 GB/512 GB SSD/Windows 11 Ho.... powered by Intel Core i3. 8GB DDR4 RAM. 512.0GB SSD. 15.6"" HD display. running Windows 11 Home.",ASUS,Quiet Blue,Thin and Light Laptop,Intel,Core i3,8,DDR4,Intel,Integrated Graphics,FALSE,512,SSD,15.6,HD,FALSE,,,Windows 11 Home,FALSE,FALSE,FALSE,FALSE,FALSE
laptop,"ASUS Vivobook 15 (2025) with Office 2024 + M365 Basic*, Intel Core i3 13th Gen 1315U - (8 GB/512 GB SS...",https://www.flipkart.com/asus-vivobook-15-2025-office-2024-m365-basic-intel-core-i3-13th-gen-1315u-8-gb-512-gb-ssd-windows-11-home-x1504va-nj3700ws-thin-light-laptop/p/itmf31c79724a398?pid=COMHCQ5ECZZV6THK&lid=LSTCOMHCQ5ECZZV6THKTW8YMF&marketplace=FLIPKART&store=6bo%2Fb5g&srno=b_12_267&otracker=browse&fm=organic&iid=en_naSV9Cqx3AF62EQQZJ6Utk0AGHqm1QP0150h7-XcEgtcXCXdyNcMUfIuOyp019LT33jN4jhGgPcCWMhB0VVnE_UFjCTyOHoHZs-Z5_PS_w0%3D&ppt=None&ppn=None&ssid=wo14l2ks3k0000001764345711606,34990,4.3,163,https://rukminim2.flixcart.com/image/312/312/xif0q/computer/b/l/v/-original-imahgfdffszmurd7.jpeg?q=70,"ASUS Vivobook 15 (2025) with Office 2024 + M365 Basic*, Intel Core i3 13th Gen 1315U - (8 GB/512 GB SS.... powered by Intel Core i3. 8GB DDR4 RAM. 512.0GB SSD. 15.6"" Full HD display. weighs 1.7kg. running Windows 11 Home.",ASUS,Terra Cotta,Thin and Light Laptop,Intel,Core i3,8,DDR4,Intel,Integrated Graphics,FALSE,512,SSD,15.6,Full HD,FALSE,1.7,,Windows 11 Home,FALSE,FALSE,FALSE,TRUE,TRUE
laptop,Lenovo IdeaPad Slim 3 Next Gen AI PC WUXGA IPS Copilot + PC Qualcomm Snapdragon X - (16 GB/512 GB SSD/...,https://www.flipkart.com/lenovo-ideapad-slim-3-next-gen-ai-pc-wuxga-ips-copilot-qualcomm-snapdragon-x-16-gb-512-gb-ssd-windows-11-home-15q8x10-thin-light-laptop/p/itm097ac7e15511b?pid=COMHDMJYDGBTMJXG&lid=LSTCOMHDMJYDGBTMJXG112MJM&marketplace=FLIPKART&store=6bo%2Fb5g&srno=b_12_268&otracker=browse&fm=organic&iid=en_naSV9Cqx3AF62EQQZJ6Utk0AGHqm1QP0150h7-XcEgspA7tw_Zoqcmhq_XSQ_Su2NwAKNkUyoQ8jObELuPEQTPUFjCTyOHoHZs-Z5_PS_w0%3D&ppt=None&ppn=None&ssid=wo14l2ks3k0000001764345711606,49990,4.3,27,https://rukminim2.flixcart.com/image/312/312/xif0q/computer/d/z/z/-original-imahgfdfx3hhguyc.jpeg?q=70,"Lenovo IdeaPad Slim 3 Next Gen AI PC WUXGA IPS Copilot + PC Qualcomm Snapdragon X - (16 GB/512 GB SSD/.... powered by Qualcomm Snapdragon X. 16GB LPDDR5X RAM. 512.0GB SSD. 15.3"" IPS display. weighs 1.55kg. running Windows 11 Home.",Lenovo,Luna Grey,Thin and Light Laptop,Qualcomm,Snapdragon X,16,LPDDR5X,Qualcomm,Adreno,FALSE,512,SSD,15.3,IPS,FALSE,1.55,50,Windows 11 Home,FALSE,FALSE,TRUE,TRUE,TRUE
laptop,Lenovo LOQ AMD Ryzen 5 Quad Core 7235HS - (24 GB/512 GB SSD/Windows 11 Home/4 GB Graphics/NVIDIA GeFor...,https://www.flipkart.com/lenovo-loq-amd-ryzen-5-quad-core-7235hs-24-gb-512-gb-ssd-windows-11-home-4-graphics-nvidia-geforce-rtx-3050a-15arp9-gaming-laptop/p/itmcc4401a49ffdd?pid=COMHBZVGPTGSKWMH&lid=LSTCOMHBZVGPTGSKWMHLCFZW6&marketplace=FLIPKART&store=6bo%2Fb5g&srno=b_12_269&otracker=browse&fm=organic&iid=cbc0c930-6abc-43b8-97c8-afa40eea5285.COMHBZVGPTGSKWMH.SEARCH&ppt=None&ppn=None&ssid=wo14l2ks3k0000001764345711606,63990,4.4,66,https://rukminim2.flixcart.com/image/312/312/xif0q/computer/7/y/w/-original-imahg52nucyn68sk.jpeg?q=70,"Lenovo LOQ AMD Ryzen 5 Quad Core 7235HS - (24 GB/512 GB SSD/Windows 11 Home/4 GB Graphics/NVIDIA GeFor.... powered by AMD Ryzen 5. 24GB DDR5 RAM. 512.0GB SSD. NVIDIA RTX 3050A graphics. 15.6"" IPS display. weighs 2.38kg. running Windows 11 Home.",Lenovo,Luna Grey,Gaming Laptop,AMD,Ryzen 5,24,DDR5,NVIDIA,RTX 3050A,TRUE,512,SSD,15.6,IPS,FALSE,2.38,,Windows 11 Home,TRUE,TRUE,TRUE,TRUE,FALSE
laptop,"ASUS Vivobook 14 (2025) with Office 2024 + M365 Basic*, Backlit Keyboard, Qualcomm Snapdragon X - (16 ...",https://www.flipkart.com/asus-vivobook-14-2025-office-2024-m365-basic-backlit-keyboard-qualcomm-snapdragon-x-16-gb-512-gb-ssd-windows-11-home-x1407qa-ly038ws-thin-light-laptop/p/itm042ce22288962?pid=COMHCQ5ECGFYFBPE&lid=LSTCOMHCQ5ECGFYFBPERBD0GL&marketplace=FLIPKART&store=6bo%2Fb5g&srno=b_12_270&otracker=browse&fm=organic&iid=cbc0c930-6abc-43b8-97c8-afa40eea5285.COMHCQ5ECGFYFBPE.SEARCH&ppt=None&ppn=None&ssid=wo14l2ks3k0000001764345711606,56990,4.4,33,https://rukminim2.flixcart.com/image/312/312/xif0q/computer/y/e/a/-original-imahgfdfznbvqjyv.jpeg?q=70,"ASUS Vivobook 14 (2025) with Office 2024 + M365 Basic*, Backlit Keyboard, Qualcomm Snapdragon X - (16 .... powered by Qualcomm Snapdragon X. 16GB LPDDR5X RAM. 512.0GB SSD. 14.0"" IPS display. weighs 1.49kg. running Windows 11 Home.",ASUS,Quiet Blue,Thin and Light Laptop,Qualcomm,Snapdragon X,16,LPDDR5X,Qualcomm,Adreno,FALSE,512,SSD,14,IPS,FALSE,1.49,,Windows 11 Home,FALSE,FALSE,TRUE,TRUE,TRUE
laptop,Acer Aspire 3 Intel Core i3 13th Gen 1305U - (8 GB/512 GB SSD/Windows 11 Home) A324-53 Thin and Light ...,https://www.flipkart.com/acer-aspire-3-intel-core-i3-13th-gen-1305u-8-gb-512-gb-ssd-windows-11-home-a324-53-thin-light-laptop/p/itma6a6812aa712e?pid=COMH4B6CGTPNVJW9&lid=LSTCOMH4B6CGTPNVJW9JOF4ZC&marketplace=FLIPKART&store=6bo%2Fb5g&srno=b_12_271&otracker=browse&fm=organic&iid=en_naSV9Cqx3AF62EQQZJ6Utk0AGHqm1QP0150h7-XcEguI9zumr8UtBUGoKJCeovlXp5iBsv_cHJc2xbWysDCSOfUFjCTyOHoHZs-Z5_PS_w0%3D&ppt=None&ppn=None&ssid=wo14l2ks3k0000001764345711606,30990,4.3,233,https://rukminim2.flixcart.com/image/312/312/xif0q/computer/r/p/w/-original-imahg5fxzmyzbkv8.jpeg?q=70,"Acer Aspire 3 Intel Core i3 13th Gen 1305U - (8 GB/512 GB SSD/Windows 11 Home) A324-53 Thin and Light .... powered by Intel Core i3. 8GB DDR4 RAM. 512.0GB SSD. 14.0"" HD display. weighs 1.45kg. running Windows 11 Home.",Acer,Steel Gray,Thin and Light Laptop,Intel,Core i3,8,DDR4,Intel,Integrated Graphics,FALSE,512,SSD,14,HD,FALSE,1.45,,Windows 11 Home,FALSE,FALSE,FALSE,TRUE,TRUE
laptop,"ASUS Vivobook 15 (2025) (i5 14th Gen) with MSO 2024 + M365 Basic*, Backlit Keyboard, Intel Core 5 120U...",https://www.flipkart.com/asus-vivobook-15-2025-i5-14th-gen-mso-2024-m365-basic-backlit-keyboard-intel-core-5-120u-16-gb-512-gb-ssd-windows-11-home-x1504vap-nj2862ws-thin-light-laptop/p/itm509f174cc1a04?pid=COMHDG7CFDWVKYMZ&lid=LSTCOMHDG7CFDWVKYMZSDYMWT&marketplace=FLIPKART&store=6bo%2Fb5g&srno=b_12_272&otracker=browse&fm=organic&iid=en_naSV9Cqx3AF62EQQZJ6Utk0AGHqm1QP0150h7-XcEgvQnLnAYtR0KwsazdboUR_0vIyKrJOOyrWKvQt3koA-iPUFjCTyOHoHZs-Z5_PS_w0%3D&ppt=None&ppn=None&ssid=wo14l2ks3k0000001764345711606,49990,4.3,79,https://rukminim2.flixcart.com/image/312/312/xif0q/computer/k/u/e/-original-imahcd8gzqjnp2vv.jpeg?q=70,"ASUS Vivobook 15 (2025) (i5 14th Gen) with MSO 2024 + M365 Basic*, Backlit Keyboard, Intel Core 5 120U.... powered by Intel Core 5. 16GB DDR4 RAM. 512.0GB SSD. 15.6"" Full HD display. weighs 1.7kg. running Windows 11 Home.",ASUS,Cool Silver,Thin and Light Laptop,Intel,Core 5,16,DDR4,Intel,Integrated Graphics,FALSE,512,SSD,15.6,Full HD,FALSE,1.7,,Windows 11 Home,FALSE,FALSE,TRUE,TRUE,TRUE
laptop,Lenovo V 14 (2025) Intel Core i3 13th Gen 1315U - (24 GB/512 GB SSD/Windows 11 Pro) V14 Thin and Light...,https://www.flipkart.com/lenovo-v-14-2025-intel-core-i3-13th-gen-1315u-24-gb-512-gb-ssd-windows-11-pro-v14-thin-light-laptop/p/itm8a0474ff26acb?pid=COMHG56SGAFJ8DRG&lid=LSTCOMHG56SGAFJ8DRGBPLHYD&marketplace=FLIPKART&store=6bo%2Fb5g&srno=b_12_273&otracker=browse&fm=organic&iid=cbc0c930-6abc-43b8-97c8-afa40eea5285.COMHG56SGAFJ8DRG.SEARCH&ppt=None&ppn=None&ssid=wo14l2ks3k0000001764345711606,39990,4.6,0,https://rukminim2.flixcart.com/image/312/312/xif0q/computer/y/u/q/v-14-thin-and-light-laptop-lenovo-original-imahg53taznfgpxh.jpeg?q=70,"Lenovo V 14 (2025) Intel Core i3 13th Gen 1315U - (24 GB/512 GB SSD/Windows 11 Pro) V14 Thin and Light.... powered by Intel Core i3. 24GB DDR4 RAM. 512.0GB SSD. 14.0"" HD display. weighs 1.4kg. running Windows 11 Pro.",Lenovo,Grey Iron,Thin and Light Laptop,Intel,Core i3,24,DDR4,Intel,Integrated Graphics,FALSE,512,SSD,14,HD,FALSE,1.4,,Windows 11 Pro,FALSE,FALSE,TRUE,TRUE,TRUE
laptop,Lenovo Lenovo V15 G3 IAP Intel Core i5 12th Gen 1235U - (16 GB/512 GB SSD/Windows 11 Home) 82TTA07RIH ...,https://www.flipkart.com/lenovo-v15-g3-iap-intel-core-i5-12th-gen-1235u-16-gb-512-gb-ssd-windows-11-home-82tta07rih-thin-light-laptop/p/itm575eadcc5ae49?pid=COMH6XHKJSQN4CT3&lid=LSTCOMH6XHKJSQN4CT3FSNUI8&marketplace=FLIPKART&store=6bo%2Fb5g&srno=b_12_274&otracker=browse&fm=organic&iid=cbc0c930-6abc-43b8-97c8-afa40eea5285.COMH6XHKJSQN4CT3.SEARCH&ppt=None&ppn=None&ssid=wo14l2ks3k0000001764345711606,46940,4.1,26,https://rukminim2.flixcart.com/image/312/312/xif0q/computer/s/x/n/82tta07rih-thin-and-light-laptop-lenovo-original-imah7faabhq2pe3g.jpeg?q=70,"Lenovo Lenovo V15 G3 IAP Intel Core i5 12th Gen 1235U - (16 GB/512 GB SSD/Windows 11 Home) 82TTA07RIH .... powered by Intel Core i5. 16GB DDR4 RAM. 512.0GB SSD. 15.6"" HD display. weighs 1.7kg. running Windows 11 Home.",Lenovo,Iron Grey,Thin and Light Laptop,Intel,Core i5,16,DDR4,Intel,Iris Xe,FALSE,512,SSD,15.6,HD,FALSE,1.7,,Windows 11 Home,FALSE,FALSE,TRUE,TRUE,TRUE
laptop,MOTOROLA Motobook 60 Full Metal OLED (i5 14th Gen) Intel Core 5 (Series 2) 210H - (16 GB/512 GB SSD/Wi...,https://www.flipkart.com/motorola-motobook-60-full-metal-oled-i5-14th-gen-intel-core-5-series-2-210h-16-gb-512-gb-ssd-windows-11-home-14irh10r-thin-light-laptop/p/itm9a50f9400e0e0?pid=COMHAUZWVNJSFAMN&lid=LSTCOMHAUZWVNJSFAMNCQMECQ&marketplace=FLIPKART&store=6bo%2Fb5g&srno=b_12_275&otracker=browse&fm=organic&iid=en_naSV9Cqx3AF62EQQZJ6Utk0AGHqm1QP0150h7-XcEgvpdeBR9bPaKPn8GoxXccdhvVC4qkBok_NyawEJOiZmbQ%3D%3D&ppt=None&ppn=None&ssid=wo14l2ks3k0000001764345711606,49990,4.4,200,https://rukminim2.flixcart.com/image/312/312/xif0q/computer/3/o/h/-original-imahg5fydhnpgbyz.jpeg?q=70,"MOTOROLA Motobook 60 Full Metal OLED (i5 14th Gen) Intel Core 5 (Series 2) 210H - (16 GB/512 GB SSD/Wi.... powered by Intel Core 5 (Series 2). 16GB DDR5 RAM. 512.0GB SSD. 14.0"" OLED display. weighs 1.4kg. running Windows 11 Home.",MOTOROLA,PANTONE Wedgewood,Thin and Light Laptop,Intel,Core 5 (Series 2),16,DDR5,Intel,Integrated Graphics,FALSE,512,SSD,14,OLED,FALSE,1.4,,Windows 11 Home,FALSE,FALSE,TRUE,TRUE,TRUE
laptop,Lenovo V14 Intel Core i5 12th Gen 1235U - (8 GB/512 GB SSD/Windows 11 Home) V14 ITL G2 Thin and Light ...,https://www.flipkart.com/lenovo-v14-intel-core-i5-12th-gen-1235u-8-gb-512-gb-ssd-windows-11-home-itl-g2-thin-light-laptop/p/itm330ccb4eab074?pid=COMG6VRPCDUFX6X4&lid=LSTCOMG6VRPCDUFX6X43TDGQA&marketplace=FLIPKART&store=6bo%2Fb5g&srno=b_12_276&otracker=browse&fm=organic&iid=cbc0c930-6abc-43b8-97c8-afa40eea5285.COMG6VRPCDUFX6X4.SEARCH&ppt=None&ppn=None&ssid=wo14l2ks3k0000001764345711606,44490,4.1,83,https://rukminim2.flixcart.com/image/312/312/xif0q/computer/6/c/a/v14-thin-and-light-laptop-lenovo-original-imah4fkfdz9vk9vy.jpeg?q=70,"Lenovo V14 Intel Core i5 12th Gen 1235U - (8 GB/512 GB SSD/Windows 11 Home) V14 ITL G2 Thin and Light .... powered by Intel Core i5. 8GB DDR4 RAM. 512.0GB SSD. 14.0"" IPS display. weighs 1.6kg. running Windows 11 Home.",Lenovo,Iron Grey,Thin and Light Laptop,Intel,Core i5,8,DDR4,Intel,Iris Xe,FALSE,512,SSD,14,IPS,FALSE,1.6,,Windows 11 Home,FALSE,FALSE,FALSE,TRUE,TRUE
laptop,DELL 15 Intel Core i3 13th Gen 1305U - (16 GB/512 GB SSD/Windows 11 Home) OVN353025001RING1O Thin and ...,https://www.flipkart.com/dell-15-intel-core-i3-13th-gen-1305u-16-gb-512-gb-ssd-windows-11-home-ovn353025001ring1o-thin-light-laptop/p/itmb007cf7efac41?pid=COMHD99W94EPN2H2&lid=LSTCOMHD99W94EPN2H28GBQQL&marketplace=FLIPKART&store=6bo%2Fb5g&srno=b_12_277&otracker=browse&fm=organic&iid=en_naSV9Cqx3AF62EQQZJ6Utk0AGHqm1QP0150h7-XcEgtI8pR4KpyxOL6VUyhhuah7hn0uaKkgWn3tpmatqZbcEfUFjCTyOHoHZs-Z5_PS_w0%3D&ppt=None&ppn=None&ssid=wo14l2ks3k0000001764345711606,38990,4.2,31,https://rukminim2.flixcart.com/image/312/312/xif0q/computer/f/i/b/-original-imahgx8ws7ypyhmd.jpeg?q=70,"DELL 15 Intel Core i3 13th Gen 1305U - (16 GB/512 GB SSD/Windows 11 Home) OVN353025001RING1O Thin and .... powered by Intel Core i3. 16GB DDR4 RAM. 512.0GB SSD. 15.6"" HD display. weighs 1.66kg. running Windows 11 Home.",DELL,Titan Grey,Thin and Light Laptop,Intel,Core i3,16,DDR4,Intel,Integrated Graphics,FALSE,512,SSD,15.6,HD,FALSE,1.66,,Windows 11 Home,FALSE,FALSE,TRUE,TRUE,TRUE
laptop,Lenovo IdeaPad Slim 5 Co-Pilot Next Gen AI PC Full Metal Snapdragon X Plus - (16 GB/1 TB SSD/Windows 1...,https://www.flipkart.com/lenovo-ideapad-slim-5-co-pilot-next-gen-ai-pc-full-metal-snapdragon-x-plus-16-gb-1-tb-ssd-windows-11-home-14q8x9-thin-light-laptop/p/itm8a59041fc8c0f?pid=COMH4N9CZ7JKPQQC&lid=LSTCOMH4N9CZ7JKPQQCOFLXDU&marketplace=FLIPKART&store=6bo%2Fb5g&srno=b_12_278&otracker=browse&fm=organic&iid=en_naSV9Cqx3AF62EQQZJ6Utk0AGHqm1QP0150h7-XcEgs97s1AADad2KyspBurCIAamHEXmeLQL2cKi8ce-UIJ0PUFjCTyOHoHZs-Z5_PS_w0%3D&ppt=None&ppn=None&ssid=wo14l2ks3k0000001764345711606,57990,4.1,68,https://rukminim2.flixcart.com/image/312/312/xif0q/computer/6/l/r/-original-imahg5fxwyqndjhu.jpeg?q=70,"Lenovo IdeaPad Slim 5 Co-Pilot Next Gen AI PC Full Metal Snapdragon X Plus - (16 GB/1 TB SSD/Windows 1.... powered by Snapdragon X Plus. 16GB LPDDR5X RAM. 1024.0GB SSD. 14.0"" IPS display. weighs 1.48kg. running Windows 11 Home.",Lenovo,Cloud Grey,Thin and Light Laptop,Snapdragon,X Plus,16,LPDDR5X,Qualcomm,Adreno,FALSE,1024,SSD,14,IPS,FALSE,1.48,,Windows 11 Home,FALSE,FALSE,TRUE,TRUE,TRUE
laptop,MSI Commercial 14 H Intel Core i5 13th Gen 13420H - (16 GB/512 GB SSD/Windows 11 Pro) Commercial 14 H ...,https://www.flipkart.com/msi-commercial-14-h-intel-core-i5-13th-gen-13420h-16-gb-512-gb-ssd-windows-11-pro-a13mg-064in-thin-light-laptop/p/itm869e7ffedde0f?pid=COMGYSFG2KNNQY9H&lid=LSTCOMGYSFG2KNNQY9HLGGQXY&marketplace=FLIPKART&store=6bo%2Fb5g&srno=b_12_279&otracker=browse&fm=organic&iid=cbc0c930-6abc-43b8-97c8-afa40eea5285.COMGYSFG2KNNQY9H.SEARCH&ppt=None&ppn=None&ssid=wo14l2ks3k0000001764345711606,71990,4.2,6,https://rukminim2.flixcart.com/image/312/312/xif0q/computer/d/j/s/-original-imahg533zwzbahku.jpeg?q=70,"MSI Commercial 14 H Intel Core i5 13th Gen 13420H - (16 GB/512 GB SSD/Windows 11 Pro) Commercial 14 H .... powered by Intel Core i5. 16GB DDR4 RAM. 512.0GB SSD. 14.0"" IPS display. weighs 1.6kg. running Windows 11 Pro.",MSI,Solid Gray,Thin and Light Laptop,Intel,Core i5,16,DDR4,Intel,Iris Xe,FALSE,512,SSD,14,IPS,FALSE,1.6,,Windows 11 Pro,FALSE,FALSE,TRUE,TRUE,TRUE
laptop,Acer 3 Years Warranty Aspire 3 (2025) Intel Core i3 13th Gen 1305U - (16 GB/512 GB SSD/Windows 11 Home...,https://www.flipkart.com/acer-3-years-warranty-aspire-2025-intel-core-i3-13th-gen-1305u-16-gb-512-gb-ssd-windows-11-home-a325-53-thin-light-laptop/p/itm07dcd421d9bcb?pid=COMHG4T4XWKNGBQH&lid=LSTCOMHG4T4XWKNGBQH3AUYMC&marketplace=FLIPKART&store=6bo%2Fb5g&srno=b_12_280&otracker=browse&fm=organic&iid=cbc0c930-6abc-43b8-97c8-afa40eea5285.COMHG4T4XWKNGBQH.SEARCH&ppt=None&ppn=None&ssid=wo14l2ks3k0000001764345711606,36990,4,11,https://rukminim2.flixcart.com/image/312/312/xif0q/computer/b/c/6/aspire-3-a325-53-thin-and-light-laptop-acer-original-imahg4t48x6tbbsx.jpeg?q=70,"Acer 3 Years Warranty Aspire 3 (2025) Intel Core i3 13th Gen 1305U - (16 GB/512 GB SSD/Windows 11 Home.... powered by Intel Core i3. 16GB DDR4 RAM. 512.0GB SSD. 15.6"" IPS display. weighs 1.5kg. running Windows 11 Home.",Acer,Silver,Thin and Light Laptop,Intel,Core i3,16,DDR4,Intel,Integrated Graphics,FALSE,512,SSD,15.6,IPS,TRUE,1.5,,Windows 11 Home,FALSE,FALSE,TRUE,TRUE,TRUE
laptop,ASUS Vivobook Go 15 AMD Ryzen 3 Quad Core 7320U - (8 GB/512 GB SSD/Windows 11 Home) E1504FA-NJ130WS | ...,https://www.flipkart.com/asus-vivobook-go-15-amd-ryzen-3-quad-core-7320u-8-gb-512-gb-ssd-windows-11-home-e1504fa-nj130ws-e1504fa-bq2322ws-thin-light-laptop/p/itm9af4f3b5de2ff?pid=COMH94992SQ8HYGZ&lid=LSTCOMH94992SQ8HYGZMHVF97&marketplace=FLIPKART&store=6bo%2Fb5g&srno=b_12_281&otracker=browse&fm=organic&iid=en_naSV9Cqx3AF62EQQZJ6Utk0AGHqm1QP0150h7-XcEgspOZUzW1DPjQxdwAqwTf2xeXuwVW62AVi8x5VsiH1JWvUFjCTyOHoHZs-Z5_PS_w0%3D&ppt=None&ppn=None&ssid=wo14l2ks3k0000001764345711606,30990,4.3,94,https://rukminim2.flixcart.com/image/312/312/xif0q/computer/m/y/o/-original-imahg5fxjta7gns7.jpeg?q=70,"ASUS Vivobook Go 15 AMD Ryzen 3 Quad Core 7320U - (8 GB/512 GB SSD/Windows 11 Home) E1504FA-NJ130WS | .... powered by AMD Ryzen 3. 8GB LPDDR5 RAM. 512.0GB SSD. AMD Radeon Amd graphics. 15.6"" Full HD display. weighs 1.63kg. running Windows 11 Home.",ASUS,Mixed Black,Thin and Light Laptop,AMD,Ryzen 3,8,LPDDR5,AMD,Radeon Amd,TRUE,512,SSD,15.6,Full HD,FALSE,1.63,,Windows 11 Home,TRUE,FALSE,FALSE,TRUE,TRUE
laptop,ASUS Vivobook Go 15 AMD Ryzen 5 Quad Core 7520U - (8 GB/512 GB SSD/Windows 11 Home) E1504FA-NJ132WS | ...,https://www.flipkart.com/asus-vivobook-go-15-amd-ryzen-5-quad-core-7520u-8-gb-512-gb-ssd-windows-11-home-e1504fa-nj132ws-e1504fa-nj521ws-thin-light-laptop/p/itm657eb80ea799a?pid=COMH9499JNGDGTZ5&lid=LSTCOMH9499JNGDGTZ5WJGUDN&marketplace=FLIPKART&store=6bo%2Fb5g&srno=b_12_282&otracker=browse&fm=organic&iid=en_naSV9Cqx3AF62EQQZJ6Utk0AGHqm1QP0150h7-XcEgvotWL7GxavHGUMyH0xh_i76SUfh646hOdCc7fGVXNtA6V8WX5krIChubBlraAu4CQ%3D&ppt=None&ppn=None&ssid=wo14l2ks3k0000001764345711606,36990,4.2,49,https://rukminim2.flixcart.com/image/312/312/xif0q/computer/k/b/i/-original-imahg53xeuxqm6bv.jpeg?q=70,"ASUS Vivobook Go 15 AMD Ryzen 5 Quad Core 7520U - (8 GB/512 GB SSD/Windows 11 Home) E1504FA-NJ132WS | .... powered by AMD Ryzen 5. 8GB LPDDR5 RAM. 512.0GB SSD. AMD Radeon Amd graphics. 15.6"" Full HD display. weighs 1.63kg. running Windows 11 Home.",ASUS,Cool Silver,Thin and Light Laptop,AMD,Ryzen 5,8,LPDDR5,AMD,Radeon Amd,TRUE,512,SSD,15.6,Full HD,FALSE,1.63,,Windows 11 Home,TRUE,FALSE,FALSE,TRUE,TRUE
laptop,MSI Commercial 14 H Intel Core i5 13th Gen 13500H - (16 GB/1 TB SSD/Windows 11 Home) Commercial 14 H A...,https://www.flipkart.com/msi-commercial-14-h-intel-core-i5-13th-gen-13500h-16-gb-1-tb-ssd-windows-11-home-a13mg-vpro-069in-thin-light-laptop/p/itm869e7ffedde0f?pid=COMGXMY5PWMRA4XD&lid=LSTCOMGXMY5PWMRA4XDUGCCLZ&marketplace=FLIPKART&store=6bo%2Fb5g&srno=b_12_283&otracker=browse&fm=organic&iid=cbc0c930-6abc-43b8-97c8-afa40eea5285.COMGXMY5PWMRA4XD.SEARCH&ppt=None&ppn=None&ssid=wo14l2ks3k0000001764345711606,77990,4.2,6,https://rukminim2.flixcart.com/image/312/312/xif0q/computer/d/j/s/-original-imahg533zwzbahku.jpeg?q=70,"MSI Commercial 14 H Intel Core i5 13th Gen 13500H - (16 GB/1 TB SSD/Windows 11 Home) Commercial 14 H A.... powered by Intel Core i5. 16GB DDR4 RAM. 1024.0GB SSD. 14.0"" IPS display. weighs 1.6kg. running Windows 11 Home.",MSI,Gray,Thin and Light Laptop,Intel,Core i5,16,DDR4,Intel,Iris Xe,FALSE,1024,SSD,14,IPS,FALSE,1.6,,Windows 11 Home,FALSE,FALSE,TRUE,TRUE,TRUE
laptop,DELL Inspiron 15 MSO'24 with Backlit KB Intel Core i7 13th Gen 1355U - (16 GB/512 GB SSD/Windows 11 Ho...,https://www.flipkart.com/dell-inspiron-15-mso-24-backlit-kb-intel-core-i7-13th-gen-1355u-16-gb-512-gb-ssd-windows-11-home-3530-thin-light-laptop/p/itm8c87e16d883a6?pid=COMH8EPFJBDTQPFW&lid=LSTCOMH8EPFJBDTQPFWSA0Y0C&marketplace=FLIPKART&store=6bo%2Fb5g&srno=b_12_284&otracker=browse&fm=organic&iid=cbc0c930-6abc-43b8-97c8-afa40eea5285.COMH8EPFJBDTQPFW.SEARCH&ppt=None&ppn=None&ssid=wo14l2ks3k0000001764345711606,66990,4.2,2,https://rukminim2.flixcart.com/image/312/312/xif0q/computer/x/e/d/-original-imahg5fx6vyugqzh.jpeg?q=70,"DELL Inspiron 15 MSO'24 with Backlit KB Intel Core i7 13th Gen 1355U - (16 GB/512 GB SSD/Windows 11 Ho.... powered by Intel Core i7. 16GB DDR4 RAM. 512.0GB SSD. 15.6"" HD display. weighs 1.62kg. running Windows 11 Home.",DELL,Platinum Silver,Thin and Light Laptop,Intel,Core i7,16,DDR4,Intel,Integrated Graphics,FALSE,512,SSD,15.6,HD,FALSE,1.62,,Windows 11 Home,FALSE,FALSE,TRUE,TRUE,TRUE
laptop,"ASUS Vivobook S16 OLED (2025) with Backlit Keyboard, Metal Body*, Qualcomm Snapdragon X - (16 GB/512 G...",https://www.flipkart.com/asus-vivobook-s16-oled-2025-backlit-keyboard-metal-body-qualcomm-snapdragon-x-16-gb-512-gb-ssd-windows-11-home-s3607qa-sh078ws-thin-light-laptop/p/itm252509f1beb81?pid=COMHCQ5EYNZ2HRWW&lid=LSTCOMHCQ5EYNZ2HRWWUYQZ3F&marketplace=FLIPKART&store=6bo%2Fb5g&srno=b_12_285&otracker=browse&fm=organic&iid=en_naSV9Cqx3AF62EQQZJ6Utk0AGHqm1QP0150h7-XcEguvtvZlVITMISDzS7GbhCNKZSN1_zpYqKFXeDoWNjYzBQ891ypMzu4_aryI8_sihJ8%3D&ppt=None&ppn=None&ssid=wo14l2ks3k0000001764345711606,71990,4.4,51,https://rukminim2.flixcart.com/image/312/312/xif0q/computer/g/4/k/-original-imahfn3geekjdudx.jpeg?q=70,"ASUS Vivobook S16 OLED (2025) with Backlit Keyboard, Metal Body*, Qualcomm Snapdragon X - (16 GB/512 G.... powered by Qualcomm Snapdragon X. 16GB LPDDR5X RAM. 512.0GB SSD. 16.0"" Full HD display. weighs 1.74kg. running Windows 11 Home.",ASUS,Pink,Thin and Light Laptop,Qualcomm,Snapdragon X,16,LPDDR5X,Qualcomm,Adreno,FALSE,512,SSD,16,Full HD,FALSE,1.74,,Windows 11 Home,FALSE,FALSE,TRUE,TRUE,TRUE
laptop,Lenovo IdeaPad Slim 3 Intel Core i5 12th Gen 12450H - (16 GB/512 GB SSD/Windows 11 Home) 15IAH8 Thin a...,https://www.flipkart.com/lenovo-ideapad-slim-3-intel-core-i5-12th-gen-12450h-16-gb-512-gb-ssd-windows-11-home-15iah8-thin-light-laptop/p/itm8dd83f96f8d79?pid=COMHEARFBRJHJCA4&lid=LSTCOMHEARFBRJHJCA4FT2WQ9&marketplace=FLIPKART&store=6bo%2Fb5g&srno=b_12_286&otracker=browse&fm=organic&iid=cbc0c930-6abc-43b8-97c8-afa40eea5285.COMHEARFBRJHJCA4.SEARCH&ppt=None&ppn=None&ssid=wo14l2ks3k0000001764345711606,47200,4.6,0,https://rukminim2.flixcart.com/image/312/312/xif0q/computer/w/e/i/-original-imah8anb8kvnzpnm.jpeg?q=70,"Lenovo IdeaPad Slim 3 Intel Core i5 12th Gen 12450H - (16 GB/512 GB SSD/Windows 11 Home) 15IAH8 Thin a.... powered by Intel Core i5. 16GB LPDDR5 RAM. 512.0GB SSD. 15.6"" Full HD display. weighs 1.62kg. running Windows 11 Home.",Lenovo,Arctic Grey,Thin and Light Laptop,Intel,Core i5,16,LPDDR5,Intel,Integrated Graphics,FALSE,512,SSD,15.6,Full HD,FALSE,1.62,47,Windows 11 Home,FALSE,FALSE,TRUE,TRUE,TRUE
laptop,"ASUS Vivobook S14 Flip (2025) with Office 2024 + M365 Basic*, Backlit Keyboard, Intel Core i5 13th Gen...",https://www.flipkart.com/asus-vivobook-s14-flip-2025-office-2024-m365-basic-backlit-keyboard-intel-core-i5-13th-gen-13420h-16-gb-512-gb-ssd-windows-11-home-tp3402vao-lz612ws-2-1-laptop/p/itme494b3629a714?pid=COMH9SJ9VAJ7ZD99&lid=LSTCOMH9SJ9VAJ7ZD99ZNVNMB&marketplace=FLIPKART&store=6bo%2Fb5g&srno=b_12_287&otracker=browse&fm=organic&iid=en_naSV9Cqx3AF62EQQZJ6Utk0AGHqm1QP0150h7-XcEgue_HfUYyGVdEV3tL2kmqpydFkRelIWHe0RXA3B_oL1dBhTy0lUJ14SzoMSv_CzLF0%3D&ppt=None&ppn=None&ssid=wo14l2ks3k0000001764345711606,63990,4.4,51,https://rukminim2.flixcart.com/image/312/312/xif0q/computer/a/s/e/-original-imahg4ut9hnhkwhg.jpeg?q=70,"ASUS Vivobook S14 Flip (2025) with Office 2024 + M365 Basic*, Backlit Keyboard, Intel Core i5 13th Gen.... powered by Intel Core i5. 16GB DDR4 RAM. 512.0GB SSD. 14.0"" IPS display. weighs 1.65kg. running Windows 11 Home.",ASUS,Transparent Silver,2 in 1 Laptop,Intel,Core i5,16,DDR4,Intel,Integrated Graphics,FALSE,512,SSD,14,IPS,FALSE,1.65,,Windows 11 Home,FALSE,FALSE,TRUE,TRUE,TRUE
laptop,HP 15 Intel Core i5 13th Gen 1334U - (16 GB/512 GB SSD/Windows 11 Home) 15-fd0576TU / 15-fd0467TU Thin...,https://www.flipkart.com/hp-15-intel-core-i5-13th-gen-1334u-16-gb-512-gb-ssd-windows-11-home-15-fd0576tu-15-fd0467tu-thin-light-laptop/p/itm3d552029526ba?pid=COMH8QXWHJRQKR6P&lid=LSTCOMH8QXWHJRQKR6PW3FWJH&marketplace=FLIPKART&store=6bo%2Fb5g&srno=b_12_288&otracker=browse&fm=organic&iid=en_naSV9Cqx3AF62EQQZJ6Utk0AGHqm1QP0150h7-XcEgvZ6svb4UNdy3P_W3YSnwbsYYdVKrbksFyjSpMzHh_0BX3Gaq_wzx4HJysDmGalzMk%3D&ppt=None&ppn=None&ssid=wo14l2ks3k0000001764345711606,54990,4.2,45,https://rukminim2.flixcart.com/image/312/312/xif0q/computer/t/v/8/-original-imahg5fxfpvjasap.jpeg?q=70,"HP 15 Intel Core i5 13th Gen 1334U - (16 GB/512 GB SSD/Windows 11 Home) 15-fd0576TU / 15-fd0467TU Thin.... powered by Intel Core i5. 16GB DDR4 RAM. 512.0GB SSD. 15.6"" Full HD display. weighs 1.59kg. running Windows 11 Home.",HP,Silver,Thin and Light Laptop,Intel,Core i5,16,DDR4,Intel,Iris Xe,FALSE,512,SSD,15.6,Full HD,FALSE,1.59,,Windows 11 Home,FALSE,FALSE,TRUE,TRUE,TRUE
laptop,Acer Swift Go 14 TouchScreen AI PC Intel Core Ultra 7 155H - (16 GB/1 TB SSD/Windows 11 Home) SFG14-73...,https://www.flipkart.com/acer-swift-go-14-touchscreen-ai-pc-intel-core-ultra-7-155h-16-gb-1-tb-ssd-windows-11-home-sfg14-73t-70n9-thin-light-laptop/p/itm174fc1bfd505f?pid=COMGZH2UFKEB5PP4&lid=LSTCOMGZH2UFKEB5PP4ZOS4QG&marketplace=FLIPKART&store=6bo%2Fb5g&srno=b_13_289&otracker=browse&fm=organic&iid=4c71c46e-4ae8-4b52-a9fa-5842d9987180.COMGZH2UFKEB5PP4.SEARCH&ppt=None&ppn=None&ssid=5gr3rk5or40000001764345719631,80304,4.1,16,https://rukminim2.flixcart.com/image/312/312/xif0q/computer/z/y/z/-original-imahg5fxcyf3nxh9.jpeg?q=70,"Acer Swift Go 14 TouchScreen AI PC Intel Core Ultra 7 155H - (16 GB/1 TB SSD/Windows 11 Home) SFG14-73.... powered by Intel Core Ultra 7. 16GB LPDDR5X RAM. 1024.0GB SSD. 14.0"" IPS display. weighs 1.3kg. running Windows 11 Home.",Acer,Pure Silver,Thin and Light Laptop,Intel,Core Ultra 7,16,LPDDR5X,Intel,Integrated Graphics,FALSE,1024,SSD,14,IPS,TRUE,1.3,,Windows 11 Home,FALSE,FALSE,TRUE,TRUE,TRUE
laptop,ZEBRONICS Pro Series Z Intel Core i7 12th Gen 1255U - (16 GB/1 TB SSD/Windows 11 Home) ZEB-NBC 5S Thin...,https://www.flipkart.com/zebronics-pro-series-z-intel-core-i7-12th-gen-1255u-16-gb-1-tb-ssd-windows-11-home-zeb-nbc-5s-thin-light-laptop/p/itmb605901c4d2a7?pid=COMGSZ8NNDQC45DY&lid=LSTCOMGSZ8NNDQC45DYTFNCF0&marketplace=FLIPKART&store=6bo%2Fb5g&srno=b_13_290&otracker=browse&fm=organic&iid=4c71c46e-4ae8-4b52-a9fa-5842d9987180.COMGSZ8NNDQC45DY.SEARCH&ppt=None&ppn=None&ssid=5gr3rk5or40000001764345719631,57599,4,26,https://rukminim2.flixcart.com/image/312/312/xif0q/computer/u/8/n/-original-imahg5fwnwgyxvbd.jpeg?q=70,"ZEBRONICS Pro Series Z Intel Core i7 12th Gen 1255U - (16 GB/1 TB SSD/Windows 11 Home) ZEB-NBC 5S Thin.... powered by Intel Core i7. 16GB DDR4 RAM. 1024.0GB SSD. 15.6"" IPS display. weighs 1.76kg. running Windows 11 Home.",ZEBRONICS,Space Grey,Thin and Light Laptop,Intel,Core i7,16,DDR4,Intel,Integrated Graphics,FALSE,1024,SSD,15.6,IPS,FALSE,1.76,,Windows 11 Home,FALSE,FALSE,TRUE,TRUE,TRUE
laptop,Samsung Galaxy Book4 Edge Series Copilot AI-PC Full Metal Chasis Qualcomm Snapdragon X - (16 GB/512 GB...,https://www.flipkart.com/samsung-galaxy-book4-edge-series-copilot-ai-pc-full-metal-chasis-qualcomm-snapdragon-x-16-gb-512-gb-ssd-windows-11-home-np750xqb-ka1in-thin-light-laptop/p/itm1d61ec8d90cc7?pid=COMHE4ATFWNVHXHS&lid=LSTCOMHE4ATFWNVHXHSIHS0FO&marketplace=FLIPKART&store=6bo%2Fb5g&srno=b_13_291&otracker=browse&fm=organic&iid=en_2bWYHWdgcL6gRNTEQlCoK-MaBphZqXe68DYzu_8LM5p9dEW3OOF9BXiaBE4BJvmU_lVT3mDZ57aAKquXI1m8ovUFjCTyOHoHZs-Z5_PS_w0%3D&ppt=None&ppn=None&ssid=5gr3rk5or40000001764345719631,64990,4.4,128,https://rukminim2.flixcart.com/image/312/312/xif0q/computer/a/g/p/-original-imahgwkqughzkwt3.jpeg?q=70,"Samsung Galaxy Book4 Edge Series Copilot AI-PC Full Metal Chasis Qualcomm Snapdragon X - (16 GB/512 GB.... powered by Qualcomm Snapdragon X. 16GB LPDDR5X RAM. 512.0GB SSD. 15.6"" HD display. weighs 1.55kg. running Windows 11 Home.",Samsung,Sapphire Blue,Thin and Light Laptop,Qualcomm,Snapdragon X,16,LPDDR5X,Qualcomm,Adreno,FALSE,512,SSD,15.6,HD,FALSE,1.55,,Windows 11 Home,FALSE,FALSE,TRUE,TRUE,TRUE
laptop,"ASUS Vivobook 15 (2025) with Office 2024 + M365 Basic*, Intel Core i3 13th Gen 1315U - (8 GB/512 GB SS...",https://www.flipkart.com/asus-vivobook-15-2025-office-2024-m365-basic-intel-core-i3-13th-gen-1315u-8-gb-512-gb-ssd-windows-11-home-x1504va-nj3700ws-thin-light-laptop/p/itmf31c79724a398?pid=COMHCQ5ECZZV6THK&lid=LSTCOMHCQ5ECZZV6THKTW8YMF&marketplace=FLIPKART&store=6bo%2Fb5g&srno=b_13_292&otracker=browse&fm=organic&iid=en_2bWYHWdgcL6gRNTEQlCoK-MaBphZqXe68DYzu_8LM5qDwFMv-i2E5BM_xhUCImut33jN4jhGgPcCWMhB0VVnE_UFjCTyOHoHZs-Z5_PS_w0%3D&ppt=None&ppn=None&ssid=5gr3rk5or40000001764345719631,34990,4.3,163,https://rukminim2.flixcart.com/image/312/312/xif0q/computer/b/l/v/-original-imahgfdffszmurd7.jpeg?q=70,"ASUS Vivobook 15 (2025) with Office 2024 + M365 Basic*, Intel Core i3 13th Gen 1315U - (8 GB/512 GB SS.... powered by Intel Core i3. 8GB DDR4 RAM. 512.0GB SSD. 15.6"" Full HD display. weighs 1.7kg. running Windows 11 Home.",ASUS,Terra Cotta,Thin and Light Laptop,Intel,Core i3,8,DDR4,Intel,Integrated Graphics,FALSE,512,SSD,15.6,Full HD,FALSE,1.7,,Windows 11 Home,FALSE,FALSE,FALSE,TRUE,TRUE
laptop,Apple MacBook Air M4 - (16 GB/256 GB SSD/macOS Sequoia) MC6T4HN/A,https://www.flipkart.com/apple-macbook-air-m4-16-gb-256-gb-ssd-macos-sequoia-mc6t4hn-a/p/itm7c1831ce25509?pid=COMH9ZWQCJGMZGXE&lid=LSTCOMH9ZWQCJGMZGXEBSSIQU&marketplace=FLIPKART&store=6bo%2Fb5g&srno=b_13_293&otracker=browse&fm=organic&iid=4c71c46e-4ae8-4b52-a9fa-5842d9987180.COMH9ZWQCJGMZGXE.SEARCH&ppt=None&ppn=None&ssid=5gr3rk5or40000001764345719631,94990,4.7,134,https://rukminim2.flixcart.com/image/312/312/xif0q/computer/7/8/4/-original-imahayjpdhdyghzh.jpeg?q=70,"Apple MacBook Air M4 - (16 GB/256 GB SSD/macOS Sequoia) MC6T4HN/A. powered by Apple M4. 16GB Unified Memory RAM. 256.0GB SSD. 13.6"" Retina display. weighs 1.24kg. running macOS Sequoia.",Apple,Sky Blue,Thin and Light Laptop,Apple,M4,16,Unified Memory,,,FALSE,256,SSD,13.6,Retina,FALSE,1.24,,macOS Sequoia,FALSE,FALSE,TRUE,TRUE,TRUE
laptop,DELL Latitude 3440 (2024) Intel Core i3 12th Gen 1215U - (8 GB/512 GB SSD/Windows 11 Pro) Latitude 344...,https://www.flipkart.com/dell-latitude-3440-2024-intel-core-i3-12th-gen-1215u-8-gb-512-gb-ssd-windows-11-pro-business-laptop/p/itm7f265faf0871e?pid=COMH5G3F8BGPNY9N&lid=LSTCOMH5G3F8BGPNY9NRQFMGH&marketplace=FLIPKART&store=6bo%2Fb5g&srno=b_13_294&otracker=browse&fm=organic&iid=4c71c46e-4ae8-4b52-a9fa-5842d9987180.COMH5G3F8BGPNY9N.SEARCH&ppt=None&ppn=None&ssid=5gr3rk5or40000001764345719631,32990,4.2,8,https://rukminim2.flixcart.com/image/312/312/xif0q/computer/u/q/n/latitude-3440-business-laptop-dell-original-imah5g3fnzybuu6b.jpeg?q=70,"DELL Latitude 3440 (2024) Intel Core i3 12th Gen 1215U - (8 GB/512 GB SSD/Windows 11 Pro) Latitude 344.... powered by Intel Core i3. 8GB DDR4 RAM. 512.0GB SSD. 14.0"" HD display. weighs 1.5kg. running Windows 11 Pro.",DELL,Grey,Business Laptop,Intel,Core i3,8,DDR4,Intel,Integrated Graphics,FALSE,512,SSD,14,HD,TRUE,1.5,,Windows 11 Pro,FALSE,FALSE,FALSE,TRUE,TRUE
laptop,Lenovo IdeaPad Slim 3 Next Gen AI PC WUXGA IPS Copilot + PC Qualcomm Snapdragon X - (16 GB/512 GB SSD/...,https://www.flipkart.com/lenovo-ideapad-slim-3-next-gen-ai-pc-wuxga-ips-copilot-qualcomm-snapdragon-x-16-gb-512-gb-ssd-windows-11-home-15q8x10-thin-light-laptop/p/itm097ac7e15511b?pid=COMHDMJYDGBTMJXG&lid=LSTCOMHDMJYDGBTMJXG112MJM&marketplace=FLIPKART&store=6bo%2Fb5g&srno=b_13_295&otracker=browse&fm=organic&iid=en_2bWYHWdgcL6gRNTEQlCoK-MaBphZqXe68DYzu_8LM5omAGKwlYYb5Ig52ra5Kwe1NwAKNkUyoQ8jObELuPEQTPUFjCTyOHoHZs-Z5_PS_w0%3D&ppt=None&ppn=None&ssid=5gr3rk5or40000001764345719631,49990,4.3,27,https://rukminim2.flixcart.com/image/312/312/xif0q/computer/d/z/z/-original-imahgfdfx3hhguyc.jpeg?q=70,"Lenovo IdeaPad Slim 3 Next Gen AI PC WUXGA IPS Copilot + PC Qualcomm Snapdragon X - (16 GB/512 GB SSD/.... powered by Qualcomm Snapdragon X. 16GB LPDDR5X RAM. 512.0GB SSD. 15.3"" IPS display. weighs 1.55kg. running Windows 11 Home.",Lenovo,Luna Grey,Thin and Light Laptop,Qualcomm,Snapdragon X,16,LPDDR5X,Qualcomm,Adreno,FALSE,512,SSD,15.3,IPS,FALSE,1.55,50,Windows 11 Home,FALSE,FALSE,TRUE,TRUE,TRUE
laptop,Lenovo IdeaPad Slim 5 WUXGA IPS Intel Core i5 12th Gen 12450H - (16 GB/512 GB SSD/Windows 11 Home) 16I...,https://www.flipkart.com/lenovo-ideapad-slim-5-wuxga-ips-intel-core-i5-12th-gen-12450h-16-gb-512-gb-ssd-windows-11-home-16iah8-thin-light-laptop/p/itma68dba42368d2?pid=COMGSC4EZAPZHGTY&lid=LSTCOMGSC4EZAPZHGTYGR6SGO&marketplace=FLIPKART&store=6bo%2Fb5g&srno=b_13_296&otracker=browse&fm=organic&iid=4c71c46e-4ae8-4b52-a9fa-5842d9987180.COMGSC4EZAPZHGTY.SEARCH&ppt=None&ppn=None&ssid=5gr3rk5or40000001764345719631,55990,4.2,60,https://rukminim2.flixcart.com/image/312/312/xif0q/computer/u/n/z/-original-imahg5fxj9gtgmw2.jpeg?q=70,"Lenovo IdeaPad Slim 5 WUXGA IPS Intel Core i5 12th Gen 12450H - (16 GB/512 GB SSD/Windows 11 Home) 16I.... powered by Intel Core i5. 16GB LPDDR5 RAM. 512.0GB SSD. 16.0"" IPS display. weighs 1.89kg. running Windows 11 Home.",Lenovo,Cloud Grey,Thin and Light Laptop,Intel,Core i5,16,LPDDR5,Intel,Integrated Graphics,FALSE,512,SSD,16,IPS,FALSE,1.89,,Windows 11 Home,FALSE,FALSE,TRUE,TRUE,TRUE
laptop,Acer Aspire 3 Intel Core i3 13th Gen 1305U - (8 GB/512 GB SSD/Windows 11 Home) A324-53 Thin and Light ...,https://www.flipkart.com/acer-aspire-3-intel-core-i3-13th-gen-1305u-8-gb-512-gb-ssd-windows-11-home-a324-53-thin-light-laptop/p/itma6a6812aa712e?pid=COMH4B6CGTPNVJW9&lid=LSTCOMH4B6CGTPNVJW9JOF4ZC&marketplace=FLIPKART&store=6bo%2Fb5g&srno=b_13_297&otracker=browse&fm=organic&iid=en_2bWYHWdgcL6gRNTEQlCoK-MaBphZqXe68DYzu_8LM5rs3tO1dN19AYICF4CKfZ1qp5iBsv_cHJc2xbWysDCSOfUFjCTyOHoHZs-Z5_PS_w0%3D&ppt=None&ppn=None&ssid=5gr3rk5or40000001764345719631,30990,4.3,233,https://rukminim2.flixcart.com/image/312/312/xif0q/computer/r/p/w/-original-imahg5fxzmyzbkv8.jpeg?q=70,"Acer Aspire 3 Intel Core i3 13th Gen 1305U - (8 GB/512 GB SSD/Windows 11 Home) A324-53 Thin and Light .... powered by Intel Core i3. 8GB DDR4 RAM. 512.0GB SSD. 14.0"" HD display. weighs 1.45kg. running Windows 11 Home.",Acer,Steel Gray,Thin and Light Laptop,Intel,Core i3,8,DDR4,Intel,Integrated Graphics,FALSE,512,SSD,14,HD,FALSE,1.45,,Windows 11 Home,FALSE,FALSE,FALSE,TRUE,TRUE
laptop,"ASUS Vivobook 15 (2025) (i5 14th Gen) with MSO 2024 + M365 Basic*, Backlit Keyboard, Intel Core 5 120U...",https://www.flipkart.com/asus-vivobook-15-2025-i5-14th-gen-mso-2024-m365-basic-backlit-keyboard-intel-core-5-120u-16-gb-512-gb-ssd-windows-11-home-x1504vap-nj2862ws-thin-light-laptop/p/itm509f174cc1a04?pid=COMHDG7CFDWVKYMZ&lid=LSTCOMHDG7CFDWVKYMZSDYMWT&marketplace=FLIPKART&store=6bo%2Fb5g&srno=b_13_298&otracker=browse&fm=organic&iid=en_2bWYHWdgcL6gRNTEQlCoK-MaBphZqXe68DYzu_8LM5owSM4coj6ZfDARq6zGaPtFvIyKrJOOyrWKvQt3koA-iPUFjCTyOHoHZs-Z5_PS_w0%3D&ppt=None&ppn=None&ssid=5gr3rk5or40000001764345719631,49990,4.3,79,https://rukminim2.flixcart.com/image/312/312/xif0q/computer/k/u/e/-original-imahcd8gzqjnp2vv.jpeg?q=70,"ASUS Vivobook 15 (2025) (i5 14th Gen) with MSO 2024 + M365 Basic*, Backlit Keyboard, Intel Core 5 120U.... powered by Intel Core 5. 16GB DDR4 RAM. 512.0GB SSD. 15.6"" Full HD display. weighs 1.7kg. running Windows 11 Home.",ASUS,Cool Silver,Thin and Light Laptop,Intel,Core 5,16,DDR4,Intel,Integrated Graphics,FALSE,512,SSD,15.6,Full HD,FALSE,1.7,,Windows 11 Home,FALSE,FALSE,TRUE,TRUE,TRUE
laptop,Lenovo V15 AMD Ryzen 3 Quad Core 7th Gen 7320U - (8 GB/512 GB SSD/Windows 11 Home/1 GB Graphics) V15 G...,https://www.flipkart.com/lenovo-v15-amd-ryzen-3-quad-core-7th-gen-7320u-8-gb-512-gb-ssd-windows-11-home-1-graphics-g4-amn-thin-light-laptop/p/itm575eadcc5ae49?pid=COMH39ECM9GXRCKU&lid=LSTCOMH39ECM9GXRCKUVYEGOZ&marketplace=FLIPKART&store=6bo%2Fb5g&srno=b_13_299&otracker=browse&fm=organic&iid=4c71c46e-4ae8-4b52-a9fa-5842d9987180.COMH39ECM9GXRCKU.SEARCH&ppt=None&ppn=None&ssid=5gr3rk5or40000001764345719631,29980,4,20,https://rukminim2.flixcart.com/image/312/312/xif0q/computer/3/1/s/-original-imahg4utjyd97ueq.jpeg?q=70,"Lenovo V15 AMD Ryzen 3 Quad Core 7th Gen 7320U - (8 GB/512 GB SSD/Windows 11 Home/1 GB Graphics) V15 G.... powered by AMD Ryzen 3. 8GB DDR5 RAM. 512.0GB SSD. AMD Radeon 610M graphics. 15.6"" IPS display. weighs 1.65kg. running Windows 11 Home.",Lenovo,Arctic Grey,Thin and Light Laptop,AMD,Ryzen 3,8,DDR5,AMD,Radeon 610M,TRUE,512,SSD,15.6,IPS,FALSE,1.65,,Windows 11 Home,TRUE,FALSE,FALSE,TRUE,TRUE
laptop,HP Victus Intel Core i7 13th Gen 13620H - (16 GB/512 GB SSD/Windows 11 Home/6 GB Graphics/NVIDIA GeFor...,https://www.flipkart.com/hp-victus-intel-core-i7-13th-gen-13620h-16-gb-512-gb-ssd-windows-11-home-6-graphics-nvidia-geforce-rtx-3050-15-fa2077tx-gaming-laptop/p/itmcf53a8998f8ae?pid=COMHEJV92YEHN3CC&lid=LSTCOMHEJV92YEHN3CCDTXWNL&marketplace=FLIPKART&store=6bo%2Fb5g&srno=b_13_300&otracker=browse&fm=organic&iid=4c71c46e-4ae8-4b52-a9fa-5842d9987180.COMHEJV92YEHN3CC.SEARCH&ppt=None&ppn=None&ssid=5gr3rk5or40000001764345719631,79990,4.7,0,https://rukminim2.flixcart.com/image/312/312/xif0q/computer/m/y/q/15-fa2077tx-gaming-laptop-hp-original-imahejvqrmh7bd96.jpeg?q=70,"HP Victus Intel Core i7 13th Gen 13620H - (16 GB/512 GB SSD/Windows 11 Home/6 GB Graphics/NVIDIA GeFor.... powered by Intel Core i7. 16GB DDR4 RAM. 512.0GB SSD. NVIDIA RTX 3050 graphics. 15.6"" IPS display. weighs 2.29kg. running Windows 11 Home.",HP,"Performance Blue, Chrome Logo",Gaming Laptop,Intel,Core i7,16,DDR4,NVIDIA,RTX 3050,TRUE,512,SSD,15.6,IPS,FALSE,2.29,3,Windows 11 Home,TRUE,TRUE,TRUE,TRUE,FALSE
laptop,DELL 15 Intel Core i3 13th Gen 1305U - (16 GB/512 GB SSD/Windows 11 Home) OVN353025001RING1O Thin and ...,https://www.flipkart.com/dell-15-intel-core-i3-13th-gen-1305u-16-gb-512-gb-ssd-windows-11-home-ovn353025001ring1o-thin-light-laptop/p/itmb007cf7efac41?pid=COMHD99W94EPN2H2&lid=LSTCOMHD99W94EPN2H28GBQQL&marketplace=FLIPKART&store=6bo%2Fb5g&srno=b_13_301&otracker=browse&fm=organic&iid=en_2bWYHWdgcL6gRNTEQlCoK-MaBphZqXe68DYzu_8LM5riBfSq9AjbGoSVHQF4PafCWBnJBIXtLIjEBwfbAtt7l_UFjCTyOHoHZs-Z5_PS_w0%3D&ppt=None&ppn=None&ssid=5gr3rk5or40000001764345719631,38990,4.2,31,https://rukminim2.flixcart.com/image/312/312/xif0q/computer/f/i/b/-original-imahgx8ws7ypyhmd.jpeg?q=70,"DELL 15 Intel Core i3 13th Gen 1305U - (16 GB/512 GB SSD/Windows 11 Home) OVN353025001RING1O Thin and .... powered by Intel Core i3. 16GB DDR4 RAM. 512.0GB SSD. 15.6"" HD display. weighs 1.66kg. running Windows 11 Home.",DELL,Titan Grey,Thin and Light Laptop,Intel,Core i3,16,DDR4,Intel,Integrated Graphics,FALSE,512,SSD,15.6,HD,FALSE,1.66,,Windows 11 Home,FALSE,FALSE,TRUE,TRUE,TRUE
laptop,MOTOROLA Motobook 60 Full Metal OLED (i5 14th Gen) Intel Core 5 (Series 2) 210H - (16 GB/512 GB SSD/Wi...,https://www.flipkart.com/motorola-motobook-60-full-metal-oled-i5-14th-gen-intel-core-5-series-2-210h-16-gb-512-gb-ssd-windows-11-home-14irh10r-thin-light-laptop/p/itm9a50f9400e0e0?pid=COMHAUZWVNJSFAMN&lid=LSTCOMHAUZWVNJSFAMNCQMECQ&marketplace=FLIPKART&store=6bo%2Fb5g&srno=b_13_302&otracker=browse&fm=organic&iid=en_2bWYHWdgcL6gRNTEQlCoK-MaBphZqXe68DYzu_8LM5rLsRIF_Hnx75M13AH8vRxU-KAbzPOOrqC359DHASlWCw%3D%3D&ppt=None&ppn=None&ssid=5gr3rk5or40000001764345719631,49990,4.4,200,https://rukminim2.flixcart.com/image/312/312/xif0q/computer/3/o/h/-original-imahg5fydhnpgbyz.jpeg?q=70,"MOTOROLA Motobook 60 Full Metal OLED (i5 14th Gen) Intel Core 5 (Series 2) 210H - (16 GB/512 GB SSD/Wi.... powered by Intel Core 5 (Series 2). 16GB DDR5 RAM. 512.0GB SSD. 14.0"" OLED display. weighs 1.4kg. running Windows 11 Home.",MOTOROLA,PANTONE Wedgewood,Thin and Light Laptop,Intel,Core 5 (Series 2),16,DDR5,Intel,Integrated Graphics,FALSE,512,SSD,14,OLED,FALSE,1.4,,Windows 11 Home,FALSE,FALSE,TRUE,TRUE,TRUE
laptop,MSI Intel Core i7 12th Gen 1255U - (16 GB/512 GB SSD/Windows 11 Home) Modern 14 C12MO-1202IN Thin and ...,https://www.flipkart.com/msi-intel-core-i7-12th-gen-1255u-16-gb-512-gb-ssd-windows-11-home-modern-14-c12mo-1202in-thin-light-laptop/p/itmb82466e1d1ca2?pid=COMH6C4KMHKHSBNG&lid=LSTCOMH6C4KMHKHSBNGIZPTZD&marketplace=FLIPKART&store=6bo%2Fb5g&srno=b_13_303&otracker=browse&fm=organic&iid=4c71c46e-4ae8-4b52-a9fa-5842d9987180.COMH6C4KMHKHSBNG.SEARCH&ppt=None&ppn=None&ssid=5gr3rk5or40000001764345719631,64990,4.2,1,https://rukminim2.flixcart.com/image/312/312/xif0q/computer/2/q/c/-original-imahg5fxevggfwfs.jpeg?q=70,"MSI Intel Core i7 12th Gen 1255U - (16 GB/512 GB SSD/Windows 11 Home) Modern 14 C12MO-1202IN Thin and .... powered by Intel Core i7. 16GB DDR4 RAM. 512.0GB SSD. 14.0"" IPS display. weighs 1.4kg. running Windows 11 Home.",MSI,Classic Black,Thin and Light Laptop,Intel,Core i7,16,DDR4,Intel,Integrated Graphics,FALSE,512,SSD,14,IPS,FALSE,1.4,,Windows 11 Home,FALSE,FALSE,TRUE,TRUE,TRUE
laptop,"ASUS Vivobook 14 (2025) with Office 2024 + M365 Basic*, AI PC, Backlit Keyboard, Intel Core Ultra 5 22...",https://www.flipkart.com/asus-vivobook-14-2025-office-2024-m365-basic-ai-pc-backlit-keyboard-intel-core-ultra-5-225h-16-gb-512-gb-ssd-windows-11-home-x1407ca-ly102ws-thin-light-laptop/p/itm46931df73e192?pid=COMH89EBSHZAG9ZE&lid=LSTCOMH89EBSHZAG9ZEFVUQUB&marketplace=FLIPKART&store=6bo%2Fb5g&srno=b_13_304&otracker=browse&fm=organic&iid=4c71c46e-4ae8-4b52-a9fa-5842d9987180.COMH89EBSHZAG9ZE.SEARCH&ppt=None&ppn=None&ssid=5gr3rk5or40000001764345719631,68990,4.4,14,https://rukminim2.flixcart.com/image/312/312/xif0q/computer/d/3/f/-original-imahg53xftgnzucy.jpeg?q=70,"ASUS Vivobook 14 (2025) with Office 2024 + M365 Basic*, AI PC, Backlit Keyboard, Intel Core Ultra 5 22.... powered by Intel Core Ultra 5. 16GB DDR5 RAM. 512.0GB SSD. 14.0"" IPS display. weighs 1.46kg. running Windows 11 Home.",ASUS,Quiet Blue,Thin and Light Laptop,Intel,Core Ultra 5,16,DDR5,Intel,Integrated Graphics,FALSE,512,SSD,14,IPS,FALSE,1.46,,Windows 11 Home,FALSE,FALSE,TRUE,TRUE,TRUE
laptop,Lenovo IdeaPad Slim 5 Co-Pilot Next Gen AI PC Full Metal Snapdragon X Plus - (16 GB/1 TB SSD/Windows 1...,https://www.flipkart.com/lenovo-ideapad-slim-5-co-pilot-next-gen-ai-pc-full-metal-snapdragon-x-plus-16-gb-1-tb-ssd-windows-11-home-14q8x9-thin-light-laptop/p/itm8a59041fc8c0f?pid=COMH4N9CZ7JKPQQC&lid=LSTCOMH4N9CZ7JKPQQCOFLXDU&marketplace=FLIPKART&store=6bo%2Fb5g&srno=b_13_305&otracker=browse&fm=organic&iid=en_2bWYHWdgcL6gRNTEQlCoK-MaBphZqXe68DYzu_8LM5p3mvcpW4x6vwQt_pMKnKNysQZOMXCSfQ57uU2tYWgzIvUFjCTyOHoHZs-Z5_PS_w0%3D&ppt=None&ppn=None&ssid=5gr3rk5or40000001764345719631,57990,4.1,68,https://rukminim2.flixcart.com/image/312/312/xif0q/computer/6/l/r/-original-imahg5fxwyqndjhu.jpeg?q=70,"Lenovo IdeaPad Slim 5 Co-Pilot Next Gen AI PC Full Metal Snapdragon X Plus - (16 GB/1 TB SSD/Windows 1.... powered by Snapdragon X Plus. 16GB LPDDR5X RAM. 1024.0GB SSD. 14.0"" IPS display. weighs 1.48kg. running Windows 11 Home.",Lenovo,Cloud Grey,Thin and Light Laptop,Snapdragon,X Plus,16,LPDDR5X,Qualcomm,Adreno,FALSE,1024,SSD,14,IPS,FALSE,1.48,,Windows 11 Home,FALSE,FALSE,TRUE,TRUE,TRUE
laptop,"ASUS Vivobook 15, with Backlit Keyboard, Intel Core i5 12th Gen 1235U - (8 GB/512 GB SSD/Windows 11 Ho...",https://www.flipkart.com/asus-vivobook-15-backlit-keyboard-intel-core-i5-12th-gen-1235u-8-gb-512-gb-ssd-windows-11-home-x1504za-nj521ws-x1504za-nj520ws-x1504za-nj528ws-thin-light-laptop/p/itmff0e170cb596e?pid=COMHYWSWMFQQBCG3&lid=LSTCOMHYWSWMFQQBCG3ZA9JEY&marketplace=FLIPKART&store=6bo%2Fb5g&srno=b_13_306&otracker=browse&fm=organic&iid=4c71c46e-4ae8-4b52-a9fa-5842d9987180.COMHYWSWMFQQBCG3.SEARCH&ppt=None&ppn=None&ssid=5gr3rk5or40000001764345719631,42990,4.2,484,https://rukminim2.flixcart.com/image/312/312/xif0q/computer/l/y/8/-original-imahg53x72vqbvwg.jpeg?q=70,"ASUS Vivobook 15, with Backlit Keyboard, Intel Core i5 12th Gen 1235U - (8 GB/512 GB SSD/Windows 11 Ho.... powered by Intel Core i5. 8GB DDR4 RAM. 512.0GB SSD. 15.6"" HD display. weighs 1.7kg. running Windows 11 Home.",ASUS,Quiet Blue,Thin and Light Laptop,Intel,Core i5,8,DDR4,Intel,Iris Xe,FALSE,512,SSD,15.6,HD,FALSE,1.7,,Windows 11 Home,FALSE,FALSE,FALSE,TRUE,TRUE
laptop,ASUS Vivobook Go 15 AMD Ryzen 3 Quad Core 7320U - (8 GB/512 GB SSD/Windows 11 Home) E1504FA-NJ130WS | ...,https://www.flipkart.com/asus-vivobook-go-15-amd-ryzen-3-quad-core-7320u-8-gb-512-gb-ssd-windows-11-home-e1504fa-nj130ws-e1504fa-bq2322ws-thin-light-laptop/p/itm9af4f3b5de2ff?pid=COMH94992SQ8HYGZ&lid=LSTCOMH94992SQ8HYGZMHVF97&marketplace=FLIPKART&store=6bo%2Fb5g&srno=b_13_307&otracker=browse&fm=organic&iid=en_2bWYHWdgcL6gRNTEQlCoK-MaBphZqXe68DYzu_8LM5oCoQFFfK7bo384q9ciX8mJAZUylytcEKYA_kTv_pI5n_UFjCTyOHoHZs-Z5_PS_w0%3D&ppt=None&ppn=None&ssid=5gr3rk5or40000001764345719631,30990,4.3,94,https://rukminim2.flixcart.com/image/312/312/xif0q/computer/m/y/o/-original-imahg5fxjta7gns7.jpeg?q=70,"ASUS Vivobook Go 15 AMD Ryzen 3 Quad Core 7320U - (8 GB/512 GB SSD/Windows 11 Home) E1504FA-NJ130WS | .... powered by AMD Ryzen 3. 8GB LPDDR5 RAM. 512.0GB SSD. AMD Radeon Amd graphics. 15.6"" Full HD display. weighs 1.63kg. running Windows 11 Home.",ASUS,Mixed Black,Thin and Light Laptop,AMD,Ryzen 3,8,LPDDR5,AMD,Radeon Amd,TRUE,512,SSD,15.6,Full HD,FALSE,1.63,,Windows 11 Home,TRUE,FALSE,FALSE,TRUE,TRUE
laptop,ASUS Vivobook Go 15 AMD Ryzen 5 Quad Core 7520U - (8 GB/512 GB SSD/Windows 11 Home) E1504FA-NJ132WS | ...,https://www.flipkart.com/asus-vivobook-go-15-amd-ryzen-5-quad-core-7520u-8-gb-512-gb-ssd-windows-11-home-e1504fa-nj132ws-e1504fa-nj521ws-thin-light-laptop/p/itm657eb80ea799a?pid=COMH9499JNGDGTZ5&lid=LSTCOMH9499JNGDGTZ5WJGUDN&marketplace=FLIPKART&store=6bo%2Fb5g&srno=b_13_308&otracker=browse&fm=organic&iid=en_2bWYHWdgcL6gRNTEQlCoK-MaBphZqXe68DYzu_8LM5r9LLkzS3JUqryOz2-rKoBU6SUfh646hOdCc7fGVXNtA6V8WX5krIChubBlraAu4CQ%3D&ppt=None&ppn=None&ssid=5gr3rk5or40000001764345719631,36990,4.2,49,https://rukminim2.flixcart.com/image/312/312/xif0q/computer/k/b/i/-original-imahg53xeuxqm6bv.jpeg?q=70,"ASUS Vivobook Go 15 AMD Ryzen 5 Quad Core 7520U - (8 GB/512 GB SSD/Windows 11 Home) E1504FA-NJ132WS | .... powered by AMD Ryzen 5. 8GB LPDDR5 RAM. 512.0GB SSD. AMD Radeon Amd graphics. 15.6"" Full HD display. weighs 1.63kg. running Windows 11 Home.",ASUS,Cool Silver,Thin and Light Laptop,AMD,Ryzen 5,8,LPDDR5,AMD,Radeon Amd,TRUE,512,SSD,15.6,Full HD,FALSE,1.63,,Windows 11 Home,TRUE,FALSE,FALSE,TRUE,TRUE
laptop,MSI Thin 15 Intel Core i5 12th Gen 12450H - (16 GB/512 GB SSD/Windows 11 Home/4 GB Graphics/NVIDIA GeF...,https://www.flipkart.com/msi-thin-15-intel-core-i5-12th-gen-12450h-16-gb-512-gb-ssd-windows-11-home-4-graphics-nvidia-geforce-rtx-2050-144-hz-b12ucx-2471in-gaming-laptop/p/itmc1581367ea4e2?pid=COMGYSFG4WHPVAVZ&lid=LSTCOMGYSFG4WHPVAVZ6L3G5Q&marketplace=FLIPKART&store=6bo%2Fb5g&srno=b_13_309&otracker=browse&fm=organic&iid=4c71c46e-4ae8-4b52-a9fa-5842d9987180.COMGYSFG4WHPVAVZ.SEARCH&ppt=None&ppn=None&ssid=5gr3rk5or40000001764345719631,64799,4.3,116,https://rukminim2.flixcart.com/image/312/312/xif0q/computer/a/f/w/-original-imahg533dp2zdbhv.jpeg?q=70,"MSI Thin 15 Intel Core i5 12th Gen 12450H - (16 GB/512 GB SSD/Windows 11 Home/4 GB Graphics/NVIDIA GeF.... powered by Intel Core i5. 16GB DDR4 RAM. 512.0GB SSD. NVIDIA RTX 2050 graphics. 15.6"" IPS display. weighs 1.86kg. running Windows 11 Home.",MSI,Cosmos Gray,Gaming Laptop,Intel,Core i5,16,DDR4,NVIDIA,RTX 2050,TRUE,512,SSD,15.6,IPS,FALSE,1.86,,Windows 11 Home,TRUE,TRUE,TRUE,TRUE,TRUE
laptop,MSI Thin 15 Intel Core i5 13th Gen 13420H - (16 GB/512 GB SSD/Windows 11 Home/4 GB Graphics/NVIDIA GeF...,https://www.flipkart.com/msi-thin-15-intel-core-i5-13th-gen-13420h-16-gb-512-gb-ssd-windows-11-home-4-graphics-nvidia-geforce-rtx-3050-144-hz-b13uc-125in-gaming-laptop/p/itmc1581367ea4e2?pid=COMGYSFGEQM6MTYE&lid=LSTCOMGYSFGEQM6MTYEGF5P1A&marketplace=FLIPKART&store=6bo%2Fb5g&srno=b_13_310&otracker=browse&fm=organic&iid=4c71c46e-4ae8-4b52-a9fa-5842d9987180.COMGYSFGEQM6MTYE.SEARCH&ppt=None&ppn=None&ssid=5gr3rk5or40000001764345719631,59990,4.3,1,https://rukminim2.flixcart.com/image/312/312/xif0q/computer/l/s/i/-original-imahg4pq9cq28wq2.jpeg?q=70,"MSI Thin 15 Intel Core i5 13th Gen 13420H - (16 GB/512 GB SSD/Windows 11 Home/4 GB Graphics/NVIDIA GeF.... powered by Intel Core i5. 16GB DDR4 RAM. 512.0GB SSD. NVIDIA RTX 3050 graphics. 15.6"" IPS display. weighs 1.86kg. running Windows 11 Home.",MSI,Cosmos Gray,Gaming Laptop,Intel,Core i5,16,DDR4,NVIDIA,RTX 3050,TRUE,512,SSD,15.6,IPS,FALSE,1.86,,Windows 11 Home,TRUE,TRUE,TRUE,TRUE,TRUE
laptop,"ASUS Vivobook S16 OLED (2025) with Backlit Keyboard, Metal Body*, Qualcomm Snapdragon X - (16 GB/512 G...",https://www.flipkart.com/asus-vivobook-s16-oled-2025-backlit-keyboard-metal-body-qualcomm-snapdragon-x-16-gb-512-gb-ssd-windows-11-home-s3607qa-sh078ws-thin-light-laptop/p/itm252509f1beb81?pid=COMHCQ5EYNZ2HRWW&lid=LSTCOMHCQ5EYNZ2HRWWUYQZ3F&marketplace=FLIPKART&store=6bo%2Fb5g&srno=b_13_311&otracker=browse&fm=organic&iid=en_2bWYHWdgcL6gRNTEQlCoK-MaBphZqXe68DYzu_8LM5qJ8dWozUYNFixkdK0Sw74qZSN1_zpYqKFXeDoWNjYzBQ891ypMzu4_aryI8_sihJ8%3D&ppt=None&ppn=None&ssid=5gr3rk5or40000001764345719631,71990,4.4,51,https://rukminim2.flixcart.com/image/312/312/xif0q/computer/g/4/k/-original-imahfn3geekjdudx.jpeg?q=70,"ASUS Vivobook S16 OLED (2025) with Backlit Keyboard, Metal Body*, Qualcomm Snapdragon X - (16 GB/512 G.... powered by Qualcomm Snapdragon X. 16GB LPDDR5X RAM. 512.0GB SSD. 16.0"" Full HD display. weighs 1.74kg. running Windows 11 Home.",ASUS,Pink,Thin and Light Laptop,Qualcomm,Snapdragon X,16,LPDDR5X,Qualcomm,Adreno,FALSE,512,SSD,16,Full HD,FALSE,1.74,,Windows 11 Home,FALSE,FALSE,TRUE,TRUE,TRUE
laptop,"ASUS Vivobook S14 Flip (2025) with Office 2024 + M365 Basic*, Backlit Keyboard, Intel Core i5 13th Gen...",https://www.flipkart.com/asus-vivobook-s14-flip-2025-office-2024-m365-basic-backlit-keyboard-intel-core-i5-13th-gen-13420h-16-gb-512-gb-ssd-windows-11-home-tp3402vao-lz612ws-2-1-laptop/p/itme494b3629a714?pid=COMH9SJ9VAJ7ZD99&lid=LSTCOMH9SJ9VAJ7ZD99ZNVNMB&marketplace=FLIPKART&store=6bo%2Fb5g&srno=b_13_312&otracker=browse&fm=organic&iid=en_2bWYHWdgcL6gRNTEQlCoK-MaBphZqXe68DYzu_8LM5qTqUzAJ2mMgdGg-AShHf283JJreNqE10axEDA06lGYnBhTy0lUJ14SzoMSv_CzLF0%3D&ppt=None&ppn=None&ssid=5gr3rk5or40000001764345719631,63990,4.4,51,https://rukminim2.flixcart.com/image/312/312/xif0q/computer/a/s/e/-original-imahg4ut9hnhkwhg.jpeg?q=70,"ASUS Vivobook S14 Flip (2025) with Office 2024 + M365 Basic*, Backlit Keyboard, Intel Core i5 13th Gen.... powered by Intel Core i5. 16GB DDR4 RAM. 512.0GB SSD. 14.0"" IPS display. weighs 1.65kg. running Windows 11 Home.",ASUS,Transparent Silver,2 in 1 Laptop,Intel,Core i5,16,DDR4,Intel,Integrated Graphics,FALSE,512,SSD,14,IPS,FALSE,1.65,,Windows 11 Home,FALSE,FALSE,TRUE,TRUE,TRUE
laptop,MSI AMD Ryzen 5 Hexa Core 7430U - (16 GB/512 GB SSD/Windows 11 Home) 14 C7M-283IN / 14 C7M-400IN Busin...,https://www.flipkart.com/msi-amd-ryzen-5-hexa-core-7430u-16-gb-512-gb-ssd-windows-11-home-14-c7m-283in-c7m-400in-business-laptop/p/itmef8f5c6fd8e76?pid=COMH3YTFZZZJJCNU&lid=LSTCOMH3YTFZZZJJCNUFS5LIO&marketplace=FLIPKART&store=6bo%2Fb5g&srno=b_14_313&otracker=browse&fm=organic&iid=3c2b4fab-d7a6-42db-b04a-3e515501de7a.COMH3YTFZZZJJCNU.SEARCH&ppt=None&ppn=None&ssid=1f841qgi1c0000001764345727419,40990,4.3,14,https://rukminim2.flixcart.com/image/312/312/xif0q/computer/w/e/h/-original-imahg5fuveu8hy3m.jpeg?q=70,"MSI AMD Ryzen 5 Hexa Core 7430U - (16 GB/512 GB SSD/Windows 11 Home) 14 C7M-283IN / 14 C7M-400IN Busin.... powered by AMD Ryzen 5. 16GB DDR4 RAM. 512.0GB SSD. AMD Radeon Amd graphics. 14.0"" IPS display. weighs 1.4kg. running Windows 11 Home.",MSI,Silver,Business Laptop,AMD,Ryzen 5,16,DDR4,AMD,Radeon Amd,TRUE,512,SSD,14,IPS,FALSE,1.4,,Windows 11 Home,TRUE,TRUE,TRUE,TRUE,TRUE
laptop,Lenovo IdeaPad Slim 3 Intel Core i5 12th Gen 12450H - (16 GB/512 GB SSD/Windows 11 Home) 14IAH8 Thin a...,https://www.flipkart.com/lenovo-ideapad-slim-3-intel-core-i5-12th-gen-12450h-16-gb-512-gb-ssd-windows-11-home-14iah8-thin-light-laptop/p/itm726ac134d0530?pid=COMGYHP5ZB4AGZH6&lid=LSTCOMGYHP5ZB4AGZH6FHRJ3V&marketplace=FLIPKART&store=6bo%2Fb5g&srno=b_14_314&otracker=browse&fm=organic&iid=3c2b4fab-d7a6-42db-b04a-3e515501de7a.COMGYHP5ZB4AGZH6.SEARCH&ppt=None&ppn=None&ssid=1f841qgi1c0000001764345727419,51490,4.2,131,https://rukminim2.flixcart.com/image/312/312/xif0q/computer/c/g/r/-original-imahg5fu4pgmgf6u.jpeg?q=70,"Lenovo IdeaPad Slim 3 Intel Core i5 12th Gen 12450H - (16 GB/512 GB SSD/Windows 11 Home) 14IAH8 Thin a.... powered by Intel Core i5. 16GB LPDDR5 RAM. 512.0GB SSD. 14.0"" HD display. weighs 1.37kg. running Windows 11 Home.",Lenovo,Arctic Grey,Thin and Light Laptop,Intel,Core i5,16,LPDDR5,Intel,Integrated Graphics,FALSE,512,SSD,14,HD,FALSE,1.37,,Windows 11 Home,FALSE,FALSE,TRUE,TRUE,TRUE
laptop,Samsung Galaxy Book4 Edge Series Copilot AI-PC Full Metal Chasis Qualcomm Snapdragon X - (16 GB/512 GB...,https://www.flipkart.com/samsung-galaxy-book4-edge-series-copilot-ai-pc-full-metal-chasis-qualcomm-snapdragon-x-16-gb-512-gb-ssd-windows-11-home-np750xqb-ka1in-thin-light-laptop/p/itm1d61ec8d90cc7?pid=COMHE4ATFWNVHXHS&lid=LSTCOMHE4ATFWNVHXHSIHS0FO&marketplace=FLIPKART&store=6bo%2Fb5g&srno=b_14_315&otracker=browse&fm=organic&iid=en_D2ratmlXAf5C9lwwUc2LCQTGupHOtdIj05uEy46SP8eX2IjMHmPTzawUaHS_4v5q_lVT3mDZ57aAKquXI1m8ovUFjCTyOHoHZs-Z5_PS_w0%3D&ppt=None&ppn=None&ssid=1f841qgi1c0000001764345727419,64990,4.4,128,https://rukminim2.flixcart.com/image/312/312/xif0q/computer/a/g/p/-original-imahgwkqughzkwt3.jpeg?q=70,"Samsung Galaxy Book4 Edge Series Copilot AI-PC Full Metal Chasis Qualcomm Snapdragon X - (16 GB/512 GB.... powered by Qualcomm Snapdragon X. 16GB LPDDR5X RAM. 512.0GB SSD. 15.6"" HD display. weighs 1.55kg. running Windows 11 Home.",Samsung,Sapphire Blue,Thin and Light Laptop,Qualcomm,Snapdragon X,16,LPDDR5X,Qualcomm,Adreno,FALSE,512,SSD,15.6,HD,FALSE,1.55,,Windows 11 Home,FALSE,FALSE,TRUE,TRUE,TRUE
laptop,Lenovo Legion 5 Intel Core i7 14th Gen 14650HX - (16 GB/1 TB SSD/Windows 11 Home/6 GB Graphics/NVIDIA ...,https://www.flipkart.com/lenovo-legion-5-intel-core-i7-14th-gen-14650hx-16-gb-1-tb-ssd-windows-11-home-6-gb-graphics-nvidia-geforce-rtx-4050-16irx9-gaming-laptop/p/itm52d4580057187?pid=COMGYSFGEY7CBGND&lid=LSTCOMGYSFGEY7CBGNDB2LXGZ&marketplace=FLIPKART&store=6bo%2Fb5g&srno=b_14_316&otracker=browse&fm=organic&iid=3c2b4fab-d7a6-42db-b04a-3e515501de7a.COMGYSFGEY7CBGND.SEARCH&ppt=None&ppn=None&ssid=1f841qgi1c0000001764345727419,129490,4.2,3,https://rukminim2.flixcart.com/image/312/312/xif0q/computer/1/w/p/-original-imahg4usyzjghtkn.jpeg?q=70,"Lenovo Legion 5 Intel Core i7 14th Gen 14650HX - (16 GB/1 TB SSD/Windows 11 Home/6 GB Graphics/NVIDIA .... powered by Intel Core i7. 16GB DDR5 RAM. 1024.0GB SSD. NVIDIA RTX 4050 graphics. 16.0"" IPS display. weighs 2.3kg. running Windows 11 Home.",Lenovo,Luna Grey,Gaming Laptop,Intel,Core i7,16,DDR5,NVIDIA,RTX 4050,TRUE,1024,SSD,16,IPS,FALSE,2.3,,Windows 11 Home,TRUE,TRUE,TRUE,TRUE,FALSE
laptop,"ASUS Vivobook 15 (2025) with Office 2024 + M365 Basic*, Intel Core i3 13th Gen 1315U - (8 GB/512 GB SS...",https://www.flipkart.com/asus-vivobook-15-2025-office-2024-m365-basic-intel-core-i3-13th-gen-1315u-8-gb-512-gb-ssd-windows-11-home-x1504va-nj3700ws-thin-light-laptop/p/itmf31c79724a398?pid=COMHCQ5ECZZV6THK&lid=LSTCOMHCQ5ECZZV6THKTW8YMF&marketplace=FLIPKART&store=6bo%2Fb5g&srno=b_14_317&otracker=browse&fm=organic&iid=en_D2ratmlXAf5C9lwwUc2LCQTGupHOtdIj05uEy46SP8fba9wj9_udN-m6lWksT7KeVLCGCpnr56tU-0Batk7usvUFjCTyOHoHZs-Z5_PS_w0%3D&ppt=None&ppn=None&ssid=1f841qgi1c0000001764345727419,34990,4.3,163,https://rukminim2.flixcart.com/image/312/312/xif0q/computer/b/l/v/-original-imahgfdffszmurd7.jpeg?q=70,"ASUS Vivobook 15 (2025) with Office 2024 + M365 Basic*, Intel Core i3 13th Gen 1315U - (8 GB/512 GB SS.... powered by Intel Core i3. 8GB DDR4 RAM. 512.0GB SSD. 15.6"" Full HD display. weighs 1.7kg. running Windows 11 Home.",ASUS,Terra Cotta,Thin and Light Laptop,Intel,Core i3,8,DDR4,Intel,Integrated Graphics,FALSE,512,SSD,15.6,Full HD,FALSE,1.7,,Windows 11 Home,FALSE,FALSE,FALSE,TRUE,TRUE
laptop,Lenovo IdeaPad Slim 3 Next Gen AI PC WUXGA IPS Copilot + PC Qualcomm Snapdragon X - (16 GB/512 GB SSD/...,https://www.flipkart.com/lenovo-ideapad-slim-3-next-gen-ai-pc-wuxga-ips-copilot-qualcomm-snapdragon-x-16-gb-512-gb-ssd-windows-11-home-15q8x10-thin-light-laptop/p/itm097ac7e15511b?pid=COMHDMJYDGBTMJXG&lid=LSTCOMHDMJYDGBTMJXG112MJM&marketplace=FLIPKART&store=6bo%2Fb5g&srno=b_14_318&otracker=browse&fm=organic&iid=en_D2ratmlXAf5C9lwwUc2LCQTGupHOtdIj05uEy46SP8c_nhiwq2VrFGoyosEA5nCENwAKNkUyoQ8jObELuPEQTPUFjCTyOHoHZs-Z5_PS_w0%3D&ppt=None&ppn=None&ssid=1f841qgi1c0000001764345727419,49990,4.3,27,https://rukminim2.flixcart.com/image/312/312/xif0q/computer/d/z/z/-original-imahgfdfx3hhguyc.jpeg?q=70,"Lenovo IdeaPad Slim 3 Next Gen AI PC WUXGA IPS Copilot + PC Qualcomm Snapdragon X - (16 GB/512 GB SSD/.... powered by Qualcomm Snapdragon X. 16GB LPDDR5X RAM. 512.0GB SSD. 15.3"" IPS display. weighs 1.55kg. running Windows 11 Home.",Lenovo,Luna Grey,Thin and Light Laptop,Qualcomm,Snapdragon X,16,LPDDR5X,Qualcomm,Adreno,FALSE,512,SSD,15.3,IPS,FALSE,1.55,50,Windows 11 Home,FALSE,FALSE,TRUE,TRUE,TRUE
laptop,WINGS Nuvobook Pro Aluminium Alloy Metal Body Intel Intel Core i7 11th Gen 1165G7 - (16 GB/512 GB SSD/...,https://www.flipkart.com/wings-nuvobook-pro-aluminium-alloy-metal-body-intel-core-i7-11th-gen-1165g7-16-gb-512-gb-ssd-windows-11-home-wl-nuvobook-pro-blu-thin-light-laptop/p/itm36ad4d77cae96?pid=COMGQHYFGYYG2VZ2&lid=LSTCOMGQHYFGYYG2VZ2MORKEP&marketplace=FLIPKART&store=6bo%2Fb5g&srno=b_14_319&otracker=browse&fm=organic&iid=3c2b4fab-d7a6-42db-b04a-3e515501de7a.COMGQHYFGYYG2VZ2.SEARCH&ppt=None&ppn=None&ssid=1f841qgi1c0000001764345727419,49099,4.1,25,https://rukminim2.flixcart.com/image/312/312/xif0q/computer/i/b/l/-original-imahg533vz7jxhpz.jpeg?q=70,"WINGS Nuvobook Pro Aluminium Alloy Metal Body Intel Intel Core i7 11th Gen 1165G7 - (16 GB/512 GB SSD/.... powered by Intel Core i7. 16GB DDR4 RAM. 512.0GB SSD. 14.0"" IPS display. weighs 1.48kg. running Windows 11 Home.",WINGS,Blue,Thin and Light Laptop,Intel,Core i7,16,DDR4,Intel,Iris Xe,FALSE,512,SSD,14,IPS,FALSE,1.48,,Windows 11 Home,FALSE,FALSE,TRUE,TRUE,TRUE
laptop,ASUS TUF Gaming A15 AMD Ryzen 5 Hexa Core 7535HS - (16 GB/512 GB SSD/Windows 11 Home/4 GB Graphics/NVI...,https://www.flipkart.com/asus-tuf-gaming-a15-amd-ryzen-5-hexa-core-7535hs-16-gb-512-gb-ssd-windows-11-home-4-graphics-nvidia-geforce-rtx-3050-fa506nc-hn083w-laptop/p/itm10514ecd2a794?pid=COMHFK2T3KCHKAFU&lid=LSTCOMHFK2T3KCHKAFUOEIOAP&marketplace=FLIPKART&store=6bo%2Fb5g&srno=b_14_320&otracker=browse&fm=organic&iid=3c2b4fab-d7a6-42db-b04a-3e515501de7a.COMHFK2T3KCHKAFU.SEARCH&ppt=None&ppn=None&ssid=1f841qgi1c0000001764345727419,57990,4.4,52,https://rukminim2.flixcart.com/image/312/312/xif0q/computer/e/g/e/-original-imahg52mjevfjatr.jpeg?q=70,"ASUS TUF Gaming A15 AMD Ryzen 5 Hexa Core 7535HS - (16 GB/512 GB SSD/Windows 11 Home/4 GB Graphics/NVI.... powered by AMD Ryzen 5. 16GB DDR5 RAM. 512.0GB SSD. NVIDIA RTX 3050 graphics. 15.6"" IPS display. weighs 2.3kg. running Windows 11 Home.",ASUS,Graphite Black,Gaming Laptop,AMD,Ryzen 5,16,DDR5,NVIDIA,RTX 3050,TRUE,512,SSD,15.6,IPS,FALSE,2.3,,Windows 11 Home,TRUE,TRUE,TRUE,TRUE,FALSE
laptop,Acer Aspire 3 Intel Core i3 13th Gen 1305U - (8 GB/512 GB SSD/Windows 11 Home) A324-53 Thin and Light ...,https://www.flipkart.com/acer-aspire-3-intel-core-i3-13th-gen-1305u-8-gb-512-gb-ssd-windows-11-home-a324-53-thin-light-laptop/p/itma6a6812aa712e?pid=COMH4B6CGTPNVJW9&lid=LSTCOMH4B6CGTPNVJW9JOF4ZC&marketplace=FLIPKART&store=6bo%2Fb5g&srno=b_14_321&otracker=browse&fm=organic&iid=en_D2ratmlXAf5C9lwwUc2LCQTGupHOtdIj05uEy46SP8dXpWaSoAZfheoncymuddHhp5iBsv_cHJc2xbWysDCSOfUFjCTyOHoHZs-Z5_PS_w0%3D&ppt=None&ppn=None&ssid=1f841qgi1c0000001764345727419,30990,4.3,233,https://rukminim2.flixcart.com/image/312/312/xif0q/computer/r/p/w/-original-imahg5fxzmyzbkv8.jpeg?q=70,"Acer Aspire 3 Intel Core i3 13th Gen 1305U - (8 GB/512 GB SSD/Windows 11 Home) A324-53 Thin and Light .... powered by Intel Core i3. 8GB DDR4 RAM. 512.0GB SSD. 14.0"" HD display. weighs 1.45kg. running Windows 11 Home.",Acer,Steel Gray,Thin and Light Laptop,Intel,Core i3,8,DDR4,Intel,Integrated Graphics,FALSE,512,SSD,14,HD,FALSE,1.45,,Windows 11 Home,FALSE,FALSE,FALSE,TRUE,TRUE
laptop,"ASUS Vivobook 15 (2025) (i5 14th Gen) with MSO 2024 + M365 Basic*, Backlit Keyboard, Intel Core 5 120U...",https://www.flipkart.com/asus-vivobook-15-2025-i5-14th-gen-mso-2024-m365-basic-backlit-keyboard-intel-core-5-120u-16-gb-512-gb-ssd-windows-11-home-x1504vap-nj2862ws-thin-light-laptop/p/itm509f174cc1a04?pid=COMHDG7CFDWVKYMZ&lid=LSTCOMHDG7CFDWVKYMZSDYMWT&marketplace=FLIPKART&store=6bo%2Fb5g&srno=b_14_322&otracker=browse&fm=organic&iid=en_D2ratmlXAf5C9lwwUc2LCQTGupHOtdIj05uEy46SP8fiYRtAKMLwkijlpKYiJCw0vIyKrJOOyrWKvQt3koA-iPUFjCTyOHoHZs-Z5_PS_w0%3D&ppt=None&ppn=None&ssid=1f841qgi1c0000001764345727419,49990,4.3,79,https://rukminim2.flixcart.com/image/312/312/xif0q/computer/k/u/e/-original-imahcd8gzqjnp2vv.jpeg?q=70,"ASUS Vivobook 15 (2025) (i5 14th Gen) with MSO 2024 + M365 Basic*, Backlit Keyboard, Intel Core 5 120U.... powered by Intel Core 5. 16GB DDR4 RAM. 512.0GB SSD. 15.6"" Full HD display. weighs 1.7kg. running Windows 11 Home.",ASUS,Cool Silver,Thin and Light Laptop,Intel,Core 5,16,DDR4,Intel,Integrated Graphics,FALSE,512,SSD,15.6,Full HD,FALSE,1.7,,Windows 11 Home,FALSE,FALSE,TRUE,TRUE,TRUE
laptop,Lenovo �IdeaPad Slim 5 WUXGA OLED Full Metal Body Intel Core i5 13th Gen 13420H - (16 GB/512 GB SSD/Wi...,https://www.flipkart.com/lenovo-ideapad-slim-5-wuxga-oled-full-metal-body-intel-core-i5-13th-gen-13420h-16-gb-512-gb-ssd-windows-11-home-ideapad-14irh10-thin-light-laptop/p/itm0b17c3ba291b5?pid=COMHC5GNMHRMZKHM&lid=LSTCOMHC5GNMHRMZKHMK3BMPK&marketplace=FLIPKART&store=6bo%2Fb5g&srno=b_14_323&otracker=browse&fm=organic&iid=3c2b4fab-d7a6-42db-b04a-3e515501de7a.COMHC5GNMHRMZKHM.SEARCH&ppt=None&ppn=None&ssid=1f841qgi1c0000001764345727419,62990,4.6,3,https://rukminim2.flixcart.com/image/312/312/xif0q/computer/o/v/3/-original-imahfkh32rjbqrhj.jpeg?q=70,"Lenovo �IdeaPad Slim 5 WUXGA OLED Full Metal Body Intel Core i5 13th Gen 13420H - (16 GB/512 GB SSD/Wi.... powered by Intel Core i5. 16GB DDR5 RAM. 512.0GB SSD. 14.0"" OLED display. weighs 1.39kg. running Windows 11 Home.",Lenovo,Luna Grey,Thin and Light Laptop,Intel,Core i5,16,DDR5,Intel,Integrated Graphics,FALSE,512,SSD,14,OLED,FALSE,1.39,60,Windows 11 Home,FALSE,FALSE,TRUE,TRUE,TRUE
laptop,Lenovo Yoga 7 13th Gen 1340P WUXGA OLED Intel Core i5 13th Gen 1340P - (16 GB/512 GB SSD/Windows 11 Ho...,https://www.flipkart.com/lenovo-yoga-7-13th-gen-1340p-wuxga-oled-intel-core-i5-16-gb-512-gb-ssd-windows-11-home-14irl8-2-1-laptop/p/itm3cf756c3e7c1e?pid=COMH44PG7GYR5HXZ&lid=LSTCOMH44PG7GYR5HXZIN2B8Z&marketplace=FLIPKART&store=6bo%2Fb5g&srno=b_14_324&otracker=browse&fm=organic&iid=3c2b4fab-d7a6-42db-b04a-3e515501de7a.COMH44PG7GYR5HXZ.SEARCH&ppt=None&ppn=None&ssid=1f841qgi1c0000001764345727419,79990,4.4,7,https://rukminim2.flixcart.com/image/312/312/xif0q/computer/z/5/p/-original-imahg5fxygmgd63g.jpeg?q=70,"Lenovo Yoga 7 13th Gen 1340P WUXGA OLED Intel Core i5 13th Gen 1340P - (16 GB/512 GB SSD/Windows 11 Ho.... powered by Intel Core i5. 16GB LPDDR5 RAM. 512.0GB SSD. 14.0"" OLED display. weighs 1.49kg. running Windows 11 Home.",Lenovo,Storm Grey,2 in 1 Laptop,Intel,Core i5,16,LPDDR5,Intel,Iris Xe,FALSE,512,SSD,14,OLED,TRUE,1.49,,Windows 11 Home,FALSE,FALSE,TRUE,TRUE,TRUE
laptop,MOTOROLA Motobook 60 Full Metal OLED (i5 14th Gen) Intel Core 5 (Series 2) 210H - (16 GB/512 GB SSD/Wi...,https://www.flipkart.com/motorola-motobook-60-full-metal-oled-i5-14th-gen-intel-core-5-series-2-210h-16-gb-512-gb-ssd-windows-11-home-14irh10r-thin-light-laptop/p/itme7b254581c42e?pid=COMHAUZW4MMNNCGT&lid=LSTCOMHAUZW4MMNNCGTEVATRK&marketplace=FLIPKART&store=6bo%2Fb5g&srno=b_14_325&otracker=browse&fm=organic&iid=en_D2ratmlXAf5C9lwwUc2LCQTGupHOtdIj05uEy46SP8e_5kDrz22V3cMUPD81H-zHTtQ3kAa7GWVHZmlPP8GfYQ%3D%3D&ppt=None&ppn=None&ssid=1f841qgi1c0000001764345727419,49990,4.4,200,https://rukminim2.flixcart.com/image/312/312/xif0q/computer/g/r/p/-original-imahg5ftvnmqhgqp.jpeg?q=70,"MOTOROLA Motobook 60 Full Metal OLED (i5 14th Gen) Intel Core 5 (Series 2) 210H - (16 GB/512 GB SSD/Wi.... powered by Intel Core 5 (Series 2). 16GB DDR5 RAM. 512.0GB SSD. 14.0"" OLED display. weighs 1.4kg. running Windows 11 Home.",MOTOROLA,PANTONE Bronze Green,Thin and Light Laptop,Intel,Core 5 (Series 2),16,DDR5,Intel,Integrated Graphics,FALSE,512,SSD,14,OLED,FALSE,1.4,,Windows 11 Home,FALSE,FALSE,TRUE,TRUE,TRUE
laptop,HP ENVY AI PC Intel Core Ultra 7 155U - (16 GB/512 GB SSD/Windows 11 Home) 14-fc0106TU Thin and Light ...,https://www.flipkart.com/hp-envy-ai-pc-intel-core-ultra-7-155u-16-gb-512-gb-ssd-windows-11-home-14-fc0106tu-thin-light-laptop/p/itm6a880196bef02?pid=COMGYFMDGWW5UUVG&lid=LSTCOMGYFMDGWW5UUVG3PJLN8&marketplace=FLIPKART&store=6bo%2Fb5g&srno=b_14_326&otracker=browse&fm=organic&iid=3c2b4fab-d7a6-42db-b04a-3e515501de7a.COMGYFMDGWW5UUVG.SEARCH&ppt=None&ppn=None&ssid=1f841qgi1c0000001764345727419,106699,4.1,1,https://rukminim2.flixcart.com/image/312/312/xif0q/computer/k/r/f/-original-imahg5fx8gbzdshm.jpeg?q=70,"HP ENVY AI PC Intel Core Ultra 7 155U - (16 GB/512 GB SSD/Windows 11 Home) 14-fc0106TU Thin and Light .... powered by Intel Core Ultra 7. 16GB LPDDR5 RAM. 512.0GB SSD. 14.0"" IPS display. weighs 1.44kg. running Windows 11 Home.",HP,Meteor Silver,Thin and Light Laptop,Intel,Core Ultra 7,16,LPDDR5,Intel,Integrated Graphics,FALSE,512,SSD,14,IPS,FALSE,1.44,,Windows 11 Home,FALSE,FALSE,TRUE,TRUE,TRUE
laptop,DELL 15 Intel Core i3 13th Gen 1305U - (16 GB/512 GB SSD/Windows 11 Home) OVN353025001RING1O Thin and ...,https://www.flipkart.com/dell-15-intel-core-i3-13th-gen-1305u-16-gb-512-gb-ssd-windows-11-home-ovn353025001ring1o-thin-light-laptop/p/itmb007cf7efac41?pid=COMHD99W94EPN2H2&lid=LSTCOMHD99W94EPN2H28GBQQL&marketplace=FLIPKART&store=6bo%2Fb5g&srno=b_14_327&otracker=browse&fm=organic&iid=en_D2ratmlXAf5C9lwwUc2LCQTGupHOtdIj05uEy46SP8eQ4_7s25LWmqThS8ENJHO8xmq-N3ckn5uu7Zz4vmIU_vUFjCTyOHoHZs-Z5_PS_w0%3D&ppt=None&ppn=None&ssid=1f841qgi1c0000001764345727419,38990,4.2,31,https://rukminim2.flixcart.com/image/312/312/xif0q/computer/f/i/b/-original-imahgx8ws7ypyhmd.jpeg?q=70,"DELL 15 Intel Core i3 13th Gen 1305U - (16 GB/512 GB SSD/Windows 11 Home) OVN353025001RING1O Thin and .... powered by Intel Core i3. 16GB DDR4 RAM. 512.0GB SSD. 15.6"" HD display. weighs 1.66kg. running Windows 11 Home.",DELL,Titan Grey,Thin and Light Laptop,Intel,Core i3,16,DDR4,Intel,Integrated Graphics,FALSE,512,SSD,15.6,HD,FALSE,1.66,,Windows 11 Home,FALSE,FALSE,TRUE,TRUE,TRUE
laptop,Lenovo IdeaPad Slim 5 Co-Pilot Next Gen AI PC Full Metal Snapdragon X Plus - (16 GB/1 TB SSD/Windows 1...,https://www.flipkart.com/lenovo-ideapad-slim-5-co-pilot-next-gen-ai-pc-full-metal-snapdragon-x-plus-16-gb-1-tb-ssd-windows-11-home-14q8x9-thin-light-laptop/p/itm8a59041fc8c0f?pid=COMH4N9CZ7JKPQQC&lid=LSTCOMH4N9CZ7JKPQQCOFLXDU&marketplace=FLIPKART&store=6bo%2Fb5g&srno=b_14_328&otracker=browse&fm=organic&iid=en_D2ratmlXAf5C9lwwUc2LCQTGupHOtdIj05uEy46SP8fWRdDIXWPR7T36RhrlGLp8mHEXmeLQL2cKi8ce-UIJ0PUFjCTyOHoHZs-Z5_PS_w0%3D&ppt=None&ppn=None&ssid=1f841qgi1c0000001764345727419,57990,4.1,68,https://rukminim2.flixcart.com/image/312/312/xif0q/computer/6/l/r/-original-imahg5fxwyqndjhu.jpeg?q=70,"Lenovo IdeaPad Slim 5 Co-Pilot Next Gen AI PC Full Metal Snapdragon X Plus - (16 GB/1 TB SSD/Windows 1.... powered by Snapdragon X Plus. 16GB LPDDR5X RAM. 1024.0GB SSD. 14.0"" IPS display. weighs 1.48kg. running Windows 11 Home.",Lenovo,Cloud Grey,Thin and Light Laptop,Snapdragon,X Plus,16,LPDDR5X,Qualcomm,Adreno,FALSE,1024,SSD,14,IPS,FALSE,1.48,,Windows 11 Home,FALSE,FALSE,TRUE,TRUE,TRUE
laptop,MSI Katana 15 HX Intel Core i7 14th Gen 14650HX - (16 GB/1 TB SSD/Windows 11 Home/8 GB Graphics/NVIDIA...,https://www.flipkart.com/msi-katana-15-hx-intel-core-i7-14th-gen-14650hx-16-gb-1-tb-ssd-windows-11-home-8-gb-graphics-nvidia-geforce-rtx-5060-165-hz-115-w-b14wfk-gaming-laptop/p/itm16dc3710b614f?pid=COMHCQ4TFBZYYZNB&lid=LSTCOMHCQ4TFBZYYZNB0WR8JC&marketplace=FLIPKART&store=6bo%2Fb5g&srno=b_14_329&otracker=browse&fm=organic&iid=3c2b4fab-d7a6-42db-b04a-3e515501de7a.COMHCQ4TFBZYYZNB.SEARCH&ppt=None&ppn=None&ssid=1f841qgi1c0000001764345727419,129990,4.6,0,https://rukminim2.flixcart.com/image/312/312/xif0q/computer/e/k/l/-original-imahgfdyf5mbatuf.jpeg?q=70,"MSI Katana 15 HX Intel Core i7 14th Gen 14650HX - (16 GB/1 TB SSD/Windows 11 Home/8 GB Graphics/NVIDIA.... powered by Intel Core i7. 16GB DDR5 RAM. 1024.0GB SSD. NVIDIA RTX 5060 graphics. 15.6"" IPS display. weighs 2.4kg. running Windows 11 Home.",MSI,Black,Gaming Laptop,Intel,Core i7,16,DDR5,NVIDIA,RTX 5060,TRUE,1024,SSD,15.6,IPS,FALSE,2.4,,Windows 11 Home,TRUE,TRUE,TRUE,TRUE,FALSE
laptop,ASUS TUF Gaming A15 AMD Ryzen 7 Octa Core 7435HS - (16 GB/512 GB SSD/Windows 11 Home/4 GB Graphics/NVI...,https://www.flipkart.com/asus-tuf-gaming-a15-amd-ryzen-7-octa-core-7435hs-16-gb-512-gb-ssd-windows-11-home-4-graphics-nvidia-geforce-rtx-2050-fa566nfr-hn259w-laptop/p/itm10514ecd2a794?pid=COMHFT2NEWGYDWAV&lid=LSTCOMHFT2NEWGYDWAVPS8GCS&marketplace=FLIPKART&store=6bo%2Fb5g&srno=b_14_330&otracker=browse&fm=organic&iid=3c2b4fab-d7a6-42db-b04a-3e515501de7a.COMHFT2NEWGYDWAV.SEARCH&ppt=None&ppn=None&ssid=1f841qgi1c0000001764345727419,55990,4.3,131,https://rukminim2.flixcart.com/image/312/312/xif0q/computer/e/g/e/-original-imahg52mjevfjatr.jpeg?q=70,"ASUS TUF Gaming A15 AMD Ryzen 7 Octa Core 7435HS - (16 GB/512 GB SSD/Windows 11 Home/4 GB Graphics/NVI.... powered by AMD Ryzen 7. 16GB DDR5 RAM. 512.0GB SSD. NVIDIA RTX 2050 graphics. 15.6"" IPS display. weighs 2.3kg. running Windows 11 Home.",ASUS,Graphite Black,Gaming Laptop,AMD,Ryzen 7,16,DDR5,NVIDIA,RTX 2050,TRUE,512,SSD,15.6,IPS,FALSE,2.3,,Windows 11 Home,TRUE,TRUE,TRUE,TRUE,FALSE
laptop,ASUS Vivobook Go 15 AMD Ryzen 3 Quad Core 7320U - (8 GB/512 GB SSD/Windows 11 Home) E1504FA-NJ130WS | ...,https://www.flipkart.com/asus-vivobook-go-15-amd-ryzen-3-quad-core-7320u-8-gb-512-gb-ssd-windows-11-home-e1504fa-nj130ws-e1504fa-bq2322ws-thin-light-laptop/p/itm9af4f3b5de2ff?pid=COMH94992SQ8HYGZ&lid=LSTCOMH94992SQ8HYGZMHVF97&marketplace=FLIPKART&store=6bo%2Fb5g&srno=b_14_331&otracker=browse&fm=organic&iid=en_D2ratmlXAf5C9lwwUc2LCQTGupHOtdIj05uEy46SP8dCjPuh0iJ9A8_JlVRmdw6_AZUylytcEKYA_kTv_pI5n_UFjCTyOHoHZs-Z5_PS_w0%3D&ppt=None&ppn=None&ssid=1f841qgi1c0000001764345727419,30990,4.3,94,https://rukminim2.flixcart.com/image/312/312/xif0q/computer/m/y/o/-original-imahg5fxjta7gns7.jpeg?q=70,"ASUS Vivobook Go 15 AMD Ryzen 3 Quad Core 7320U - (8 GB/512 GB SSD/Windows 11 Home) E1504FA-NJ130WS | .... powered by AMD Ryzen 3. 8GB LPDDR5 RAM. 512.0GB SSD. AMD Radeon Amd graphics. 15.6"" Full HD display. weighs 1.63kg. running Windows 11 Home.",ASUS,Mixed Black,Thin and Light Laptop,AMD,Ryzen 3,8,LPDDR5,AMD,Radeon Amd,TRUE,512,SSD,15.6,Full HD,FALSE,1.63,,Windows 11 Home,TRUE,FALSE,FALSE,TRUE,TRUE
laptop,ASUS Vivobook Go 15 AMD Ryzen 5 Quad Core 7520U - (8 GB/512 GB SSD/Windows 11 Home) E1504FA-NJ132WS | ...,https://www.flipkart.com/asus-vivobook-go-15-amd-ryzen-5-quad-core-7520u-8-gb-512-gb-ssd-windows-11-home-e1504fa-nj132ws-e1504fa-nj521ws-thin-light-laptop/p/itm657eb80ea799a?pid=COMH9499JNGDGTZ5&lid=LSTCOMH9499JNGDGTZ5WJGUDN&marketplace=FLIPKART&store=6bo%2Fb5g&srno=b_14_332&otracker=browse&fm=organic&iid=en_D2ratmlXAf5C9lwwUc2LCQTGupHOtdIj05uEy46SP8efNOKN_YMhjvX1ai6r6_e4A7n7AfVUkWPBQmloXe9mZqV8WX5krIChubBlraAu4CQ%3D&ppt=None&ppn=None&ssid=1f841qgi1c0000001764345727419,36990,4.2,49,https://rukminim2.flixcart.com/image/312/312/xif0q/computer/k/b/i/-original-imahg53xeuxqm6bv.jpeg?q=70,"ASUS Vivobook Go 15 AMD Ryzen 5 Quad Core 7520U - (8 GB/512 GB SSD/Windows 11 Home) E1504FA-NJ132WS | .... powered by AMD Ryzen 5. 8GB LPDDR5 RAM. 512.0GB SSD. AMD Radeon Amd graphics. 15.6"" Full HD display. weighs 1.63kg. running Windows 11 Home.",ASUS,Cool Silver,Thin and Light Laptop,AMD,Ryzen 5,8,LPDDR5,AMD,Radeon Amd,TRUE,512,SSD,15.6,Full HD,FALSE,1.63,,Windows 11 Home,TRUE,FALSE,FALSE,TRUE,TRUE
laptop,Lenovo IdeaPad Slim 3 Backlit Intel Core i5 12th Gen 12450H - (16 GB/512 GB SSD/Windows 11 Home) 15IAH...,https://www.flipkart.com/lenovo-ideapad-slim-3-backlit-intel-core-i5-12th-gen-12450h-16-gb-512-gb-ssd-windows-11-home-15iah8-thin-light-laptop/p/itm76f0e5d975817?pid=COMGVQ2Y3ENU2RNV&lid=LSTCOMGVQ2Y3ENU2RNV6NW176&marketplace=FLIPKART&store=6bo%2Fb5g&srno=b_14_333&otracker=browse&fm=organic&iid=3c2b4fab-d7a6-42db-b04a-3e515501de7a.COMGVQ2Y3ENU2RNV.SEARCH&ppt=None&ppn=None&ssid=1f841qgi1c0000001764345727419,48749,4.2,77,https://rukminim2.flixcart.com/image/312/312/xif0q/computer/c/c/e/-original-imahg5fytmgbbduv.jpeg?q=70,"Lenovo IdeaPad Slim 3 Backlit Intel Core i5 12th Gen 12450H - (16 GB/512 GB SSD/Windows 11 Home) 15IAH.... powered by Intel Core i5. 16GB LPDDR5 RAM. 512.0GB SSD. 15.6"" IPS display. weighs 1.62kg. running Windows 11 Home.",Lenovo,Arctic Grey,Thin and Light Laptop,Intel,Core i5,16,LPDDR5,Intel,Integrated Graphics,FALSE,512,SSD,15.6,IPS,FALSE,1.62,,Windows 11 Home,FALSE,FALSE,TRUE,TRUE,TRUE
laptop,Lenovo IdeaPad Slim 5 Intel Core i7 13th Gen 13700H - (16 GB/512 GB SSD/Windows 11 Home) 16IRL8 Thin a...,https://www.flipkart.com/lenovo-ideapad-slim-5-intel-core-i7-13th-gen-13700h-16-gb-512-gb-ssd-windows-11-home-16irl8-thin-light-laptop/p/itma68dba42368d2?pid=COMGRU9ZFYZK5XAX&lid=LSTCOMGRU9ZFYZK5XAXQPD9LS&marketplace=FLIPKART&store=6bo%2Fb5g&srno=b_14_334&otracker=browse&fm=organic&iid=3c2b4fab-d7a6-42db-b04a-3e515501de7a.COMGRU9ZFYZK5XAX.SEARCH&ppt=None&ppn=None&ssid=1f841qgi1c0000001764345727419,85799,4.1,20,https://rukminim2.flixcart.com/image/312/312/xif0q/computer/v/r/7/-original-imahg5fxusukhw2c.jpeg?q=70,"Lenovo IdeaPad Slim 5 Intel Core i7 13th Gen 13700H - (16 GB/512 GB SSD/Windows 11 Home) 16IRL8 Thin a.... powered by Intel Core i7. 16GB LPDDR5 RAM. 512.0GB SSD. 16.0"" IPS display. weighs 1.89kg. running Windows 11 Home.",Lenovo,Cloud Grey,Thin and Light Laptop,Intel,Core i7,16,LPDDR5,Intel,Iris Xe,FALSE,512,SSD,16,IPS,FALSE,1.89,,Windows 11 Home,FALSE,FALSE,TRUE,TRUE,TRUE
laptop,"ASUS Vivobook S16 OLED (2025) with Backlit Keyboard, Metal Body*, Qualcomm Snapdragon X - (16 GB/512 G...",https://www.flipkart.com/asus-vivobook-s16-oled-2025-backlit-keyboard-metal-body-qualcomm-snapdragon-x-16-gb-512-gb-ssd-windows-11-home-s3607qa-sh078ws-thin-light-laptop/p/itm252509f1beb81?pid=COMHCQ5EYNZ2HRWW&lid=LSTCOMHCQ5EYNZ2HRWWUYQZ3F&marketplace=FLIPKART&store=6bo%2Fb5g&srno=b_14_335&otracker=browse&fm=organic&iid=en_D2ratmlXAf5C9lwwUc2LCQTGupHOtdIj05uEy46SP8ch7cRfPcHVe8KOSjkpvTIDZSN1_zpYqKFXeDoWNjYzBQ891ypMzu4_aryI8_sihJ8%3D&ppt=None&ppn=None&ssid=1f841qgi1c0000001764345727419,71990,4.4,51,https://rukminim2.flixcart.com/image/312/312/xif0q/computer/g/4/k/-original-imahfn3geekjdudx.jpeg?q=70,"ASUS Vivobook S16 OLED (2025) with Backlit Keyboard, Metal Body*, Qualcomm Snapdragon X - (16 GB/512 G.... powered by Qualcomm Snapdragon X. 16GB LPDDR5X RAM. 512.0GB SSD. 16.0"" Full HD display. weighs 1.74kg. running Windows 11 Home.",ASUS,Pink,Thin and Light Laptop,Qualcomm,Snapdragon X,16,LPDDR5X,Qualcomm,Adreno,FALSE,512,SSD,16,Full HD,FALSE,1.74,,Windows 11 Home,FALSE,FALSE,TRUE,TRUE,TRUE
laptop,ASUS Vivobook Go 15 AMD Ryzen 5 Quad Core 7520U - (16 GB/512 GB SSD/Windows 11 Home) E1504FA-NJ5542WS ...,https://www.flipkart.com/asus-vivobook-go-15-amd-ryzen-5-quad-core-7520u-16-gb-512-gb-ssd-windows-11-home-e1504fa-nj5542ws-e1504fa-nj1505ws-thin-light-laptop/p/itm24ce8ebbf5e72?pid=COMH8VXVXPVQTHHR&lid=LSTCOMH8VXVXPVQTHHRLOHMPN&marketplace=FLIPKART&store=6bo%2Fb5g&srno=b_14_336&otracker=browse&fm=organic&iid=3c2b4fab-d7a6-42db-b04a-3e515501de7a.COMH8VXVXPVQTHHR.SEARCH&ppt=None&ppn=None&ssid=1f841qgi1c0000001764345727419,40990,4.2,49,https://rukminim2.flixcart.com/image/312/312/xif0q/computer/f/6/r/-original-imahg53uvtcffmvf.jpeg?q=70,"ASUS Vivobook Go 15 AMD Ryzen 5 Quad Core 7520U - (16 GB/512 GB SSD/Windows 11 Home) E1504FA-NJ5542WS .... powered by AMD Ryzen 5. 16GB LPDDR5 RAM. 512.0GB SSD. AMD Radeon Amd graphics. 15.6"" Full HD display. weighs 1.63kg. running Windows 11 Home.",ASUS,Mixed Black,Thin and Light Laptop,AMD,Ryzen 5,16,LPDDR5,AMD,Radeon Amd,TRUE,512,SSD,15.6,Full HD,FALSE,1.63,42,Windows 11 Home,TRUE,TRUE,TRUE,TRUE,TRUE
laptop,Samsung Galaxy Book4 Edge Series Copilot AI-PC Full Metal Chasis Qualcomm Snapdragon X - (16 GB/512 GB...,https://www.flipkart.com/samsung-galaxy-book4-edge-series-copilot-ai-pc-full-metal-chasis-qualcomm-snapdragon-x-16-gb-512-gb-ssd-windows-11-home-np750xqb-ka1in-thin-light-laptop/p/itm1d61ec8d90cc7?pid=COMHE4ATFWNVHXHS&lid=LSTCOMHE4ATFWNVHXHSIHS0FO&marketplace=FLIPKART&store=6bo%2Fb5g&srno=b_15_337&otracker=browse&fm=organic&iid=en_OID3Wn1GtiEie2Aw-rZ9IRdH6h_8y84JcyRfGDvlPKsebX64BEQYgeDPCzfx9-nKQ71Y6DzfE2Py1YOKCzM1GPUFjCTyOHoHZs-Z5_PS_w0%3D&ppt=None&ppn=None&ssid=h6qtqyd63k0000001764345735735,64990,4.4,128,https://rukminim2.flixcart.com/image/312/312/xif0q/computer/a/g/p/-original-imahgwkqughzkwt3.jpeg?q=70,"Samsung Galaxy Book4 Edge Series Copilot AI-PC Full Metal Chasis Qualcomm Snapdragon X - (16 GB/512 GB.... powered by Qualcomm Snapdragon X. 16GB LPDDR5X RAM. 512.0GB SSD. 15.6"" HD display. weighs 1.55kg. running Windows 11 Home.",Samsung,Sapphire Blue,Thin and Light Laptop,Qualcomm,Snapdragon X,16,LPDDR5X,Qualcomm,Adreno,FALSE,512,SSD,15.6,HD,FALSE,1.55,,Windows 11 Home,FALSE,FALSE,TRUE,TRUE,TRUE
laptop,"ASUS Vivobook 15 (2025) with Office 2024 + M365 Basic*, Intel Core i3 13th Gen 1315U - (8 GB/512 GB SS...",https://www.flipkart.com/asus-vivobook-15-2025-office-2024-m365-basic-intel-core-i3-13th-gen-1315u-8-gb-512-gb-ssd-windows-11-home-x1504va-nj3700ws-thin-light-laptop/p/itmf31c79724a398?pid=COMHCQ5ECZZV6THK&lid=LSTCOMHCQ5ECZZV6THKTW8YMF&marketplace=FLIPKART&store=6bo%2Fb5g&srno=b_15_338&otracker=browse&fm=organic&iid=en_OID3Wn1GtiEie2Aw-rZ9IRdH6h_8y84JcyRfGDvlPKtgugoDsDKPUbl1bPHYd7W7VLCGCpnr56tU-0Batk7usvUFjCTyOHoHZs-Z5_PS_w0%3D&ppt=None&ppn=None&ssid=h6qtqyd63k0000001764345735735,34990,4.3,163,https://rukminim2.flixcart.com/image/312/312/xif0q/computer/b/l/v/-original-imahgfdffszmurd7.jpeg?q=70,"ASUS Vivobook 15 (2025) with Office 2024 + M365 Basic*, Intel Core i3 13th Gen 1315U - (8 GB/512 GB SS.... powered by Intel Core i3. 8GB DDR4 RAM. 512.0GB SSD. 15.6"" Full HD display. weighs 1.7kg. running Windows 11 Home.",ASUS,Terra Cotta,Thin and Light Laptop,Intel,Core i3,8,DDR4,Intel,Integrated Graphics,FALSE,512,SSD,15.6,Full HD,FALSE,1.7,,Windows 11 Home,FALSE,FALSE,FALSE,TRUE,TRUE
laptop,ASUS Vivobook Go 15 AMD Ryzen 5 Quad Core 7520U - (8 GB/512 GB SSD/Windows 11 Home) E1504FA-NJ133WS | ...,https://www.flipkart.com/asus-vivobook-go-15-amd-ryzen-5-quad-core-7520u-8-gb-512-gb-ssd-windows-11-home-e1504fa-nj133ws-e1504fa-nj522ws-thin-light-laptop/p/itm45fbf62c111f5?pid=COMH9499ZGGSBUHQ&lid=LSTCOMH9499ZGGSBUHQSQKA7B&marketplace=FLIPKART&store=6bo%2Fb5g&srno=b_15_339&otracker=browse&fm=organic&iid=8d76cb8b-5e62-43a5-8daa-f1333bccd614.COMH9499ZGGSBUHQ.SEARCH&ppt=None&ppn=None&ssid=h6qtqyd63k0000001764345735735,36990,4.2,49,https://rukminim2.flixcart.com/image/312/312/xif0q/computer/f/6/r/-original-imahg53uvtcffmvf.jpeg?q=70,"ASUS Vivobook Go 15 AMD Ryzen 5 Quad Core 7520U - (8 GB/512 GB SSD/Windows 11 Home) E1504FA-NJ133WS | .... powered by AMD Ryzen 5. 8GB LPDDR5 RAM. 512.0GB SSD. AMD Radeon Amd graphics. 15.6"" Full HD display. weighs 1.63kg. running Windows 11 Home.",ASUS,Mixed Black,Thin and Light Laptop,AMD,Ryzen 5,8,LPDDR5,AMD,Radeon Amd,TRUE,512,SSD,15.6,Full HD,FALSE,1.63,,Windows 11 Home,TRUE,FALSE,FALSE,TRUE,TRUE
laptop,HP Intel Intel Core i5 11th Gen 1155G7 - (8 GB/512 GB SSD/Windows 11 Home) 15s- fr4000TU Thin and Ligh...,https://www.flipkart.com/hp-intel-core-i5-11th-gen-1155g7-8-gb-512-gb-ssd-windows-11-home-15s-fr4000tu-thin-light-laptop/p/itm4f450720f23b3?pid=COMGHN4MYVNWWQHG&lid=LSTCOMGHN4MYVNWWQHGO12KRQ&marketplace=FLIPKART&store=6bo%2Fb5g&srno=b_15_340&otracker=browse&fm=organic&iid=8d76cb8b-5e62-43a5-8daa-f1333bccd614.COMGHN4MYVNWWQHG.SEARCH&ppt=None&ppn=None&ssid=h6qtqyd63k0000001764345735735,49797,4.3,275,https://rukminim2.flixcart.com/image/312/312/xif0q/computer/4/j/p/-original-imahg5ftvbqvubmm.jpeg?q=70,"HP Intel Intel Core i5 11th Gen 1155G7 - (8 GB/512 GB SSD/Windows 11 Home) 15s- fr4000TU Thin and Ligh.... powered by Intel Core i5. 8GB DDR4 RAM. 512.0GB SSD. 15.6"" HD display. weighs 1.69kg. running Windows 11 Home.",HP,Natural Silver,Thin and Light Laptop,Intel,Core i5,8,DDR4,Intel,Iris Xe,FALSE,512,SSD,15.6,HD,FALSE,1.69,,Windows 11 Home,FALSE,FALSE,FALSE,TRUE,TRUE
laptop,Lenovo IdeaPad Slim 3 Next Gen AI PC WUXGA IPS Copilot + PC Qualcomm Snapdragon X - (16 GB/512 GB SSD/...,https://www.flipkart.com/lenovo-ideapad-slim-3-next-gen-ai-pc-wuxga-ips-copilot-qualcomm-snapdragon-x-16-gb-512-gb-ssd-windows-11-home-15q8x10-thin-light-laptop/p/itm097ac7e15511b?pid=COMHDMJYDGBTMJXG&lid=LSTCOMHDMJYDGBTMJXG112MJM&marketplace=FLIPKART&store=6bo%2Fb5g&srno=b_15_341&otracker=browse&fm=organic&iid=en_OID3Wn1GtiEie2Aw-rZ9IRdH6h_8y84JcyRfGDvlPKstTlbG9iMJ2QsQkMO-75mcNwAKNkUyoQ8jObELuPEQTPUFjCTyOHoHZs-Z5_PS_w0%3D&ppt=None&ppn=None&ssid=h6qtqyd63k0000001764345735735,49990,4.3,27,https://rukminim2.flixcart.com/image/312/312/xif0q/computer/d/z/z/-original-imahgfdfx3hhguyc.jpeg?q=70,"Lenovo IdeaPad Slim 3 Next Gen AI PC WUXGA IPS Copilot + PC Qualcomm Snapdragon X - (16 GB/512 GB SSD/.... powered by Qualcomm Snapdragon X. 16GB LPDDR5X RAM. 512.0GB SSD. 15.3"" IPS display. weighs 1.55kg. running Windows 11 Home.",Lenovo,Luna Grey,Thin and Light Laptop,Qualcomm,Snapdragon X,16,LPDDR5X,Qualcomm,Adreno,FALSE,512,SSD,15.3,IPS,FALSE,1.55,50,Windows 11 Home,FALSE,FALSE,TRUE,TRUE,TRUE
laptop,Acer Aspire 3 Intel Core i3 13th Gen 1305U - (8 GB/512 GB SSD/Windows 11 Home) A324-53 Thin and Light ...,https://www.flipkart.com/acer-aspire-3-intel-core-i3-13th-gen-1305u-8-gb-512-gb-ssd-windows-11-home-a324-53-thin-light-laptop/p/itma6a6812aa712e?pid=COMH4B6CGTPNVJW9&lid=LSTCOMH4B6CGTPNVJW9JOF4ZC&marketplace=FLIPKART&store=6bo%2Fb5g&srno=b_15_342&otracker=browse&fm=organic&iid=en_OID3Wn1GtiEie2Aw-rZ9IRdH6h_8y84JcyRfGDvlPKsr4n8klACoVssW_SAsc_-Ap5iBsv_cHJc2xbWysDCSOfUFjCTyOHoHZs-Z5_PS_w0%3D&ppt=None&ppn=None&ssid=h6qtqyd63k0000001764345735735,30990,4.3,233,https://rukminim2.flixcart.com/image/312/312/xif0q/computer/r/p/w/-original-imahg5fxzmyzbkv8.jpeg?q=70,"Acer Aspire 3 Intel Core i3 13th Gen 1305U - (8 GB/512 GB SSD/Windows 11 Home) A324-53 Thin and Light .... powered by Intel Core i3. 8GB DDR4 RAM. 512.0GB SSD. 14.0"" HD display. weighs 1.45kg. running Windows 11 Home.",Acer,Steel Gray,Thin and Light Laptop,Intel,Core i3,8,DDR4,Intel,Integrated Graphics,FALSE,512,SSD,14,HD,FALSE,1.45,,Windows 11 Home,FALSE,FALSE,FALSE,TRUE,TRUE
laptop,HP MS Office 2024 Intel Core i5 13th Gen 1334U - (8 GB/512 GB SSD/Windows 11 Home) fd0466TU Thin and L...,https://www.flipkart.com/hp-ms-office-2024-intel-core-i5-13th-gen-1334u-8-gb-512-gb-ssd-windows-11-home-fd0466tu-thin-light-laptop/p/itm6eff3fc8ce4eb?pid=COMH8QXWZPH2HVV9&lid=LSTCOMH8QXWZPH2HVV9AL03KX&marketplace=FLIPKART&store=6bo%2Fb5g&srno=b_15_343&otracker=browse&fm=organic&iid=8d76cb8b-5e62-43a5-8daa-f1333bccd614.COMH8QXWZPH2HVV9.SEARCH&ppt=None&ppn=None&ssid=h6qtqyd63k0000001764345735735,49139,4.2,45,https://rukminim2.flixcart.com/image/312/312/xif0q/computer/l/b/b/-original-imahgx8wueq7t5ua.jpeg?q=70,"HP MS Office 2024 Intel Core i5 13th Gen 1334U - (8 GB/512 GB SSD/Windows 11 Home) fd0466TU Thin and L.... powered by Intel Core i5. 8GB DDR4 RAM. 512.0GB SSD. 15.6"" Full HD display. weighs 1.59kg. running Windows 11 Home.",HP,Natural Silver,Thin and Light Laptop,Intel,Core i5,8,DDR4,Intel,Iris Xe,FALSE,512,SSD,15.6,Full HD,FALSE,1.59,,Windows 11 Home,FALSE,FALSE,FALSE,TRUE,TRUE
laptop,"DELL Inspiron 15 with Backlit Keyboard, Intel Core i5 12th Gen 1235U - (8 GB/512 GB SSD/Windows 11 Hom...",https://www.flipkart.com/dell-inspiron-15-backlit-keyboard-intel-core-i5-12th-gen-1235u-8-gb-512-gb-ssd-windows-11-home-new-laptop-thin-light/p/itm23d84e15561c4?pid=COMGJ75HN66KHZYB&lid=LSTCOMGJ75HN66KHZYBIR9NGN&marketplace=FLIPKART&store=6bo%2Fb5g&srno=b_15_344&otracker=browse&fm=organic&iid=8d76cb8b-5e62-43a5-8daa-f1333bccd614.COMGJ75HN66KHZYB.SEARCH&ppt=None&ppn=None&ssid=h6qtqyd63k0000001764345735735,46490,4.2,77,https://rukminim2.flixcart.com/image/312/312/xif0q/computer/y/h/w/-original-imaghzahgukpkyfu.jpeg?q=70,"DELL Inspiron 15 with Backlit Keyboard, Intel Core i5 12th Gen 1235U - (8 GB/512 GB SSD/Windows 11 Hom.... powered by Intel Core i5. 8GB DDR4 RAM. 512.0GB SSD. 15.6"" HD display. weighs 1.65kg. running Windows 11 Home.",DELL,Platinum Silver,Thin and Light Laptop,Intel,Core i5,8,DDR4,Intel,Integrated Graphics,FALSE,512,SSD,15.6,HD,FALSE,1.65,,Windows 11 Home,FALSE,FALSE,FALSE,TRUE,TRUE
laptop,"ASUS Vivobook 15 (2025) (i5 14th Gen) with MSO 2024 + M365 Basic*, Backlit Keyboard, Intel Core 5 120U...",https://www.flipkart.com/asus-vivobook-15-2025-i5-14th-gen-mso-2024-m365-basic-backlit-keyboard-intel-core-5-120u-16-gb-512-gb-ssd-windows-11-home-x1504vap-nj2862ws-thin-light-laptop/p/itm509f174cc1a04?pid=COMHDG7CFDWVKYMZ&lid=LSTCOMHDG7CFDWVKYMZSDYMWT&marketplace=FLIPKART&store=6bo%2Fb5g&srno=b_15_345&otracker=browse&fm=organic&iid=en_OID3Wn1GtiEie2Aw-rZ9IRdH6h_8y84JcyRfGDvlPKsoxH8GqKVJ6oPJ06IYMiK0sPdAy3Tmi2TEYPIlS-D4zPUFjCTyOHoHZs-Z5_PS_w0%3D&ppt=None&ppn=None&ssid=h6qtqyd63k0000001764345735735,49990,4.3,79,https://rukminim2.flixcart.com/image/312/312/xif0q/computer/k/u/e/-original-imahcd8gzqjnp2vv.jpeg?q=70,"ASUS Vivobook 15 (2025) (i5 14th Gen) with MSO 2024 + M365 Basic*, Backlit Keyboard, Intel Core 5 120U.... powered by Intel Core 5. 16GB DDR4 RAM. 512.0GB SSD. 15.6"" Full HD display. weighs 1.7kg. running Windows 11 Home.",ASUS,Cool Silver,Thin and Light Laptop,Intel,Core 5,16,DDR4,Intel,Integrated Graphics,FALSE,512,SSD,15.6,Full HD,FALSE,1.7,,Windows 11 Home,FALSE,FALSE,TRUE,TRUE,TRUE
laptop,Acer Swift Lite 14 Intel Core Ultra 5 115U - (16 GB/512 GB SSD/Windows 11 Home) SFL14-54M Thin and Lig...,https://www.flipkart.com/acer-swift-lite-14-intel-core-ultra-5-115u-16-gb-512-gb-ssd-windows-11-home-sfl14-54m-thin-light-laptop/p/itmfc244e83d2b43?pid=COMHFZYUA7WGZZNT&lid=LSTCOMHFZYUA7WGZZNTZOKHTU&marketplace=FLIPKART&store=6bo%2Fb5g&srno=b_15_346&otracker=browse&fm=organic&iid=8d76cb8b-5e62-43a5-8daa-f1333bccd614.COMHFZYUA7WGZZNT.SEARCH&ppt=None&ppn=None&ssid=h6qtqyd63k0000001764345735735,59990,4.1,114,https://rukminim2.flixcart.com/image/312/312/xif0q/computer/x/p/y/sfl14-54m-thin-and-light-laptop-acer-original-imahfz2zbqgqryg8.jpeg?q=70,"Acer Swift Lite 14 Intel Core Ultra 5 115U - (16 GB/512 GB SSD/Windows 11 Home) SFL14-54M Thin and Lig.... powered by Intel Core Ultra 5. 16GB LPDDR5 RAM. 512.0GB SSD. 14.0"" OLED display. weighs 1.1kg. running Windows 11 Home.",Acer,Light SIlver,Thin and Light Laptop,Intel,Core Ultra 5,16,LPDDR5,Intel,Integrated Graphics,FALSE,512,SSD,14,OLED,FALSE,1.1,,Windows 11 Home,FALSE,FALSE,TRUE,TRUE,TRUE
laptop,DELL 15 Intel Core i3 13th Gen 1305U - (16 GB/512 GB SSD/Windows 11 Home) OVN353025001RING1O Thin and ...,https://www.flipkart.com/dell-15-intel-core-i3-13th-gen-1305u-16-gb-512-gb-ssd-windows-11-home-ovn353025001ring1o-thin-light-laptop/p/itmb007cf7efac41?pid=COMHD99W94EPN2H2&lid=LSTCOMHD99W94EPN2H28GBQQL&marketplace=FLIPKART&store=6bo%2Fb5g&srno=b_15_347&otracker=browse&fm=organic&iid=en_OID3Wn1GtiEie2Aw-rZ9IRdH6h_8y84JcyRfGDvlPKsFdhVuHxLSmAhLuUDc2GGxEkLod264BTOTANLjYPSTffUFjCTyOHoHZs-Z5_PS_w0%3D&ppt=None&ppn=None&ssid=h6qtqyd63k0000001764345735735,38990,4.2,31,https://rukminim2.flixcart.com/image/312/312/xif0q/computer/f/i/b/-original-imahgx8ws7ypyhmd.jpeg?q=70,"DELL 15 Intel Core i3 13th Gen 1305U - (16 GB/512 GB SSD/Windows 11 Home) OVN353025001RING1O Thin and .... powered by Intel Core i3. 16GB DDR4 RAM. 512.0GB SSD. 15.6"" HD display. weighs 1.66kg. running Windows 11 Home.",DELL,Titan Grey,Thin and Light Laptop,Intel,Core i3,16,DDR4,Intel,Integrated Graphics,FALSE,512,SSD,15.6,HD,FALSE,1.66,,Windows 11 Home,FALSE,FALSE,TRUE,TRUE,TRUE
laptop,Lenovo IdeaPad Slim 5 Co-Pilot Next Gen AI PC Full Metal Snapdragon X Plus - (16 GB/1 TB SSD/Windows 1...,https://www.flipkart.com/lenovo-ideapad-slim-5-co-pilot-next-gen-ai-pc-full-metal-snapdragon-x-plus-16-gb-1-tb-ssd-windows-11-home-14q8x9-thin-light-laptop/p/itm8a59041fc8c0f?pid=COMH4N9CZ7JKPQQC&lid=LSTCOMH4N9CZ7JKPQQCOFLXDU&marketplace=FLIPKART&store=6bo%2Fb5g&srno=b_15_348&otracker=browse&fm=organic&iid=en_OID3Wn1GtiEie2Aw-rZ9IRdH6h_8y84JcyRfGDvlPKtwm7AJr7RpQSBkKhHm2e0kmr8_Dvd2c2p1xsx-3Mn_CPUFjCTyOHoHZs-Z5_PS_w0%3D&ppt=None&ppn=None&ssid=h6qtqyd63k0000001764345735735,57990,4.1,68,https://rukminim2.flixcart.com/image/312/312/xif0q/computer/6/l/r/-original-imahg5fxwyqndjhu.jpeg?q=70,"Lenovo IdeaPad Slim 5 Co-Pilot Next Gen AI PC Full Metal Snapdragon X Plus - (16 GB/1 TB SSD/Windows 1.... powered by Snapdragon X Plus. 16GB LPDDR5X RAM. 1024.0GB SSD. 14.0"" IPS display. weighs 1.48kg. running Windows 11 Home.",Lenovo,Cloud Grey,Thin and Light Laptop,Snapdragon,X Plus,16,LPDDR5X,Qualcomm,Adreno,FALSE,1024,SSD,14,IPS,FALSE,1.48,,Windows 11 Home,FALSE,FALSE,TRUE,TRUE,TRUE
laptop,DELL G15 Intel Core i5 13th Gen 13450HX - (16 GB/1 TB SSD/Windows 11 Home/6 GB Graphics/NVIDIA GeForce...,https://www.flipkart.com/dell-g15-intel-core-i5-13th-gen-13450hx-16-gb-1-tb-ssd-windows-11-home-6-gb-graphics-nvidia-geforce-rtx-3050-120-hz-ogn55301106g201rino-gaming-laptop/p/itmd1b02da743465?pid=COMH8Z22WGKPQGV3&lid=LSTCOMH8Z22WGKPQGV3YXJVUF&marketplace=FLIPKART&store=6bo%2Fb5g&srno=b_15_349&otracker=browse&fm=organic&iid=8d76cb8b-5e62-43a5-8daa-f1333bccd614.COMH8Z22WGKPQGV3.SEARCH&ppt=None&ppn=None&ssid=h6qtqyd63k0000001764345735735,75990,4.2,37,https://rukminim2.flixcart.com/image/312/312/xif0q/computer/d/v/i/-original-imahg5fx3tynrzar.jpeg?q=70,"DELL G15 Intel Core i5 13th Gen 13450HX - (16 GB/1 TB SSD/Windows 11 Home/6 GB Graphics/NVIDIA GeForce.... powered by Intel Core i5. 16GB DDR5 RAM. 1024.0GB SSD. NVIDIA RTX 3050 graphics. 15.6"" HD display. weighs 2.65kg. running Windows 11 Home.",DELL,Dark Shadow Gray With Black Thermal Shelf,Gaming Laptop,Intel,Core i5,16,DDR5,NVIDIA,RTX 3050,TRUE,1024,SSD,15.6,HD,FALSE,2.65,,Windows 11 Home,TRUE,TRUE,TRUE,FALSE,FALSE
laptop,Lenovo IdeaPad Pro 5 2.8K OLED AI PC Intel Core Ultra 9 185H - (32 GB/1 TB SSD/Windows 11 Home) 14IMH9...,https://www.flipkart.com/lenovo-ideapad-pro-5-2-8k-oled-ai-pc-intel-core-ultra-9-185h-32-gb-1-tb-ssd-windows-11-home-14imh9-thin-light-laptop/p/itm1f4865cbfe7ea?pid=COMGZN7RRHARKTDE&lid=LSTCOMGZN7RRHARKTDE4G0GAP&marketplace=FLIPKART&store=6bo%2Fb5g&srno=b_15_350&otracker=browse&fm=organic&iid=8d76cb8b-5e62-43a5-8daa-f1333bccd614.COMGZN7RRHARKTDE.SEARCH&ppt=None&ppn=None&ssid=h6qtqyd63k0000001764345735735,110990,4.3,21,https://rukminim2.flixcart.com/image/312/312/xif0q/computer/2/u/v/-original-imahg5fxc7dqchbu.jpeg?q=70,"Lenovo IdeaPad Pro 5 2.8K OLED AI PC Intel Core Ultra 9 185H - (32 GB/1 TB SSD/Windows 11 Home) 14IMH9.... powered by Intel Core Ultra 9. 32GB LPDDR5X RAM. 1024.0GB SSD. 14.0"" OLED display. weighs 1.46kg. running Windows 11 Home.",Lenovo,Arctic Grey,Thin and Light Laptop,Intel,Core Ultra 9,32,LPDDR5X,Intel,Integrated Graphics,FALSE,1024,SSD,14,OLED,FALSE,1.46,84,Windows 11 Home,FALSE,TRUE,TRUE,TRUE,TRUE
laptop,ASUS Vivobook Go 15 AMD Ryzen 3 Quad Core 7320U - (8 GB/512 GB SSD/Windows 11 Home) E1504FA-NJ130WS | ...,https://www.flipkart.com/asus-vivobook-go-15-amd-ryzen-3-quad-core-7320u-8-gb-512-gb-ssd-windows-11-home-e1504fa-nj130ws-e1504fa-bq2322ws-thin-light-laptop/p/itm9af4f3b5de2ff?pid=COMH94992SQ8HYGZ&lid=LSTCOMH94992SQ8HYGZMHVF97&marketplace=FLIPKART&store=6bo%2Fb5g&srno=b_15_351&otracker=browse&fm=organic&iid=en_OID3Wn1GtiEie2Aw-rZ9IRdH6h_8y84JcyRfGDvlPKuhLBthh0ZO6-P4wAQqCoEAELXLmukSLH7KQ9_ORAK8qfUFjCTyOHoHZs-Z5_PS_w0%3D&ppt=None&ppn=None&ssid=h6qtqyd63k0000001764345735735,30990,4.3,94,https://rukminim2.flixcart.com/image/312/312/xif0q/computer/m/y/o/-original-imahg5fxjta7gns7.jpeg?q=70,"ASUS Vivobook Go 15 AMD Ryzen 3 Quad Core 7320U - (8 GB/512 GB SSD/Windows 11 Home) E1504FA-NJ130WS | .... powered by AMD Ryzen 3. 8GB LPDDR5 RAM. 512.0GB SSD. AMD Radeon Amd graphics. 15.6"" Full HD display. weighs 1.63kg. running Windows 11 Home.",ASUS,Mixed Black,Thin and Light Laptop,AMD,Ryzen 3,8,LPDDR5,AMD,Radeon Amd,TRUE,512,SSD,15.6,Full HD,FALSE,1.63,,Windows 11 Home,TRUE,FALSE,FALSE,TRUE,TRUE
laptop,ASUS Vivobook Go 15 AMD Ryzen 5 Quad Core 7520U - (8 GB/512 GB SSD/Windows 11 Home) E1504FA-NJ132WS | ...,https://www.flipkart.com/asus-vivobook-go-15-amd-ryzen-5-quad-core-7520u-8-gb-512-gb-ssd-windows-11-home-e1504fa-nj132ws-e1504fa-nj521ws-thin-light-laptop/p/itm657eb80ea799a?pid=COMH9499JNGDGTZ5&lid=LSTCOMH9499JNGDGTZ5WJGUDN&marketplace=FLIPKART&store=6bo%2Fb5g&srno=b_15_352&otracker=browse&fm=organic&iid=en_OID3Wn1GtiEie2Aw-rZ9IRdH6h_8y84JcyRfGDvlPKtt-UUvxk_7uaxWUdDQ5bv6SUgykyDQJKYN_y9jM4Dl9_UFjCTyOHoHZs-Z5_PS_w0%3D&ppt=None&ppn=None&ssid=h6qtqyd63k0000001764345735735,36990,4.2,49,https://rukminim2.flixcart.com/image/312/312/xif0q/computer/k/b/i/-original-imahg53xeuxqm6bv.jpeg?q=70,"ASUS Vivobook Go 15 AMD Ryzen 5 Quad Core 7520U - (8 GB/512 GB SSD/Windows 11 Home) E1504FA-NJ132WS | .... powered by AMD Ryzen 5. 8GB LPDDR5 RAM. 512.0GB SSD. AMD Radeon Amd graphics. 15.6"" Full HD display. weighs 1.63kg. running Windows 11 Home.",ASUS,Cool Silver,Thin and Light Laptop,AMD,Ryzen 5,8,LPDDR5,AMD,Radeon Amd,TRUE,512,SSD,15.6,Full HD,FALSE,1.63,,Windows 11 Home,TRUE,FALSE,FALSE,TRUE,TRUE
laptop,Apple MacBook Air M4 - (24 GB/512 GB SSD/macOS Sequoia) MC6C4HN/A,https://www.flipkart.com/apple-macbook-air-m4-24-gb-512-gb-ssd-macos-sequoia-mc6c4hn-a/p/itm80c9934341eec?pid=COMH9ZWQDEGH4FZZ&lid=LSTCOMH9ZWQDEGH4FZZLLISIR&marketplace=FLIPKART&store=6bo%2Fb5g&srno=b_15_353&otracker=browse&fm=organic&iid=8d76cb8b-5e62-43a5-8daa-f1333bccd614.COMH9ZWQDEGH4FZZ.SEARCH&ppt=None&ppn=None&ssid=h6qtqyd63k0000001764345735735,139900,4.7,134,https://rukminim2.flixcart.com/image/312/312/xif0q/computer/m/3/7/-original-imahayjpgztvrfyj.jpeg?q=70,"Apple MacBook Air M4 - (24 GB/512 GB SSD/macOS Sequoia) MC6C4HN/A. powered by Apple M4. 24GB Unified Memory RAM. 512.0GB SSD. 13.6"" Retina display. weighs 1.24kg. running macOS Sequoia.",Apple,Midnight,Thin and Light Laptop,Apple,M4,24,Unified Memory,,,FALSE,512,SSD,13.6,Retina,FALSE,1.24,,macOS Sequoia,FALSE,FALSE,TRUE,TRUE,TRUE
laptop,Samsung Galaxy Book3 Pro EVO AMOLED Intel Core i7 13th Gen 1360P - (16 GB/1 TB SSD/Windows 11 Home) NP...,https://www.flipkart.com/samsung-galaxy-book3-pro-evo-amoled-intel-core-i7-13th-gen-1360p-16-gb-1-tb-ssd-windows-11-home-np960xfg-kc2in-thin-light-laptop/p/itm56e22bce344e5?pid=COMGPXFFS4VZQJGH&lid=LSTCOMGPXFFS4VZQJGHIMPFFR&marketplace=FLIPKART&store=6bo%2Fb5g&srno=b_15_354&otracker=browse&fm=organic&iid=8d76cb8b-5e62-43a5-8daa-f1333bccd614.COMGPXFFS4VZQJGH.SEARCH&ppt=None&ppn=None&ssid=h6qtqyd63k0000001764345735735,161199,4.4,1,https://rukminim2.flixcart.com/image/312/312/xif0q/computer/n/w/0/-original-imahg5ftchwagrwx.jpeg?q=70,"Samsung Galaxy Book3 Pro EVO AMOLED Intel Core i7 13th Gen 1360P - (16 GB/1 TB SSD/Windows 11 Home) NP.... powered by Intel Core i7. 16GB DDR5 RAM. 1024.0GB SSD. 16.0"" OLED display. weighs 1.56kg. running Windows 11 Home.",Samsung,Graphite,Thin and Light Laptop,Intel,Core i7,16,DDR5,Intel,Iris Xe,FALSE,1024,SSD,16,OLED,FALSE,1.56,,Windows 11 Home,FALSE,FALSE,TRUE,TRUE,TRUE
laptop,"ASUS Vivobook S16 OLED (2025) with Backlit Keyboard, Metal Body*, Qualcomm Snapdragon X - (16 GB/512 G...",https://www.flipkart.com/asus-vivobook-s16-oled-2025-backlit-keyboard-metal-body-qualcomm-snapdragon-x-16-gb-512-gb-ssd-windows-11-home-s3607qa-sh078ws-thin-light-laptop/p/itm252509f1beb81?pid=COMHCQ5EYNZ2HRWW&lid=LSTCOMHCQ5EYNZ2HRWWUYQZ3F&marketplace=FLIPKART&store=6bo%2Fb5g&srno=b_15_355&otracker=browse&fm=organic&iid=en_OID3Wn1GtiEie2Aw-rZ9IRdH6h_8y84JcyRfGDvlPKt2yR0H2KOaRu0vnDAkUM7mW8cb0MjlVyzUTxFrorRXaKV8WX5krIChubBlraAu4CQ%3D&ppt=None&ppn=None&ssid=h6qtqyd63k0000001764345735735,71990,4.4,51,https://rukminim2.flixcart.com/image/312/312/xif0q/computer/g/4/k/-original-imahfn3geekjdudx.jpeg?q=70,"ASUS Vivobook S16 OLED (2025) with Backlit Keyboard, Metal Body*, Qualcomm Snapdragon X - (16 GB/512 G.... powered by Qualcomm Snapdragon X. 16GB LPDDR5X RAM. 512.0GB SSD. 16.0"" Full HD display. weighs 1.74kg. running Windows 11 Home.",ASUS,Pink,Thin and Light Laptop,Qualcomm,Snapdragon X,16,LPDDR5X,Qualcomm,Adreno,FALSE,512,SSD,16,Full HD,FALSE,1.74,,Windows 11 Home,FALSE,FALSE,TRUE,TRUE,TRUE
laptop,Samsung Galaxy Book3 360 EVO AMOLED Intel Core i7 13th Gen 1355U - (16 GB/512 GB SSD/Windows 11 Home) ...,https://www.flipkart.com/samsung-galaxy-book3-360-evo-amoled-intel-core-i7-13th-gen-1355u-16-gb-512-gb-ssd-windows-11-home-np730qfg-ka1in-np730qfg-la1in-thin-light-laptop/p/itm4442ba7ef854f?pid=COMGPXF2NXQWGQPU&lid=LSTCOMGPXF2NXQWGQPUJBHVHB&marketplace=FLIPKART&store=6bo%2Fb5g&srno=b_15_356&otracker=browse&fm=organic&iid=8d76cb8b-5e62-43a5-8daa-f1333bccd614.COMGPXF2NXQWGQPU.SEARCH&ppt=None&ppn=None&ssid=h6qtqyd63k0000001764345735735,84990,4.3,0,https://rukminim2.flixcart.com/image/312/312/xif0q/computer/f/n/l/-original-imahfu5nx74uecqr.jpeg?q=70,"Samsung Galaxy Book3 360 EVO AMOLED Intel Core i7 13th Gen 1355U - (16 GB/512 GB SSD/Windows 11 Home) .... powered by Intel Core i7. 16GB DDR4 RAM. 512.0GB SSD. 13.3"" OLED display. weighs 1.16kg. running Windows 11 Home.",Samsung,Graphite,Thin and Light Laptop,Intel,Core i7,16,DDR4,Intel,Iris Xe,FALSE,512,SSD,13.3,OLED,FALSE,1.16,,Windows 11 Home,FALSE,FALSE,TRUE,TRUE,TRUE
laptop,"ASUS Vivobook S14 Flip (2025) with Office 2024 + M365 Basic*, Backlit Keyboard, Intel Core i5 13th Gen...",https://www.flipkart.com/asus-vivobook-s14-flip-2025-office-2024-m365-basic-backlit-keyboard-intel-core-i5-13th-gen-13420h-16-gb-512-gb-ssd-windows-11-home-tp3402vao-lz612ws-2-1-laptop/p/itme494b3629a714?pid=COMH9SJ9VAJ7ZD99&lid=LSTCOMH9SJ9VAJ7ZD99ZNVNMB&marketplace=FLIPKART&store=6bo%2Fb5g&srno=b_15_357&otracker=browse&fm=organic&iid=en_OID3Wn1GtiEie2Aw-rZ9IRdH6h_8y84JcyRfGDvlPKtnNk_zhD2A-oUn13SEcO6hdFkRelIWHe0RXA3B_oL1dA891ypMzu4_aryI8_sihJ8%3D&ppt=None&ppn=None&ssid=h6qtqyd63k0000001764345735735,63990,4.4,51,https://rukminim2.flixcart.com/image/312/312/xif0q/computer/a/s/e/-original-imahg4ut9hnhkwhg.jpeg?q=70,"ASUS Vivobook S14 Flip (2025) with Office 2024 + M365 Basic*, Backlit Keyboard, Intel Core i5 13th Gen.... powered by Intel Core i5. 16GB DDR4 RAM. 512.0GB SSD. 14.0"" IPS display. weighs 1.65kg. running Windows 11 Home.",ASUS,Transparent Silver,2 in 1 Laptop,Intel,Core i5,16,DDR4,Intel,Integrated Graphics,FALSE,512,SSD,14,IPS,FALSE,1.65,,Windows 11 Home,FALSE,FALSE,TRUE,TRUE,TRUE
laptop,HP 15 Intel Core i5 13th Gen 1334U - (16 GB/512 GB SSD/Windows 11 Home) 15-fd0576TU / 15-fd0467TU Thin...,https://www.flipkart.com/hp-15-intel-core-i5-13th-gen-1334u-16-gb-512-gb-ssd-windows-11-home-15-fd0576tu-15-fd0467tu-thin-light-laptop/p/itm3d552029526ba?pid=COMH8QXWHJRQKR6P&lid=LSTCOMH8QXWHJRQKR6PW3FWJH&marketplace=FLIPKART&store=6bo%2Fb5g&srno=b_15_358&otracker=browse&fm=organic&iid=en_OID3Wn1GtiEie2Aw-rZ9IRdH6h_8y84JcyRfGDvlPKslgN17BnujYbJR5BDhP96oGlnOP_OGkjFhOzyTBchephhTy0lUJ14SzoMSv_CzLF0%3D&ppt=None&ppn=None&ssid=h6qtqyd63k0000001764345735735,54990,4.2,45,https://rukminim2.flixcart.com/image/312/312/xif0q/computer/t/v/8/-original-imahg5fxfpvjasap.jpeg?q=70,"HP 15 Intel Core i5 13th Gen 1334U - (16 GB/512 GB SSD/Windows 11 Home) 15-fd0576TU / 15-fd0467TU Thin.... powered by Intel Core i5. 16GB DDR4 RAM. 512.0GB SSD. 15.6"" Full HD display. weighs 1.59kg. running Windows 11 Home.",HP,Silver,Thin and Light Laptop,Intel,Core i5,16,DDR4,Intel,Iris Xe,FALSE,512,SSD,15.6,Full HD,FALSE,1.59,,Windows 11 Home,FALSE,FALSE,TRUE,TRUE,TRUE
laptop,HP 14R (2025) Intel Core i3 13th Gen 1315U - (16 GB/512 GB SSD/Windows 11 Home) 14R G9 Thin and Light ...,https://www.flipkart.com/hp-14r-2025-intel-core-i3-13th-gen-1315u-16-gb-512-gb-ssd-windows-11-home-g9-thin-light-laptop/p/itm590fc87e57789?pid=COMH9H2NSRNMBH9C&lid=LSTCOMH9H2NSRNMBH9CFU5REK&marketplace=FLIPKART&store=6bo%2Fb5g&srno=b_15_359&otracker=browse&fm=organic&iid=8d76cb8b-5e62-43a5-8daa-f1333bccd614.COMH9H2NSRNMBH9C.SEARCH&ppt=None&ppn=None&ssid=h6qtqyd63k0000001764345735735,37490,4.2,7,https://rukminim2.flixcart.com/image/312/312/xif0q/computer/m/n/h/14r-g9-thin-and-light-laptop-hp-original-imah9h2nuak3qfk5.jpeg?q=70,"HP 14R (2025) Intel Core i3 13th Gen 1315U - (16 GB/512 GB SSD/Windows 11 Home) 14R G9 Thin and Light .... powered by Intel Core i3. 16GB DDR4 RAM. 512.0GB SSD. 14.0"" HD display. weighs 1.4kg. running Windows 11 Home.",HP,Ash Grey,Thin and Light Laptop,Intel,Core i3,16,DDR4,Intel,Integrated Graphics,FALSE,512,SSD,14,HD,FALSE,1.4,,Windows 11 Home,FALSE,FALSE,TRUE,TRUE,TRUE
laptop,Apple MacBook Air M4 - (16 GB/512 GB SSD/macOS Sequoia) MW1M3HN/A,https://www.flipkart.com/apple-macbook-air-m4-16-gb-512-gb-ssd-macos-sequoia-mw1m3hn-a/p/itmbb41b27f28efb?pid=COMH9ZWQEU3HKZAS&lid=LSTCOMH9ZWQEU3HKZASCDYD1I&marketplace=FLIPKART&store=6bo%2Fb5g&srno=b_15_360&otracker=browse&fm=organic&iid=8d76cb8b-5e62-43a5-8daa-f1333bccd614.COMH9ZWQEU3HKZAS.SEARCH&ppt=None&ppn=None&ssid=h6qtqyd63k0000001764345735735,144900,4.5,0,https://rukminim2.flixcart.com/image/312/312/xif0q/computer/r/b/8/-original-imahayjp9agdpfhz.jpeg?q=70,"Apple MacBook Air M4 - (16 GB/512 GB SSD/macOS Sequoia) MW1M3HN/A. powered by Apple M4. 16GB Unified Memory RAM. 512.0GB SSD. 15.3"" Retina display. weighs 1.51kg. running macOS Sequoia.",Apple,Midnight,Thin and Light Laptop,Apple,M4,16,Unified Memory,,,FALSE,512,SSD,15.3,Retina,FALSE,1.51,,macOS Sequoia,FALSE,FALSE,TRUE,TRUE,TRUE
laptop,Samsung Galaxy Book4 Edge Series Copilot AI-PC Full Metal Chasis Qualcomm Snapdragon X - (16 GB/512 GB...,https://www.flipkart.com/samsung-galaxy-book4-edge-series-copilot-ai-pc-full-metal-chasis-qualcomm-snapdragon-x-16-gb-512-gb-ssd-windows-11-home-np750xqb-ka1in-thin-light-laptop/p/itm1d61ec8d90cc7?pid=COMHE4ATFWNVHXHS&lid=LSTCOMHE4ATFWNVHXHSIHS0FO&marketplace=FLIPKART&store=6bo%2Fb5g&srno=b_16_361&otracker=browse&fm=organic&iid=en_KLNqiX5v2T4RHS9azU3xPZD4Jl0yEnOPoRpZMQVA-_qCqLipl4JX18JfHNiMkGrml3LVU23Rn5TEHCp33wMSfvUFjCTyOHoHZs-Z5_PS_w0%3D&ppt=None&ppn=None&ssid=jtunf6u37k0000001764345743826,64990,4.4,128,https://rukminim2.flixcart.com/image/312/312/xif0q/computer/a/g/p/-original-imahgwkqughzkwt3.jpeg?q=70,"Samsung Galaxy Book4 Edge Series Copilot AI-PC Full Metal Chasis Qualcomm Snapdragon X - (16 GB/512 GB.... powered by Qualcomm Snapdragon X. 16GB LPDDR5X RAM. 512.0GB SSD. 15.6"" HD display. weighs 1.55kg. running Windows 11 Home.",Samsung,Sapphire Blue,Thin and Light Laptop,Qualcomm,Snapdragon X,16,LPDDR5X,Qualcomm,Adreno,FALSE,512,SSD,15.6,HD,FALSE,1.55,,Windows 11 Home,FALSE,FALSE,TRUE,TRUE,TRUE
laptop,"ASUS Vivobook 15 (2025) with Office 2024 + M365 Basic*, Intel Core i3 13th Gen 1315U - (8 GB/512 GB SS...",https://www.flipkart.com/asus-vivobook-15-2025-office-2024-m365-basic-intel-core-i3-13th-gen-1315u-8-gb-512-gb-ssd-windows-11-home-x1504va-nj3700ws-thin-light-laptop/p/itmf31c79724a398?pid=COMHCQ5ECZZV6THK&lid=LSTCOMHCQ5ECZZV6THKTW8YMF&marketplace=FLIPKART&store=6bo%2Fb5g&srno=b_16_362&otracker=browse&fm=organic&iid=en_KLNqiX5v2T4RHS9azU3xPZD4Jl0yEnOPoRpZMQVA-_rdf1f6ir2sdjxsRF46iwXz33jN4jhGgPcCWMhB0VVnE_UFjCTyOHoHZs-Z5_PS_w0%3D&ppt=None&ppn=None&ssid=jtunf6u37k0000001764345743826,34990,4.3,163,https://rukminim2.flixcart.com/image/312/312/xif0q/computer/b/l/v/-original-imahgfdffszmurd7.jpeg?q=70,"ASUS Vivobook 15 (2025) with Office 2024 + M365 Basic*, Intel Core i3 13th Gen 1315U - (8 GB/512 GB SS.... powered by Intel Core i3. 8GB DDR4 RAM. 512.0GB SSD. 15.6"" Full HD display. weighs 1.7kg. running Windows 11 Home.",ASUS,Terra Cotta,Thin and Light Laptop,Intel,Core i3,8,DDR4,Intel,Integrated Graphics,FALSE,512,SSD,15.6,Full HD,FALSE,1.7,,Windows 11 Home,FALSE,FALSE,FALSE,TRUE,TRUE
laptop,Lenovo V 15 (2025) AMD Ryzen 5 Quad Core 7520U - (16 GB/512 GB SSD/Windows 11 Pro) V 15 Thin and Light...,https://www.flipkart.com/lenovo-v-15-2025-amd-ryzen-5-quad-core-7520u-16-gb-512-gb-ssd-windows-11-pro-thin-light-laptop/p/itm1aa04132ef637?pid=COMHF4VNGSD6T3ZH&lid=LSTCOMHF4VNGSD6T3ZHKZBWQP&marketplace=FLIPKART&store=6bo%2Fb5g&srno=b_16_363&otracker=browse&fm=organic&iid=e61d3a51-bf5a-4113-9486-842f3297ed67.COMHF4VNGSD6T3ZH.SEARCH&ppt=None&ppn=None&ssid=jtunf6u37k0000001764345743826,37990,4,1,https://rukminim2.flixcart.com/image/312/312/xif0q/computer/l/t/n/v-15-thin-and-light-laptop-lenovo-original-imahf4vnqjb5qvm2.jpeg?q=70,"Lenovo V 15 (2025) AMD Ryzen 5 Quad Core 7520U - (16 GB/512 GB SSD/Windows 11 Pro) V 15 Thin and Light.... powered by AMD Ryzen 5. 16GB LPDDR5 RAM. 512.0GB SSD. AMD Radeon Amd graphics. 15.6"" Full HD display. weighs 1.5kg. running Windows 11 Pro.",Lenovo,Arctic Grey,Thin and Light Laptop,AMD,Ryzen 5,16,LPDDR5,AMD,Radeon Amd,TRUE,512,SSD,15.6,Full HD,TRUE,1.5,,Windows 11 Pro,TRUE,TRUE,TRUE,TRUE,TRUE
laptop,HP 15 Intel Celeron Dual Core 12th Gen -N4500 - (8 GB/256 GB SSD/Windows 11 Pro) 250 G9 Thin and Light...,https://www.flipkart.com/hp-15-intel-celeron-dual-core-12th-gen-n4500-8-gb-256-gb-ssd-windows-11-pro-250-g9-thin-light-laptop/p/itm6929dbff87f98?pid=COMHCZFNKPRFHKHN&lid=LSTCOMHCZFNKPRFHKHNHJ68DI&marketplace=FLIPKART&store=6bo%2Fb5g&srno=b_16_364&otracker=browse&fm=organic&iid=e61d3a51-bf5a-4113-9486-842f3297ed67.COMHCZFNKPRFHKHN.SEARCH&ppt=None&ppn=None&ssid=jtunf6u37k0000001764345743826,28000,4,22,https://rukminim2.flixcart.com/image/312/312/xif0q/computer/c/z/o/250-g9-laptop-hp-original-imahczfnxwzvecxj.jpeg?q=70,"HP 15 Intel Celeron Dual Core 12th Gen -N4500 - (8 GB/256 GB SSD/Windows 11 Pro) 250 G9 Thin and Light.... powered by Intel Celeron Dual Core. 8GB DDR4 RAM. 256.0GB SSD. 15.6"" LCD display. weighs 1.36kg. running Windows 11 Pro.",HP,Gray,Thin and Light Laptop,Intel,Celeron Dual Core,8,DDR4,Intel,Iris Xe,FALSE,256,SSD,15.6,LCD,FALSE,1.36,,Windows 11 Pro,FALSE,FALSE,FALSE,TRUE,TRUE
laptop,Lenovo IdeaPad Slim 3 Next Gen AI PC WUXGA IPS Copilot + PC Qualcomm Snapdragon X - (16 GB/512 GB SSD/...,https://www.flipkart.com/lenovo-ideapad-slim-3-next-gen-ai-pc-wuxga-ips-copilot-qualcomm-snapdragon-x-16-gb-512-gb-ssd-windows-11-home-15q8x10-thin-light-laptop/p/itm097ac7e15511b?pid=COMHDMJYDGBTMJXG&lid=LSTCOMHDMJYDGBTMJXG112MJM&marketplace=FLIPKART&store=6bo%2Fb5g&srno=b_16_365&otracker=browse&fm=organic&iid=en_KLNqiX5v2T4RHS9azU3xPZD4Jl0yEnOPoRpZMQVA-_od3UQ1xkdo2yJM8a83y_LdNwAKNkUyoQ8jObELuPEQTPUFjCTyOHoHZs-Z5_PS_w0%3D&ppt=None&ppn=None&ssid=jtunf6u37k0000001764345743826,49990,4.3,27,https://rukminim2.flixcart.com/image/312/312/xif0q/computer/d/z/z/-original-imahgfdfx3hhguyc.jpeg?q=70,"Lenovo IdeaPad Slim 3 Next Gen AI PC WUXGA IPS Copilot + PC Qualcomm Snapdragon X - (16 GB/512 GB SSD/.... powered by Qualcomm Snapdragon X. 16GB LPDDR5X RAM. 512.0GB SSD. 15.3"" IPS display. weighs 1.55kg. running Windows 11 Home.",Lenovo,Luna Grey,Thin and Light Laptop,Qualcomm,Snapdragon X,16,LPDDR5X,Qualcomm,Adreno,FALSE,512,SSD,15.3,IPS,FALSE,1.55,50,Windows 11 Home,FALSE,FALSE,TRUE,TRUE,TRUE
laptop,"ASUS Vivobook 15, with Backlit Keyboard, Intel Core i3 12th Gen 1215U - (16 GB/512 GB SSD/Windows 11 H...",https://www.flipkart.com/asus-vivobook-15-backlit-keyboard-intel-core-i3-12th-gen-1215u-16-gb-512-gb-ssd-windows-11-home-x1504za-nj341ws-thin-light-laptop/p/itmbe5bbf6a5168b?pid=COMH3BKW4YSBUZ5G&lid=LSTCOMH3BKW4YSBUZ5GZJQGLJ&marketplace=FLIPKART&store=6bo%2Fb5g&srno=b_16_366&otracker=browse&fm=organic&iid=e61d3a51-bf5a-4113-9486-842f3297ed67.COMH3BKW4YSBUZ5G.SEARCH&ppt=None&ppn=None&ssid=jtunf6u37k0000001764345743826,38990,4.3,509,https://rukminim2.flixcart.com/image/312/312/xif0q/computer/c/n/z/-original-imahg5fuhzzht5ct.jpeg?q=70,"ASUS Vivobook 15, with Backlit Keyboard, Intel Core i3 12th Gen 1215U - (16 GB/512 GB SSD/Windows 11 H.... powered by Intel Core i3. 16GB DDR4 RAM. 512.0GB SSD. 15.6"" HD display. weighs 1.7kg. running Windows 11 Home.",ASUS,Quiet Blue,Thin and Light Laptop,Intel,Core i3,16,DDR4,Intel,Integrated Graphics,FALSE,512,SSD,15.6,HD,FALSE,1.7,,Windows 11 Home,FALSE,FALSE,TRUE,TRUE,TRUE
laptop,Acer Aspire 3 Intel Core i3 13th Gen 1305U - (8 GB/512 GB SSD/Windows 11 Home) A324-53 Thin and Light ...,https://www.flipkart.com/acer-aspire-3-intel-core-i3-13th-gen-1305u-8-gb-512-gb-ssd-windows-11-home-a324-53-thin-light-laptop/p/itma6a6812aa712e?pid=COMH4B6CGTPNVJW9&lid=LSTCOMH4B6CGTPNVJW9JOF4ZC&marketplace=FLIPKART&store=6bo%2Fb5g&srno=b_16_367&otracker=browse&fm=organic&iid=en_KLNqiX5v2T4RHS9azU3xPZD4Jl0yEnOPoRpZMQVA-_oRNTn9PIMkAjuBnub2QEl9p5iBsv_cHJc2xbWysDCSOfUFjCTyOHoHZs-Z5_PS_w0%3D&ppt=None&ppn=None&ssid=jtunf6u37k0000001764345743826,30990,4.3,233,https://rukminim2.flixcart.com/image/312/312/xif0q/computer/r/p/w/-original-imahg5fxzmyzbkv8.jpeg?q=70,"Acer Aspire 3 Intel Core i3 13th Gen 1305U - (8 GB/512 GB SSD/Windows 11 Home) A324-53 Thin and Light .... powered by Intel Core i3. 8GB DDR4 RAM. 512.0GB SSD. 14.0"" HD display. weighs 1.45kg. running Windows 11 Home.",Acer,Steel Gray,Thin and Light Laptop,Intel,Core i3,8,DDR4,Intel,Integrated Graphics,FALSE,512,SSD,14,HD,FALSE,1.45,,Windows 11 Home,FALSE,FALSE,FALSE,TRUE,TRUE
laptop,"ASUS Vivobook 15 (2025) (i5 14th Gen) with MSO 2024 + M365 Basic*, Backlit Keyboard, Intel Core 5 120U...",https://www.flipkart.com/asus-vivobook-15-2025-i5-14th-gen-mso-2024-m365-basic-backlit-keyboard-intel-core-5-120u-16-gb-512-gb-ssd-windows-11-home-x1504vap-nj2862ws-thin-light-laptop/p/itm509f174cc1a04?pid=COMHDG7CFDWVKYMZ&lid=LSTCOMHDG7CFDWVKYMZSDYMWT&marketplace=FLIPKART&store=6bo%2Fb5g&srno=b_16_368&otracker=browse&fm=organic&iid=en_KLNqiX5v2T4RHS9azU3xPZD4Jl0yEnOPoRpZMQVA-_prdPYgbxHmoggw6eZ9a0KMJubSY-XXxoDQMrwdvEBBPPUFjCTyOHoHZs-Z5_PS_w0%3D&ppt=None&ppn=None&ssid=jtunf6u37k0000001764345743826,49990,4.3,79,https://rukminim2.flixcart.com/image/312/312/xif0q/computer/k/u/e/-original-imahcd8gzqjnp2vv.jpeg?q=70,"ASUS Vivobook 15 (2025) (i5 14th Gen) with MSO 2024 + M365 Basic*, Backlit Keyboard, Intel Core 5 120U.... powered by Intel Core 5. 16GB DDR4 RAM. 512.0GB SSD. 15.6"" Full HD display. weighs 1.7kg. running Windows 11 Home.",ASUS,Cool Silver,Thin and Light Laptop,Intel,Core 5,16,DDR4,Intel,Integrated Graphics,FALSE,512,SSD,15.6,Full HD,FALSE,1.7,,Windows 11 Home,FALSE,FALSE,TRUE,TRUE,TRUE
laptop,MSI Katana 15 Intel Core i5 13th Gen 13420H - (16 GB/1 TB SSD/Windows 11 Home/6 GB Graphics/NVIDIA GeF...,https://www.flipkart.com/msi-katana-15-intel-core-i5-13th-gen-13420h-16-gb-1-tb-ssd-windows-11-home-6-gb-graphics-nvidia-geforce-rtx-3050-144-hz-75-w-b13udxk-gaming-laptop/p/itm86728ff6afc36?pid=COMHCQ4TNZJDSNGQ&lid=LSTCOMHCQ4TNZJDSNGQUOIJ9G&marketplace=FLIPKART&store=6bo%2Fb5g&srno=b_16_369&otracker=browse&fm=organic&iid=e61d3a51-bf5a-4113-9486-842f3297ed67.COMHCQ4TNZJDSNGQ.SEARCH&ppt=None&ppn=None&ssid=jtunf6u37k0000001764345743826,74990,4.3,9,https://rukminim2.flixcart.com/image/312/312/xif0q/computer/u/z/z/-original-imahgfdfhgfddc5j.jpeg?q=70,"MSI Katana 15 Intel Core i5 13th Gen 13420H - (16 GB/1 TB SSD/Windows 11 Home/6 GB Graphics/NVIDIA GeF.... powered by Intel Core i5. 16GB DDR5 RAM. 1024.0GB SSD. NVIDIA RTX 3050 graphics. 15.6"" IPS display. weighs 2.25kg. running Windows 11 Home.",MSI,Black,Gaming Laptop,Intel,Core i5,16,DDR5,NVIDIA,RTX 3050,TRUE,1024,SSD,15.6,IPS,FALSE,2.25,,Windows 11 Home,TRUE,TRUE,TRUE,TRUE,FALSE
laptop,"DELL Inspiron 15 with Backlit Keyboard, Intel Core i5 12th Gen 1235U - (8 GB/512 GB SSD/Windows 11 Hom...",https://www.flipkart.com/dell-inspiron-15-backlit-keyboard-intel-core-i5-12th-gen-1235u-8-gb-512-gb-ssd-windows-11-home-new-laptop-thin-light/p/itm23d84e15561c4?pid=COMGJ75HKASCXKBH&lid=LSTCOMGJ75HKASCXKBHAYWLJM&marketplace=FLIPKART&store=6bo%2Fb5g&srno=b_16_370&otracker=browse&fm=organic&iid=e61d3a51-bf5a-4113-9486-842f3297ed67.COMGJ75HKASCXKBH.SEARCH&ppt=None&ppn=None&ssid=jtunf6u37k0000001764345743826,46490,4.3,19,https://rukminim2.flixcart.com/image/312/312/xif0q/computer/y/h/w/-original-imaghzahgukpkyfu.jpeg?q=70,"DELL Inspiron 15 with Backlit Keyboard, Intel Core i5 12th Gen 1235U - (8 GB/512 GB SSD/Windows 11 Hom.... powered by Intel Core i5. 8GB DDR4 RAM. 512.0GB SSD. 15.6"" HD display. weighs 1.65kg. running Windows 11 Home.",DELL,Platinum Silver,Thin and Light Laptop,Intel,Core i5,8,DDR4,Intel,Integrated Graphics,FALSE,512,SSD,15.6,HD,FALSE,1.65,,Windows 11 Home,FALSE,FALSE,FALSE,TRUE,TRUE
laptop,MOTOROLA Motobook 60 Full Metal OLED (i5 14th Gen) Intel Core 5 (Series 2) 210H - (16 GB/512 GB SSD/Wi...,https://www.flipkart.com/motorola-motobook-60-full-metal-oled-i5-14th-gen-intel-core-5-series-2-210h-16-gb-512-gb-ssd-windows-11-home-14irh10r-thin-light-laptop/p/itme7b254581c42e?pid=COMHAUZW4MMNNCGT&lid=LSTCOMHAUZW4MMNNCGTEVATRK&marketplace=FLIPKART&store=6bo%2Fb5g&srno=b_16_371&otracker=browse&fm=organic&iid=en_KLNqiX5v2T4RHS9azU3xPZD4Jl0yEnOPoRpZMQVA-_pNRPOzaYXlAGSqwvHLSB_MTtQ3kAa7GWVHZmlPP8GfYQ%3D%3D&ppt=None&ppn=None&ssid=jtunf6u37k0000001764345743826,49990,4.4,200,https://rukminim2.flixcart.com/image/312/312/xif0q/computer/g/r/p/-original-imahg5ftvnmqhgqp.jpeg?q=70,"MOTOROLA Motobook 60 Full Metal OLED (i5 14th Gen) Intel Core 5 (Series 2) 210H - (16 GB/512 GB SSD/Wi.... powered by Intel Core 5 (Series 2). 16GB DDR5 RAM. 512.0GB SSD. 14.0"" OLED display. weighs 1.4kg. running Windows 11 Home.",MOTOROLA,PANTONE Bronze Green,Thin and Light Laptop,Intel,Core 5 (Series 2),16,DDR5,Intel,Integrated Graphics,FALSE,512,SSD,14,OLED,FALSE,1.4,,Windows 11 Home,FALSE,FALSE,TRUE,TRUE,TRUE
laptop,DELL 15 Intel Core i3 13th Gen 1305U - (16 GB/512 GB SSD/Windows 11 Home) OVN353025001RING1O Thin and ...,https://www.flipkart.com/dell-15-intel-core-i3-13th-gen-1305u-16-gb-512-gb-ssd-windows-11-home-ovn353025001ring1o-thin-light-laptop/p/itmb007cf7efac41?pid=COMHD99W94EPN2H2&lid=LSTCOMHD99W94EPN2H28GBQQL&marketplace=FLIPKART&store=6bo%2Fb5g&srno=b_16_372&otracker=browse&fm=organic&iid=en_KLNqiX5v2T4RHS9azU3xPZD4Jl0yEnOPoRpZMQVA-_oPlq3lVrWh67FeWlLJJkkahn0uaKkgWn3tpmatqZbcEfUFjCTyOHoHZs-Z5_PS_w0%3D&ppt=None&ppn=None&ssid=jtunf6u37k0000001764345743826,38990,4.2,31,https://rukminim2.flixcart.com/image/312/312/xif0q/computer/f/i/b/-original-imahgx8ws7ypyhmd.jpeg?q=70,"DELL 15 Intel Core i3 13th Gen 1305U - (16 GB/512 GB SSD/Windows 11 Home) OVN353025001RING1O Thin and .... powered by Intel Core i3. 16GB DDR4 RAM. 512.0GB SSD. 15.6"" HD display. weighs 1.66kg. running Windows 11 Home.",DELL,Titan Grey,Thin and Light Laptop,Intel,Core i3,16,DDR4,Intel,Integrated Graphics,FALSE,512,SSD,15.6,HD,FALSE,1.66,,Windows 11 Home,FALSE,FALSE,TRUE,TRUE,TRUE
laptop,MSI Intel Core i7 12th Gen 1255U - (16 GB/1 TB SSD/Windows 11 Home) Modern 15 B12MO-1050IN Business La...,https://www.flipkart.com/msi-intel-core-i7-12th-gen-1255u-16-gb-1-tb-ssd-windows-11-home-modern-15-b12mo-1050in-business-laptop/p/itm21f8007ef0cd1?pid=COMH3YTFHZQQRCZP&lid=LSTCOMH3YTFHZQQRCZPO02CQO&marketplace=FLIPKART&store=6bo%2Fb5g&srno=b_16_373&otracker=browse&fm=organic&iid=e61d3a51-bf5a-4113-9486-842f3297ed67.COMH3YTFHZQQRCZP.SEARCH&ppt=None&ppn=None&ssid=jtunf6u37k0000001764345743826,53990,4,1,https://rukminim2.flixcart.com/image/312/312/xif0q/computer/f/z/q/modern-15-b7m-071in-thin-and-light-laptop-msi-original-imagqxy5usdrtzye.jpeg?q=70,"MSI Intel Core i7 12th Gen 1255U - (16 GB/1 TB SSD/Windows 11 Home) Modern 15 B12MO-1050IN Business La.... powered by Intel Core i7. 16GB DDR4 RAM. 1024.0GB SSD. 15.0"" IPS display. weighs 1.7kg. running Windows 11 Home.",MSI,Classic Black,Business Laptop,Intel,Core i7,16,DDR4,Intel,Iris Xe,FALSE,1024,SSD,15,IPS,FALSE,1.7,,Windows 11 Home,FALSE,FALSE,TRUE,TRUE,TRUE
laptop,"ASUS Zenbook 14 OLED (2025) with Touch Screen, Backlit Keyboard, Full Metal Body, Intel Core Ultra 5 2...",https://www.flipkart.com/asus-zenbook-14-oled-2025-touch-screen-backlit-keyboard-full-metal-body-intel-core-ultra-5-225h-16-gb-1-tb-ssd-windows-11-home-ux3405ca-pz162ws-thin-light-laptop/p/itm1d4c7b12b6187?pid=COMH89EBERHNDHWC&lid=LSTCOMH89EBERHNDHWCO67KT1&marketplace=FLIPKART&store=6bo%2Fb5g&srno=b_16_374&otracker=browse&fm=organic&iid=e61d3a51-bf5a-4113-9486-842f3297ed67.COMH89EBERHNDHWC.SEARCH&ppt=None&ppn=None&ssid=jtunf6u37k0000001764345743826,94990,4.9,2,https://rukminim2.flixcart.com/image/312/312/xif0q/computer/h/o/s/-original-imahg4uszs4guq6s.jpeg?q=70,"ASUS Zenbook 14 OLED (2025) with Touch Screen, Backlit Keyboard, Full Metal Body, Intel Core Ultra 5 2.... powered by Intel Core Ultra 5. 16GB LPDDR5X RAM. 1024.0GB SSD. 14.0"" OLED display. weighs 1.28kg. running Windows 11 Home.",ASUS,Ponder Blue,Thin and Light Laptop,Intel,Core Ultra 5,16,LPDDR5X,Intel,Integrated Graphics,FALSE,1024,SSD,14,OLED,FALSE,1.28,,Windows 11 Home,FALSE,FALSE,TRUE,TRUE,TRUE
laptop,Lenovo IdeaPad Slim 5 Co-Pilot Next Gen AI PC Full Metal Snapdragon X Plus - (16 GB/1 TB SSD/Windows 1...,https://www.flipkart.com/lenovo-ideapad-slim-5-co-pilot-next-gen-ai-pc-full-metal-snapdragon-x-plus-16-gb-1-tb-ssd-windows-11-home-14q8x9-thin-light-laptop/p/itm8a59041fc8c0f?pid=COMH4N9CZ7JKPQQC&lid=LSTCOMH4N9CZ7JKPQQCOFLXDU&marketplace=FLIPKART&store=6bo%2Fb5g&srno=b_16_375&otracker=browse&fm=organic&iid=en_KLNqiX5v2T4RHS9azU3xPZD4Jl0yEnOPoRpZMQVA-_prXcQoW8Dv6CWaNu4vah8ymHEXmeLQL2cKi8ce-UIJ0PUFjCTyOHoHZs-Z5_PS_w0%3D&ppt=None&ppn=None&ssid=jtunf6u37k0000001764345743826,57990,4.1,68,https://rukminim2.flixcart.com/image/312/312/xif0q/computer/6/l/r/-original-imahg5fxwyqndjhu.jpeg?q=70,"Lenovo IdeaPad Slim 5 Co-Pilot Next Gen AI PC Full Metal Snapdragon X Plus - (16 GB/1 TB SSD/Windows 1.... powered by Snapdragon X Plus. 16GB LPDDR5X RAM. 1024.0GB SSD. 14.0"" IPS display. weighs 1.48kg. running Windows 11 Home.",Lenovo,Cloud Grey,Thin and Light Laptop,Snapdragon,X Plus,16,LPDDR5X,Qualcomm,Adreno,FALSE,1024,SSD,14,IPS,FALSE,1.48,,Windows 11 Home,FALSE,FALSE,TRUE,TRUE,TRUE
laptop,Samsung Galaxy Book3 Pro EVO AMOLED Intel Core i7 13th Gen 1360P - (16 GB/1 TB SSD/Windows 11 Home) NP...,https://www.flipkart.com/samsung-galaxy-book3-pro-evo-amoled-intel-core-i7-13th-gen-1360p-16-gb-1-tb-ssd-windows-11-home-np940xfg-kc5in-thin-light-laptop/p/itm56e22bce344e5?pid=COMGPXFFZ7R7ZQJ9&lid=LSTCOMGPXFFZ7R7ZQJ96OHSSA&marketplace=FLIPKART&store=6bo%2Fb5g&srno=b_16_376&otracker=browse&fm=organic&iid=e61d3a51-bf5a-4113-9486-842f3297ed67.COMGPXFFZ7R7ZQJ9.SEARCH&ppt=None&ppn=None&ssid=jtunf6u37k0000001764345743826,125990,4.4,1,https://rukminim2.flixcart.com/image/312/312/xif0q/computer/n/w/0/-original-imahg5ftchwagrwx.jpeg?q=70,"Samsung Galaxy Book3 Pro EVO AMOLED Intel Core i7 13th Gen 1360P - (16 GB/1 TB SSD/Windows 11 Home) NP.... powered by Intel Core i7. 16GB DDR5 RAM. 1024.0GB SSD. 14.0"" OLED display. weighs 1.17kg. running Windows 11 Home.",Samsung,Graphite,Thin and Light Laptop,Intel,Core i7,16,DDR5,Intel,Iris Xe,FALSE,1024,SSD,14,OLED,FALSE,1.17,,Windows 11 Home,FALSE,FALSE,TRUE,TRUE,TRUE
laptop,ASUS Vivobook Go 15 AMD Ryzen 3 Quad Core 7320U - (8 GB/512 GB SSD/Windows 11 Home) E1504FA-NJ130WS | ...,https://www.flipkart.com/asus-vivobook-go-15-amd-ryzen-3-quad-core-7320u-8-gb-512-gb-ssd-windows-11-home-e1504fa-nj130ws-e1504fa-bq2322ws-thin-light-laptop/p/itm9af4f3b5de2ff?pid=COMH94992SQ8HYGZ&lid=LSTCOMH94992SQ8HYGZMHVF97&marketplace=FLIPKART&store=6bo%2Fb5g&srno=b_16_377&otracker=browse&fm=organic&iid=en_KLNqiX5v2T4RHS9azU3xPZD4Jl0yEnOPoRpZMQVA-_rI7_EjgMd1MlYeNQisumdUeXuwVW62AVi8x5VsiH1JWvUFjCTyOHoHZs-Z5_PS_w0%3D&ppt=None&ppn=None&ssid=jtunf6u37k0000001764345743826,30990,4.3,94,https://rukminim2.flixcart.com/image/312/312/xif0q/computer/m/y/o/-original-imahg5fxjta7gns7.jpeg?q=70,"ASUS Vivobook Go 15 AMD Ryzen 3 Quad Core 7320U - (8 GB/512 GB SSD/Windows 11 Home) E1504FA-NJ130WS | .... powered by AMD Ryzen 3. 8GB LPDDR5 RAM. 512.0GB SSD. AMD Radeon Amd graphics. 15.6"" Full HD display. weighs 1.63kg. running Windows 11 Home.",ASUS,Mixed Black,Thin and Light Laptop,AMD,Ryzen 3,8,LPDDR5,AMD,Radeon Amd,TRUE,512,SSD,15.6,Full HD,FALSE,1.63,,Windows 11 Home,TRUE,FALSE,FALSE,TRUE,TRUE
laptop,ASUS Vivobook Go 15 AMD Ryzen 5 Quad Core 7520U - (8 GB/512 GB SSD/Windows 11 Home) E1504FA-NJ132WS | ...,https://www.flipkart.com/asus-vivobook-go-15-amd-ryzen-5-quad-core-7520u-8-gb-512-gb-ssd-windows-11-home-e1504fa-nj132ws-e1504fa-nj521ws-thin-light-laptop/p/itm657eb80ea799a?pid=COMH9499JNGDGTZ5&lid=LSTCOMH9499JNGDGTZ5WJGUDN&marketplace=FLIPKART&store=6bo%2Fb5g&srno=b_16_378&otracker=browse&fm=organic&iid=en_KLNqiX5v2T4RHS9azU3xPZD4Jl0yEnOPoRpZMQVA-_rqjBeQE7jtD4tEu6iR1BVSxu0SnwRnU0-3x48vd2ae0KV8WX5krIChubBlraAu4CQ%3D&ppt=None&ppn=None&ssid=jtunf6u37k0000001764345743826,36990,4.2,49,https://rukminim2.flixcart.com/image/312/312/xif0q/computer/k/b/i/-original-imahg53xeuxqm6bv.jpeg?q=70,"ASUS Vivobook Go 15 AMD Ryzen 5 Quad Core 7520U - (8 GB/512 GB SSD/Windows 11 Home) E1504FA-NJ132WS | .... powered by AMD Ryzen 5. 8GB LPDDR5 RAM. 512.0GB SSD. AMD Radeon Amd graphics. 15.6"" Full HD display. weighs 1.63kg. running Windows 11 Home.",ASUS,Cool Silver,Thin and Light Laptop,AMD,Ryzen 5,8,LPDDR5,AMD,Radeon Amd,TRUE,512,SSD,15.6,Full HD,FALSE,1.63,,Windows 11 Home,TRUE,FALSE,FALSE,TRUE,TRUE
laptop,WINGS Nuvobook Pro Aluminium Alloy Metal Body Intel Intel Core i7 11th Gen 1165G7 - (16 GB/512 GB SSD/...,https://www.flipkart.com/wings-nuvobook-pro-aluminium-alloy-metal-body-intel-core-i7-11th-gen-1165g7-16-gb-512-gb-ssd-windows-11-home-wl-nuvobook-pro-gry-thin-light-laptop/p/itm42523abf83ab7?pid=COMGQHYFAHNUVFY9&lid=LSTCOMGQHYFAHNUVFY9HTHRNO&marketplace=FLIPKART&store=6bo%2Fb5g&srno=b_16_379&otracker=browse&fm=organic&iid=e61d3a51-bf5a-4113-9486-842f3297ed67.COMGQHYFAHNUVFY9.SEARCH&ppt=None&ppn=None&ssid=jtunf6u37k0000001764345743826,49099,4.1,25,https://rukminim2.flixcart.com/image/312/312/xif0q/computer/u/l/3/-original-imahg4utsvk7zyy3.jpeg?q=70,"WINGS Nuvobook Pro Aluminium Alloy Metal Body Intel Intel Core i7 11th Gen 1165G7 - (16 GB/512 GB SSD/.... powered by Intel Core i7. 16GB DDR4 RAM. 512.0GB SSD. 14.0"" IPS display. weighs 1.48kg. running Windows 11 Home.",WINGS,Grey,Thin and Light Laptop,Intel,Core i7,16,DDR4,Intel,Iris Xe,FALSE,512,SSD,14,IPS,FALSE,1.48,,Windows 11 Home,FALSE,FALSE,TRUE,TRUE,TRUE
laptop,DELL Latitude 3540 (2024) Intel Core i3 12th Gen 1215U - (16 GB/512 GB SSD/Windows 11 Pro) Latitude 35...,https://www.flipkart.com/dell-latitude-3540-2024-intel-core-i3-12th-gen-1215u-16-gb-512-gb-ssd-windows-11-pro-business-laptop/p/itm7f265faf0871e?pid=COMH5G7HHNGBDEDF&lid=LSTCOMH5G7HHNGBDEDFBDIFYU&marketplace=FLIPKART&store=6bo%2Fb5g&srno=b_16_380&otracker=browse&fm=organic&iid=e61d3a51-bf5a-4113-9486-842f3297ed67.COMH5G7HHNGBDEDF.SEARCH&ppt=None&ppn=None&ssid=jtunf6u37k0000001764345743826,36990,4,10,https://rukminim2.flixcart.com/image/312/312/xif0q/computer/a/g/v/latitude-3540-business-laptop-dell-original-imah5g78h57cfzy4.jpeg?q=70,"DELL Latitude 3540 (2024) Intel Core i3 12th Gen 1215U - (16 GB/512 GB SSD/Windows 11 Pro) Latitude 35.... powered by Intel Core i3. 16GB DDR4 RAM. 512.0GB SSD. 15.6"" HD display. weighs 1.6kg. running Windows 11 Pro.",DELL,Smoky Black,Business Laptop,Intel,Core i3,16,DDR4,Intel,Integrated Graphics,FALSE,512,SSD,15.6,HD,TRUE,1.6,,Windows 11 Pro,FALSE,FALSE,TRUE,TRUE,TRUE
laptop,"ASUS Vivobook S16 OLED (2025) with Backlit Keyboard, Metal Body*, Qualcomm Snapdragon X - (16 GB/512 G...",https://www.flipkart.com/asus-vivobook-s16-oled-2025-backlit-keyboard-metal-body-qualcomm-snapdragon-x-16-gb-512-gb-ssd-windows-11-home-s3607qa-sh078ws-thin-light-laptop/p/itm252509f1beb81?pid=COMHCQ5EYNZ2HRWW&lid=LSTCOMHCQ5EYNZ2HRWWUYQZ3F&marketplace=FLIPKART&store=6bo%2Fb5g&srno=b_16_381&otracker=browse&fm=organic&iid=en_KLNqiX5v2T4RHS9azU3xPZD4Jl0yEnOPoRpZMQVA-_qAvfdQlk9C5vil4Mjp3wc6ZSN1_zpYqKFXeDoWNjYzBQ891ypMzu4_aryI8_sihJ8%3D&ppt=None&ppn=None&ssid=jtunf6u37k0000001764345743826,71990,4.4,51,https://rukminim2.flixcart.com/image/312/312/xif0q/computer/g/4/k/-original-imahfn3geekjdudx.jpeg?q=70,"ASUS Vivobook S16 OLED (2025) with Backlit Keyboard, Metal Body*, Qualcomm Snapdragon X - (16 GB/512 G.... powered by Qualcomm Snapdragon X. 16GB LPDDR5X RAM. 512.0GB SSD. 16.0"" Full HD display. weighs 1.74kg. running Windows 11 Home.",ASUS,Pink,Thin and Light Laptop,Qualcomm,Snapdragon X,16,LPDDR5X,Qualcomm,Adreno,FALSE,512,SSD,16,Full HD,FALSE,1.74,,Windows 11 Home,FALSE,FALSE,TRUE,TRUE,TRUE
laptop,"ASUS Vivobook S14 Flip (2025) with Office 2024 + M365 Basic*, Backlit Keyboard, Intel Core i5 13th Gen...",https://www.flipkart.com/asus-vivobook-s14-flip-2025-office-2024-m365-basic-backlit-keyboard-intel-core-i5-13th-gen-13420h-16-gb-512-gb-ssd-windows-11-home-tp3402vao-lz612ws-2-1-laptop/p/itme494b3629a714?pid=COMH9SJ9VAJ7ZD99&lid=LSTCOMH9SJ9VAJ7ZD99ZNVNMB&marketplace=FLIPKART&store=6bo%2Fb5g&srno=b_16_382&otracker=browse&fm=organic&iid=en_KLNqiX5v2T4RHS9azU3xPZD4Jl0yEnOPoRpZMQVA-_roS2FLpjWu_FUkxUGn29Vwgu1VHW1OrbMooQVsEbPVPRhTy0lUJ14SzoMSv_CzLF0%3D&ppt=None&ppn=None&ssid=jtunf6u37k0000001764345743826,63990,4.4,51,https://rukminim2.flixcart.com/image/312/312/xif0q/computer/a/s/e/-original-imahg4ut9hnhkwhg.jpeg?q=70,"ASUS Vivobook S14 Flip (2025) with Office 2024 + M365 Basic*, Backlit Keyboard, Intel Core i5 13th Gen.... powered by Intel Core i5. 16GB DDR4 RAM. 512.0GB SSD. 14.0"" IPS display. weighs 1.65kg. running Windows 11 Home.",ASUS,Transparent Silver,2 in 1 Laptop,Intel,Core i5,16,DDR4,Intel,Integrated Graphics,FALSE,512,SSD,14,IPS,FALSE,1.65,,Windows 11 Home,FALSE,FALSE,TRUE,TRUE,TRUE
laptop,HP Victus 15 Intel Core i5 13th Gen 13420H - (16 GB/512 GB SSD/Windows 11 Home/6 GB Graphics/NVIDIA Ge...,https://www.flipkart.com/hp-victus-15-intel-core-i5-13th-gen-13420h-16-gb-512-gb-ssd-windows-11-home-6-graphics-nvidia-geforce-rtx-3050-15-fa1327tx-gaming-laptop/p/itmb08f154f265d7?pid=COMHY8KVZ73Y9PPY&lid=LSTCOMHY8KVZ73Y9PPYGMSPUQ&marketplace=FLIPKART&store=6bo%2Fb5g&srno=b_16_383&otracker=browse&fm=organic&iid=e61d3a51-bf5a-4113-9486-842f3297ed67.COMHY8KVZ73Y9PPY.SEARCH&ppt=None&ppn=None&ssid=jtunf6u37k0000001764345743826,65990,4.4,90,https://rukminim2.flixcart.com/image/312/312/xif0q/computer/r/4/b/-original-imahg52nggg2rwxx.jpeg?q=70,"HP Victus 15 Intel Core i5 13th Gen 13420H - (16 GB/512 GB SSD/Windows 11 Home/6 GB Graphics/NVIDIA Ge.... powered by Intel Core i5. 16GB DDR4 RAM. 512.0GB SSD. NVIDIA RTX 3050 graphics. 15.6"" LCD display. weighs 2.3kg. running Windows 11 Home.",HP,Performance Blue,Gaming Laptop,Intel,Core i5,16,DDR4,NVIDIA,RTX 3050,TRUE,512,SSD,15.6,LCD,FALSE,2.3,,Windows 11 Home,TRUE,TRUE,TRUE,TRUE,FALSE
laptop,MSI Cyborg 15 AI PC Intel Core Ultra 7 155H - (16 GB/1 TB SSD/Windows 11 Home/6 GB Graphics/NVIDIA GeF...,https://www.flipkart.com/msi-cyborg-15-ai-pc-intel-core-ultra-7-155h-16-gb-1-tb-ssd-windows-11-home-6-gb-graphics-nvidia-geforce-rtx-4050-a1vek-050in-gaming-laptop/p/itmd077e48d29cee?pid=COMGXMSX6YH6CTSY&lid=LSTCOMGXMSX6YH6CTSYK5RNSS&marketplace=FLIPKART&store=6bo%2Fb5g&srno=b_16_384&otracker=browse&fm=organic&iid=e61d3a51-bf5a-4113-9486-842f3297ed67.COMGXMSX6YH6CTSY.SEARCH&ppt=None&ppn=None&ssid=jtunf6u37k0000001764345743826,94990,4.9,0,https://rukminim2.flixcart.com/image/312/312/xif0q/computer/k/r/o/-original-imahg5fuzzqthgef.jpeg?q=70,"MSI Cyborg 15 AI PC Intel Core Ultra 7 155H - (16 GB/1 TB SSD/Windows 11 Home/6 GB Graphics/NVIDIA GeF.... powered by Intel Core Ultra 7. 16GB DDR5 RAM. 1024.0GB SSD. NVIDIA RTX 4050 graphics. 15.6"" IPS display. weighs 1.9kg. running Windows 11 Home.",MSI,Translucent Black,Gaming Laptop,Intel,Core Ultra 7,16,DDR5,NVIDIA,RTX 4050,TRUE,1024,SSD,15.6,IPS,FALSE,1.9,,Windows 11 Home,TRUE,TRUE,TRUE,TRUE,TRUE
laptop,Samsung Galaxy Book4 Edge Series Copilot AI-PC Full Metal Chasis Qualcomm Snapdragon X - (16 GB/512 GB...,https://www.flipkart.com/samsung-galaxy-book4-edge-series-copilot-ai-pc-full-metal-chasis-qualcomm-snapdragon-x-16-gb-512-gb-ssd-windows-11-home-np750xqb-ka1in-thin-light-laptop/p/itm1d61ec8d90cc7?pid=COMHE4ATFWNVHXHS&lid=LSTCOMHE4ATFWNVHXHSIHS0FO&marketplace=FLIPKART&store=6bo%2Fb5g&srno=b_17_385&otracker=browse&fm=organic&iid=en_FKLkw9CRL6l-0hqZ3BI8G-q0EfAnDOC1JuhlH5EuOySCyXrCu4jHfnrcZMkfRCHdQ71Y6DzfE2Py1YOKCzM1GPUFjCTyOHoHZs-Z5_PS_w0%3D&ppt=None&ppn=None&ssid=gur8mt2kj40000001764345752033,64990,4.4,128,https://rukminim2.flixcart.com/image/312/312/xif0q/computer/a/g/p/-original-imahgwkqughzkwt3.jpeg?q=70,"Samsung Galaxy Book4 Edge Series Copilot AI-PC Full Metal Chasis Qualcomm Snapdragon X - (16 GB/512 GB.... powered by Qualcomm Snapdragon X. 16GB LPDDR5X RAM. 512.0GB SSD. 15.6"" HD display. weighs 1.55kg. running Windows 11 Home.",Samsung,Sapphire Blue,Thin and Light Laptop,Qualcomm,Snapdragon X,16,LPDDR5X,Qualcomm,Adreno,FALSE,512,SSD,15.6,HD,FALSE,1.55,,Windows 11 Home,FALSE,FALSE,TRUE,TRUE,TRUE
laptop,Acer Aspire 3 Intel Core i3 12th Gen - (8 GB/512 GB SSD/Windows 11 Home) A315-59 Thin and Light Laptop,https://www.flipkart.com/acer-aspire-3-intel-core-i3-12th-gen-8-gb-512-gb-ssd-windows-11-home-a315-59-thin-light-laptop/p/itm05f023c6da5dc?pid=COMGHR2J9RX2GG2G&lid=LSTCOMGHR2J9RX2GG2GEZV7LW&marketplace=FLIPKART&store=6bo%2Fb5g&srno=b_17_386&otracker=browse&fm=organic&iid=0b809102-a208-4bdf-aeb2-837f79677226.COMGHR2J9RX2GG2G.SEARCH&ppt=None&ppn=None&ssid=gur8mt2kj40000001764345752033,33990,4.2,81,https://rukminim2.flixcart.com/image/312/312/xif0q/computer/d/g/p/-original-imahg5fxhfxcdamh.jpeg?q=70,"Acer Aspire 3 Intel Core i3 12th Gen - (8 GB/512 GB SSD/Windows 11 Home) A315-59 Thin and Light Laptop. powered by Intel Core i3. 8GB DDR4 RAM. 512.0GB SSD. 15.6"" LCD display. weighs 1.7kg. running Windows 11 Home.",Acer,Pure Silver,Thin and Light Laptop,Intel,Core i3,8,DDR4,Intel,Integrated Graphics,FALSE,512,SSD,15.6,LCD,FALSE,1.7,,Windows 11 Home,FALSE,FALSE,FALSE,TRUE,TRUE
laptop,"ASUS Vivobook 15 (2025) with Office 2024 + M365 Basic*, Intel Core i3 13th Gen 1315U - (8 GB/512 GB SS...",https://www.flipkart.com/asus-vivobook-15-2025-office-2024-m365-basic-intel-core-i3-13th-gen-1315u-8-gb-512-gb-ssd-windows-11-home-x1504va-nj3700ws-thin-light-laptop/p/itmf31c79724a398?pid=COMHCQ5ECZZV6THK&lid=LSTCOMHCQ5ECZZV6THKTW8YMF&marketplace=FLIPKART&store=6bo%2Fb5g&srno=b_17_387&otracker=browse&fm=organic&iid=en_FKLkw9CRL6l-0hqZ3BI8G-q0EfAnDOC1JuhlH5EuOySbVVG_PGeG_lVD61BuEHX7VLCGCpnr56tU-0Batk7usvUFjCTyOHoHZs-Z5_PS_w0%3D&ppt=None&ppn=None&ssid=gur8mt2kj40000001764345752033,34990,4.3,163,https://rukminim2.flixcart.com/image/312/312/xif0q/computer/b/l/v/-original-imahgfdffszmurd7.jpeg?q=70,"ASUS Vivobook 15 (2025) with Office 2024 + M365 Basic*, Intel Core i3 13th Gen 1315U - (8 GB/512 GB SS.... powered by Intel Core i3. 8GB DDR4 RAM. 512.0GB SSD. 15.6"" Full HD display. weighs 1.7kg. running Windows 11 Home.",ASUS,Terra Cotta,Thin and Light Laptop,Intel,Core i3,8,DDR4,Intel,Integrated Graphics,FALSE,512,SSD,15.6,Full HD,FALSE,1.7,,Windows 11 Home,FALSE,FALSE,FALSE,TRUE,TRUE
laptop,Lenovo IdeaPad Slim 3 Next Gen AI PC WUXGA IPS Copilot + PC Qualcomm Snapdragon X - (16 GB/512 GB SSD/...,https://www.flipkart.com/lenovo-ideapad-slim-3-next-gen-ai-pc-wuxga-ips-copilot-qualcomm-snapdragon-x-16-gb-512-gb-ssd-windows-11-home-15q8x10-thin-light-laptop/p/itm097ac7e15511b?pid=COMHDMJYDGBTMJXG&lid=LSTCOMHDMJYDGBTMJXG112MJM&marketplace=FLIPKART&store=6bo%2Fb5g&srno=b_17_388&otracker=browse&fm=organic&iid=en_FKLkw9CRL6l-0hqZ3BI8G-q0EfAnDOC1JuhlH5EuOyRMc4JuB4E_Av42asLkGyrZNwAKNkUyoQ8jObELuPEQTPUFjCTyOHoHZs-Z5_PS_w0%3D&ppt=None&ppn=None&ssid=gur8mt2kj40000001764345752033,49990,4.3,27,https://rukminim2.flixcart.com/image/312/312/xif0q/computer/d/z/z/-original-imahgfdfx3hhguyc.jpeg?q=70,"Lenovo IdeaPad Slim 3 Next Gen AI PC WUXGA IPS Copilot + PC Qualcomm Snapdragon X - (16 GB/512 GB SSD/.... powered by Qualcomm Snapdragon X. 16GB LPDDR5X RAM. 512.0GB SSD. 15.3"" IPS display. weighs 1.55kg. running Windows 11 Home.",Lenovo,Luna Grey,Thin and Light Laptop,Qualcomm,Snapdragon X,16,LPDDR5X,Qualcomm,Adreno,FALSE,512,SSD,15.3,IPS,FALSE,1.55,50,Windows 11 Home,FALSE,FALSE,TRUE,TRUE,TRUE
laptop,Apple MacBook Pro M3 Max - (48 GB/1 TB SSD/macOS Sonoma) MUW63HN/A,https://www.flipkart.com/apple-macbook-pro-m3-max-48-gb-1-tb-ssd-macos-sonoma-muw63hn-a/p/itmcd041a34ee857?pid=COMGUTX74JZBFZK9&lid=LSTCOMGUTX74JZBFZK9949Y4L&marketplace=FLIPKART&store=6bo%2Fb5g&srno=b_17_389&otracker=browse&fm=organic&iid=0b809102-a208-4bdf-aeb2-837f79677226.COMGUTX74JZBFZK9.SEARCH&ppt=None&ppn=None&ssid=gur8mt2kj40000001764345752033,373399,4,1,https://rukminim2.flixcart.com/image/312/312/xif0q/computer/7/r/w/-original-imaguw3hpuzcwvdp.jpeg?q=70,"Apple MacBook Pro M3 Max - (48 GB/1 TB SSD/macOS Sonoma) MUW63HN/A. powered by Apple M3 MAX. 48GB Unified Memory RAM. 1024.0GB SSD. 16.0"" HD display. weighs 2.16kg. running macOS Sonoma.",Apple,Space Black,Laptop,Apple,M3 MAX,48,Unified Memory,,,FALSE,1024,SSD,16,HD,FALSE,2.16,,macOS Sonoma,FALSE,TRUE,TRUE,TRUE,FALSE
laptop,Lenovo IdeaPad Slim 3 AMD Ryzen 3 Quad Core 7320U - (8 GB/512 GB SSD/Windows 11 Home) 15AMN8 Thin and ...,https://www.flipkart.com/lenovo-ideapad-slim-3-amd-ryzen-quad-core-7320u-8-gb-512-gb-ssd-windows-11-home-15amn8-thin-light-laptop/p/itm726ac134d0530?pid=COMGS2AJHAHZXHZZ&lid=LSTCOMGS2AJHAHZXHZZ6GVARS&marketplace=FLIPKART&store=6bo%2Fb5g&srno=b_17_390&otracker=browse&fm=organic&iid=0b809102-a208-4bdf-aeb2-837f79677226.COMGS2AJHAHZXHZZ.SEARCH&ppt=None&ppn=None&ssid=gur8mt2kj40000001764345752033,30990,4.1,1,https://rukminim2.flixcart.com/image/312/312/xif0q/computer/b/n/1/-original-imahex3tqzdqtgny.jpeg?q=70,"Lenovo IdeaPad Slim 3 AMD Ryzen 3 Quad Core 7320U - (8 GB/512 GB SSD/Windows 11 Home) 15AMN8 Thin and .... powered by AMD Ryzen 3. 8GB LPDDR5 RAM. 512.0GB SSD. AMD Radeon 610M graphics. 15.6"" HD display. weighs 1.62kg. running Windows 11 Home.",Lenovo,Arctic Grey,Thin and Light Laptop,AMD,Ryzen 3,8,LPDDR5,AMD,Radeon 610M,TRUE,512,SSD,15.6,HD,FALSE,1.62,,Windows 11 Home,TRUE,FALSE,FALSE,TRUE,TRUE
laptop,Acer Aspire 3 Intel Core i3 13th Gen 1305U - (8 GB/512 GB SSD/Windows 11 Home) A324-53 Thin and Light ...,https://www.flipkart.com/acer-aspire-3-intel-core-i3-13th-gen-1305u-8-gb-512-gb-ssd-windows-11-home-a324-53-thin-light-laptop/p/itma6a6812aa712e?pid=COMH4B6CGTPNVJW9&lid=LSTCOMH4B6CGTPNVJW9JOF4ZC&marketplace=FLIPKART&store=6bo%2Fb5g&srno=b_17_391&otracker=browse&fm=organic&iid=en_FKLkw9CRL6l-0hqZ3BI8G-q0EfAnDOC1JuhlH5EuOySvm9c_afd9WqUL9CPerP_bp5iBsv_cHJc2xbWysDCSOfUFjCTyOHoHZs-Z5_PS_w0%3D&ppt=None&ppn=None&ssid=gur8mt2kj40000001764345752033,30990,4.3,233,https://rukminim2.flixcart.com/image/312/312/xif0q/computer/r/p/w/-original-imahg5fxzmyzbkv8.jpeg?q=70,"Acer Aspire 3 Intel Core i3 13th Gen 1305U - (8 GB/512 GB SSD/Windows 11 Home) A324-53 Thin and Light .... powered by Intel Core i3. 8GB DDR4 RAM. 512.0GB SSD. 14.0"" HD display. weighs 1.45kg. running Windows 11 Home.",Acer,Steel Gray,Thin and Light Laptop,Intel,Core i3,8,DDR4,Intel,Integrated Graphics,FALSE,512,SSD,14,HD,FALSE,1.45,,Windows 11 Home,FALSE,FALSE,FALSE,TRUE,TRUE
laptop,"ASUS Vivobook 15 (2025) (i5 14th Gen) with MSO 2024 + M365 Basic*, Backlit Keyboard, Intel Core 5 120U...",https://www.flipkart.com/asus-vivobook-15-2025-i5-14th-gen-mso-2024-m365-basic-backlit-keyboard-intel-core-5-120u-16-gb-512-gb-ssd-windows-11-home-x1504vap-nj2862ws-thin-light-laptop/p/itm509f174cc1a04?pid=COMHDG7CFDWVKYMZ&lid=LSTCOMHDG7CFDWVKYMZSDYMWT&marketplace=FLIPKART&store=6bo%2Fb5g&srno=b_17_392&otracker=browse&fm=organic&iid=en_FKLkw9CRL6l-0hqZ3BI8G-q0EfAnDOC1JuhlH5EuOyT7hR3Qyktxf_tlmxFbMLsrJubSY-XXxoDQMrwdvEBBPPUFjCTyOHoHZs-Z5_PS_w0%3D&ppt=None&ppn=None&ssid=gur8mt2kj40000001764345752033,49990,4.3,79,https://rukminim2.flixcart.com/image/312/312/xif0q/computer/k/u/e/-original-imahcd8gzqjnp2vv.jpeg?q=70,"ASUS Vivobook 15 (2025) (i5 14th Gen) with MSO 2024 + M365 Basic*, Backlit Keyboard, Intel Core 5 120U.... powered by Intel Core 5. 16GB DDR4 RAM. 512.0GB SSD. 15.6"" Full HD display. weighs 1.7kg. running Windows 11 Home.",ASUS,Cool Silver,Thin and Light Laptop,Intel,Core 5,16,DDR4,Intel,Integrated Graphics,FALSE,512,SSD,15.6,Full HD,FALSE,1.7,,Windows 11 Home,FALSE,FALSE,TRUE,TRUE,TRUE
laptop,Lenovo IdeaPad 3 Intel Core i3 12th Gen 1215U - (8 GB/512 GB SSD/Windows 11 Home) 15IAU7 Thin and Ligh...,https://www.flipkart.com/lenovo-ideapad-3-intel-core-i3-12th-gen-1215u-8-gb-512-gb-ssd-windows-11-home-15iau7-thin-light-laptop/p/itme38b4c2cd4dfa?pid=COMH44GKN7KZVBT7&lid=LSTCOMH44GKN7KZVBT7BQ09L9&marketplace=FLIPKART&store=6bo%2Fb5g&srno=b_17_393&otracker=browse&fm=organic&iid=0b809102-a208-4bdf-aeb2-837f79677226.COMH44GKN7KZVBT7.SEARCH&ppt=None&ppn=None&ssid=gur8mt2kj40000001764345752033,35990,4.1,67,https://rukminim2.flixcart.com/image/312/312/xif0q/computer/h/w/9/-original-imahex3tqahw3zhu.jpeg?q=70,"Lenovo IdeaPad 3 Intel Core i3 12th Gen 1215U - (8 GB/512 GB SSD/Windows 11 Home) 15IAU7 Thin and Ligh.... powered by Intel Core i3. 8GB DDR4 RAM. 512.0GB SSD. 15.6"" HD display. weighs 1.63kg. running Windows 11 Home.",Lenovo,Arctic Grey,Thin and Light Laptop,Intel,Core i3,8,DDR4,Intel,Integrated Graphics,FALSE,512,SSD,15.6,HD,FALSE,1.63,,Windows 11 Home,FALSE,FALSE,FALSE,TRUE,TRUE
laptop,Acer NITRO LITE 16 Intel Core i5 13th Gen 13420H - (16 GB/512 GB SSD/Windows 11 Home/6 GB Graphics/NVI...,https://www.flipkart.com/acer-nitro-lite-16-intel-core-i5-13th-gen-13420h-16-gb-512-gb-ssd-windows-11-home-6-graphics-nvidia-geforce-rtx-4050-nl16-71g-54my-nl16-71g-gaming-laptop/p/itm4ee151086aabd?pid=COMHDFTZHHCBHHFB&lid=LSTCOMHDFTZHHCBHHFBERZ68D&marketplace=FLIPKART&store=6bo%2Fb5g&srno=b_17_394&otracker=browse&fm=organic&iid=0b809102-a208-4bdf-aeb2-837f79677226.COMHDFTZHHCBHHFB.SEARCH&ppt=None&ppn=None&ssid=gur8mt2kj40000001764345752033,69999,4.2,5,https://rukminim2.flixcart.com/image/312/312/xif0q/computer/1/x/l/-original-imahgfz4ttyc9z5y.jpeg?q=70,"Acer NITRO LITE 16 Intel Core i5 13th Gen 13420H - (16 GB/512 GB SSD/Windows 11 Home/6 GB Graphics/NVI.... powered by Intel Core i5. 16GB DDR5 RAM. 512.0GB SSD. NVIDIA RTX 4050 graphics. 16.0"" IPS display. weighs 1.95kg. running Windows 11 Home.",Acer,White,Gaming Laptop,Intel,Core i5,16,DDR5,NVIDIA,RTX 4050,TRUE,512,SSD,16,IPS,FALSE,1.95,,Windows 11 Home,TRUE,TRUE,TRUE,TRUE,TRUE
laptop,MOTOROLA Motobook 60 Full Metal OLED (i5 14th Gen) Intel Core 5 (Series 2) 210H - (16 GB/512 GB SSD/Wi...,https://www.flipkart.com/motorola-motobook-60-full-metal-oled-i5-14th-gen-intel-core-5-series-2-210h-16-gb-512-gb-ssd-windows-11-home-14irh10r-thin-light-laptop/p/itme7b254581c42e?pid=COMHAUZW4MMNNCGT&lid=LSTCOMHAUZW4MMNNCGTEVATRK&marketplace=FLIPKART&store=6bo%2Fb5g&srno=b_17_395&otracker=browse&fm=organic&iid=en_FKLkw9CRL6l-0hqZ3BI8G-q0EfAnDOC1JuhlH5EuOyS9kmi8qqv8Cd-PdCfNF3QGTtQ3kAa7GWVHZmlPP8GfYQ%3D%3D&ppt=None&ppn=None&ssid=gur8mt2kj40000001764345752033,49990,4.4,200,https://rukminim2.flixcart.com/image/312/312/xif0q/computer/g/r/p/-original-imahg5ftvnmqhgqp.jpeg?q=70,"MOTOROLA Motobook 60 Full Metal OLED (i5 14th Gen) Intel Core 5 (Series 2) 210H - (16 GB/512 GB SSD/Wi.... powered by Intel Core 5 (Series 2). 16GB DDR5 RAM. 512.0GB SSD. 14.0"" OLED display. weighs 1.4kg. running Windows 11 Home.",MOTOROLA,PANTONE Bronze Green,Thin and Light Laptop,Intel,Core 5 (Series 2),16,DDR5,Intel,Integrated Graphics,FALSE,512,SSD,14,OLED,FALSE,1.4,,Windows 11 Home,FALSE,FALSE,TRUE,TRUE,TRUE
laptop,Lenovo LOQ AMD Ryzen 5 Quad Core 7235HS - (24 GB/512 GB SSD/Windows 11 Home/6 GB Graphics/NVIDIA GeFor...,https://www.flipkart.com/lenovo-loq-amd-ryzen-5-quad-core-7235hs-24-gb-512-gb-ssd-windows-11-home-6-graphics-nvidia-geforce-rtx-3050-15arp9-gaming-laptop/p/itmd3fbbdced2d6b?pid=COMHFYZ3FDVNVJU7&lid=LSTCOMHFYZ3FDVNVJU7QKNZSY&marketplace=FLIPKART&store=6bo%2Fb5g&srno=b_17_396&otracker=browse&fm=organic&iid=0b809102-a208-4bdf-aeb2-837f79677226.COMHFYZ3FDVNVJU7.SEARCH&ppt=None&ppn=None&ssid=gur8mt2kj40000001764345752033,72990,4.4,66,https://rukminim2.flixcart.com/image/312/312/xif0q/computer/7/y/w/-original-imahg52nucyn68sk.jpeg?q=70,"Lenovo LOQ AMD Ryzen 5 Quad Core 7235HS - (24 GB/512 GB SSD/Windows 11 Home/6 GB Graphics/NVIDIA GeFor.... powered by AMD Ryzen 5. 24GB DDR5 RAM. 512.0GB SSD. NVIDIA RTX 3050 graphics. 15.6"" IPS display. weighs 2.38kg. running Windows 11 Home.",Lenovo,Luna Grey,Gaming Laptop,AMD,Ryzen 5,24,DDR5,NVIDIA,RTX 3050,TRUE,512,SSD,15.6,IPS,FALSE,2.38,,Windows 11 Home,TRUE,TRUE,TRUE,TRUE,FALSE
laptop,DELL 15 Intel Core i3 13th Gen 1305U - (16 GB/512 GB SSD/Windows 11 Home) OVN353025001RING1O Thin and ...,https://www.flipkart.com/dell-15-intel-core-i3-13th-gen-1305u-16-gb-512-gb-ssd-windows-11-home-ovn353025001ring1o-thin-light-laptop/p/itmb007cf7efac41?pid=COMHD99W94EPN2H2&lid=LSTCOMHD99W94EPN2H28GBQQL&marketplace=FLIPKART&store=6bo%2Fb5g&srno=b_17_397&otracker=browse&fm=organic&iid=en_FKLkw9CRL6l-0hqZ3BI8G-q0EfAnDOC1JuhlH5EuOyQkxLgX6BaZBsBS-J74Xl4phn0uaKkgWn3tpmatqZbcEfUFjCTyOHoHZs-Z5_PS_w0%3D&ppt=None&ppn=None&ssid=gur8mt2kj40000001764345752033,38990,4.2,31,https://rukminim2.flixcart.com/image/312/312/xif0q/computer/f/i/b/-original-imahgx8ws7ypyhmd.jpeg?q=70,"DELL 15 Intel Core i3 13th Gen 1305U - (16 GB/512 GB SSD/Windows 11 Home) OVN353025001RING1O Thin and .... powered by Intel Core i3. 16GB DDR4 RAM. 512.0GB SSD. 15.6"" HD display. weighs 1.66kg. running Windows 11 Home.",DELL,Titan Grey,Thin and Light Laptop,Intel,Core i3,16,DDR4,Intel,Integrated Graphics,FALSE,512,SSD,15.6,HD,FALSE,1.66,,Windows 11 Home,FALSE,FALSE,TRUE,TRUE,TRUE
laptop,Lenovo IdeaPad Slim 5 Co-Pilot Next Gen AI PC Full Metal Snapdragon X Plus - (16 GB/1 TB SSD/Windows 1...,https://www.flipkart.com/lenovo-ideapad-slim-5-co-pilot-next-gen-ai-pc-full-metal-snapdragon-x-plus-16-gb-1-tb-ssd-windows-11-home-14q8x9-thin-light-laptop/p/itm8a59041fc8c0f?pid=COMH4N9CZ7JKPQQC&lid=LSTCOMH4N9CZ7JKPQQCOFLXDU&marketplace=FLIPKART&store=6bo%2Fb5g&srno=b_17_398&otracker=browse&fm=organic&iid=en_FKLkw9CRL6l-0hqZ3BI8G-q0EfAnDOC1JuhlH5EuOyRXhGoWlAZAgIuDFotT-bRksQZOMXCSfQ57uU2tYWgzIvUFjCTyOHoHZs-Z5_PS_w0%3D&ppt=None&ppn=None&ssid=gur8mt2kj40000001764345752033,57990,4.1,68,https://rukminim2.flixcart.com/image/312/312/xif0q/computer/6/l/r/-original-imahg5fxwyqndjhu.jpeg?q=70,"Lenovo IdeaPad Slim 5 Co-Pilot Next Gen AI PC Full Metal Snapdragon X Plus - (16 GB/1 TB SSD/Windows 1.... powered by Snapdragon X Plus. 16GB LPDDR5X RAM. 1024.0GB SSD. 14.0"" IPS display. weighs 1.48kg. running Windows 11 Home.",Lenovo,Cloud Grey,Thin and Light Laptop,Snapdragon,X Plus,16,LPDDR5X,Qualcomm,Adreno,FALSE,1024,SSD,14,IPS,FALSE,1.48,,Windows 11 Home,FALSE,FALSE,TRUE,TRUE,TRUE
laptop,"ASUS Vivobook 16 (2025) with Office 2024 + M365 Basic, AI PC Intel Core Ultra 5 - (16 GB/512 GB SSD/Wi...",https://www.flipkart.com/asus-vivobook-16-2025-office-2024-m365-basic-ai-pc-intel-core-ultra-5-16-gb-512-gb-ssd-windows-11-home-x1607ca-mb142ws-laptop/p/itm6e5fc45e4e812?pid=COMH89EBYFHZZGMH&lid=LSTCOMH89EBYFHZZGMHORI9FR&marketplace=FLIPKART&store=6bo%2Fb5g&srno=b_17_399&otracker=browse&fm=organic&iid=0b809102-a208-4bdf-aeb2-837f79677226.COMH89EBYFHZZGMH.SEARCH&ppt=None&ppn=None&ssid=gur8mt2kj40000001764345752033,66000,4.4,1,https://rukminim2.flixcart.com/image/312/312/xif0q/computer/q/d/h/-original-imah9d7pny8wwysj.jpeg?q=70,"ASUS Vivobook 16 (2025) with Office 2024 + M365 Basic, AI PC Intel Core Ultra 5 - (16 GB/512 GB SSD/Wi.... powered by Intel Core Ultra 5. 16GB DDR5 RAM. 512.0GB SSD. 16.0"" Full HD display. weighs 1.88kg. running Windows 11 Home.",ASUS,Cool Silver,Laptop,Intel,Core Ultra 5,16,DDR5,Intel,Integrated Graphics,FALSE,512,SSD,16,Full HD,FALSE,1.88,,Windows 11 Home,FALSE,FALSE,TRUE,TRUE,TRUE
laptop,Lenovo V15 AMD Ryzen 5 Quad Core 7520U - (16 GB/512 GB SSD/Windows 11 Home) V15 Thin and Light Laptop,https://www.flipkart.com/lenovo-v15-amd-ryzen-5-quad-core-7520u-16-gb-512-gb-ssd-windows-11-home-thin-light-laptop/p/itmd7282dfaeb5de?pid=COMHATEAHZYGZ6KF&lid=LSTCOMHATEAHZYGZ6KF1KHQ02&marketplace=FLIPKART&store=6bo%2Fb5g&srno=b_17_400&otracker=browse&fm=organic&iid=0b809102-a208-4bdf-aeb2-837f79677226.COMHATEAHZYGZ6KF.SEARCH&ppt=None&ppn=None&ssid=gur8mt2kj40000001764345752033,37890,4.1,154,https://rukminim2.flixcart.com/image/312/312/xif0q/computer/o/p/v/v15-g4-thin-and-light-laptop-lenovo-original-imahasn4skjzwefy.jpeg?q=70,"Lenovo V15 AMD Ryzen 5 Quad Core 7520U - (16 GB/512 GB SSD/Windows 11 Home) V15 Thin and Light Laptop. powered by AMD Ryzen 5. 16GB DDR4 RAM. 512.0GB SSD. AMD Radeon Amd graphics. 15.6"" HD display. weighs 1.62kg. running Windows 11 Home.",Lenovo,Iron Grey,Thin and Light Laptop,AMD,Ryzen 5,16,DDR4,AMD,Radeon Amd,TRUE,512,SSD,15.6,HD,FALSE,1.62,,Windows 11 Home,TRUE,TRUE,TRUE,TRUE,TRUE
laptop,ASUS Vivobook Go 15 AMD Ryzen 3 Quad Core 7320U - (8 GB/512 GB SSD/Windows 11 Home) E1504FA-NJ130WS | ...,https://www.flipkart.com/asus-vivobook-go-15-amd-ryzen-3-quad-core-7320u-8-gb-512-gb-ssd-windows-11-home-e1504fa-nj130ws-e1504fa-bq2322ws-thin-light-laptop/p/itm9af4f3b5de2ff?pid=COMH94992SQ8HYGZ&lid=LSTCOMH94992SQ8HYGZMHVF97&marketplace=FLIPKART&store=6bo%2Fb5g&srno=b_17_401&otracker=browse&fm=organic&iid=en_FKLkw9CRL6l-0hqZ3BI8G-q0EfAnDOC1JuhlH5EuOyQfS33n59a61a0Fg9ZTEBY5AZUylytcEKYA_kTv_pI5n_UFjCTyOHoHZs-Z5_PS_w0%3D&ppt=None&ppn=None&ssid=gur8mt2kj40000001764345752033,30990,4.3,94,https://rukminim2.flixcart.com/image/312/312/xif0q/computer/m/y/o/-original-imahg5fxjta7gns7.jpeg?q=70,"ASUS Vivobook Go 15 AMD Ryzen 3 Quad Core 7320U - (8 GB/512 GB SSD/Windows 11 Home) E1504FA-NJ130WS | .... powered by AMD Ryzen 3. 8GB LPDDR5 RAM. 512.0GB SSD. AMD Radeon Amd graphics. 15.6"" Full HD display. weighs 1.63kg. running Windows 11 Home.",ASUS,Mixed Black,Thin and Light Laptop,AMD,Ryzen 3,8,LPDDR5,AMD,Radeon Amd,TRUE,512,SSD,15.6,Full HD,FALSE,1.63,,Windows 11 Home,TRUE,FALSE,FALSE,TRUE,TRUE
laptop,ASUS Vivobook Go 15 AMD Ryzen 5 Quad Core 7520U - (8 GB/512 GB SSD/Windows 11 Home) E1504FA-NJ132WS | ...,https://www.flipkart.com/asus-vivobook-go-15-amd-ryzen-5-quad-core-7520u-8-gb-512-gb-ssd-windows-11-home-e1504fa-nj132ws-e1504fa-nj521ws-thin-light-laptop/p/itm657eb80ea799a?pid=COMH9499JNGDGTZ5&lid=LSTCOMH9499JNGDGTZ5WJGUDN&marketplace=FLIPKART&store=6bo%2Fb5g&srno=b_17_402&otracker=browse&fm=organic&iid=en_FKLkw9CRL6l-0hqZ3BI8G-q0EfAnDOC1JuhlH5EuOyTSsOPA258koKDij1lr_6f9xu0SnwRnU0-3x48vd2ae0KV8WX5krIChubBlraAu4CQ%3D&ppt=None&ppn=None&ssid=gur8mt2kj40000001764345752033,36990,4.2,49,https://rukminim2.flixcart.com/image/312/312/xif0q/computer/k/b/i/-original-imahg53xeuxqm6bv.jpeg?q=70,"ASUS Vivobook Go 15 AMD Ryzen 5 Quad Core 7520U - (8 GB/512 GB SSD/Windows 11 Home) E1504FA-NJ132WS | .... powered by AMD Ryzen 5. 8GB LPDDR5 RAM. 512.0GB SSD. AMD Radeon Amd graphics. 15.6"" Full HD display. weighs 1.63kg. running Windows 11 Home.",ASUS,Cool Silver,Thin and Light Laptop,AMD,Ryzen 5,8,LPDDR5,AMD,Radeon Amd,TRUE,512,SSD,15.6,Full HD,FALSE,1.63,,Windows 11 Home,TRUE,FALSE,FALSE,TRUE,TRUE
laptop,MSI Modern 14 Intel Core i5 13th Gen 1335U - (8 GB/512 GB SSD/Windows 11 Home) Modern 14 C13M-437IN Th...,https://www.flipkart.com/msi-modern-14-intel-core-i5-13th-gen-1335u-8-gb-512-gb-ssd-windows-11-home-c13m-437in-thin-light-laptop/p/itm369c13c116a09?pid=COMGMV6VYGAAAHYT&lid=LSTCOMGMV6VYGAAAHYT294L6U&marketplace=FLIPKART&store=6bo%2Fb5g&srno=b_17_403&otracker=browse&fm=organic&iid=0b809102-a208-4bdf-aeb2-837f79677226.COMGMV6VYGAAAHYT.SEARCH&ppt=None&ppn=None&ssid=gur8mt2kj40000001764345752033,42990,4.3,11,https://rukminim2.flixcart.com/image/312/312/xif0q/computer/a/9/y/-original-imahg53uszr5tcwy.jpeg?q=70,"MSI Modern 14 Intel Core i5 13th Gen 1335U - (8 GB/512 GB SSD/Windows 11 Home) Modern 14 C13M-437IN Th.... powered by Intel Core i5. 8GB DDR4 RAM. 512.0GB SSD. 14.0"" IPS display. weighs 1.4kg. running Windows 11 Home.",MSI,Classic Black,Thin and Light Laptop,Intel,Core i5,8,DDR4,Intel,Iris Xe,FALSE,512,SSD,14,IPS,FALSE,1.4,,Windows 11 Home,FALSE,FALSE,FALSE,TRUE,TRUE
laptop,Lenovo IdeaPad 3 Intel Core i3 12th Gen 1215U - (8 GB/512 GB SSD/Windows 11 Home) 14IAU7 Thin and Ligh...,https://www.flipkart.com/lenovo-ideapad-3-intel-core-i3-12th-gen-1215u-8-gb-512-gb-ssd-windows-11-home-14iau7-thin-light-laptop/p/itm726ac134d0530?pid=COMHFYZ3VJ36ZTJZ&lid=LSTCOMHFYZ3VJ36ZTJZGRHDNQ&marketplace=FLIPKART&store=6bo%2Fb5g&srno=b_17_404&otracker=browse&fm=organic&iid=0b809102-a208-4bdf-aeb2-837f79677226.COMHFYZ3VJ36ZTJZ.SEARCH&ppt=None&ppn=None&ssid=gur8mt2kj40000001764345752033,32990,4.2,22,https://rukminim2.flixcart.com/image/312/312/xif0q/computer/2/m/f/-original-imahg5fyfn2bnnmr.jpeg?q=70,"Lenovo IdeaPad 3 Intel Core i3 12th Gen 1215U - (8 GB/512 GB SSD/Windows 11 Home) 14IAU7 Thin and Ligh.... powered by Intel Core i3. 8GB DDR4 RAM. 512.0GB SSD. 14.0"" HD display. weighs 1.43kg. running Windows 11 Home.",Lenovo,Arctic Grey,Thin and Light Laptop,Intel,Core i3,8,DDR4,Intel,Integrated Graphics,FALSE,512,SSD,14,HD,FALSE,1.43,,Windows 11 Home,FALSE,FALSE,FALSE,TRUE,TRUE
laptop,MOTOROLA Motobook 60 Full Metal OLED (i7 14th Gen) Intel Core 7 (Series 2) 240H - (16 GB/1 TB SSD/Wind...,https://www.flipkart.com/motorola-motobook-60-full-metal-oled-i7-14th-gen-intel-core-7-series-2-240h-16-gb-1-tb-ssd-windows-11-home-14irh10r-thin-light-laptop/p/itmd38998009f90e?pid=COMHAUZWMJNUBXVE&lid=LSTCOMHAUZWMJNUBXVEFCZ6QJ&marketplace=FLIPKART&store=6bo%2Fb5g&srno=b_17_405&otracker=browse&fm=organic&iid=en_FKLkw9CRL6l-0hqZ3BI8G-q0EfAnDOC1JuhlH5EuOySiZNSe7On33RHWABrfHza2hGcrGrhN2tt-ZOW4zUSuE04IsYyWu-Pj9cxFjFAoaLk%3D&ppt=None&ppn=None&ssid=gur8mt2kj40000001764345752033,58990,4.4,69,https://rukminim2.flixcart.com/image/312/312/xif0q/computer/g/r/p/-original-imahg5ftvnmqhgqp.jpeg?q=70,"MOTOROLA Motobook 60 Full Metal OLED (i7 14th Gen) Intel Core 7 (Series 2) 240H - (16 GB/1 TB SSD/Wind.... powered by Intel Core 7 (Series 2). 16GB DDR5 RAM. 1024.0GB SSD. 14.0"" OLED display. weighs 1.4kg. running Windows 11 Home.",MOTOROLA,PANTONE Bronze Green,Thin and Light Laptop,Intel,Core 7 (Series 2),16,DDR5,Intel,Integrated Graphics,FALSE,1024,SSD,14,OLED,FALSE,1.4,,Windows 11 Home,FALSE,FALSE,TRUE,TRUE,TRUE
laptop,Lenovo IdeaPad Slim 3 AMD Ryzen 5 Quad Core 7520U - (8 GB/512 GB SSD/Windows 11 Home) 14AMN8 Thin and ...,https://www.flipkart.com/lenovo-ideapad-slim-3-amd-ryzen-5-quad-core-7520u-8-gb-512-gb-ssd-windows-11-home-14amn8-thin-light-laptop/p/itm726ac134d0530?pid=COMH44PGWYAKK7C4&lid=LSTCOMH44PGWYAKK7C4AXVM5A&marketplace=FLIPKART&store=6bo%2Fb5g&srno=b_17_406&otracker=browse&fm=organic&iid=0b809102-a208-4bdf-aeb2-837f79677226.COMH44PGWYAKK7C4.SEARCH&ppt=None&ppn=None&ssid=gur8mt2kj40000001764345752033,40490,4,19,https://rukminim2.flixcart.com/image/312/312/xif0q/computer/f/8/k/-original-imahg52jgnkyfvpx.jpeg?q=70,"Lenovo IdeaPad Slim 3 AMD Ryzen 5 Quad Core 7520U - (8 GB/512 GB SSD/Windows 11 Home) 14AMN8 Thin and .... powered by AMD Ryzen 5. 8GB LPDDR5 RAM. 512.0GB SSD. AMD Radeon Amd graphics. 14.0"" HD display. weighs 1.37kg. running Windows 11 Home.",Lenovo,Arctic Grey,Thin and Light Laptop,AMD,Ryzen 5,8,LPDDR5,AMD,Radeon Amd,TRUE,512,SSD,14,HD,FALSE,1.37,,Windows 11 Home,TRUE,FALSE,FALSE,TRUE,TRUE
laptop,"ASUS Vivobook S16 OLED (2025) with Backlit Keyboard, Metal Body*, Qualcomm Snapdragon X - (16 GB/512 G...",https://www.flipkart.com/asus-vivobook-s16-oled-2025-backlit-keyboard-metal-body-qualcomm-snapdragon-x-16-gb-512-gb-ssd-windows-11-home-s3607qa-sh078ws-thin-light-laptop/p/itm252509f1beb81?pid=COMHCQ5EYNZ2HRWW&lid=LSTCOMHCQ5EYNZ2HRWWUYQZ3F&marketplace=FLIPKART&store=6bo%2Fb5g&srno=b_17_407&otracker=browse&fm=organic&iid=en_FKLkw9CRL6l-0hqZ3BI8G-q0EfAnDOC1JuhlH5EuOyTjfImrT04cUuDhfPrvmEl7W8cb0MjlVyzUTxFrorRXaBhTy0lUJ14SzoMSv_CzLF0%3D&ppt=None&ppn=None&ssid=gur8mt2kj40000001764345752033,71990,4.4,51,https://rukminim2.flixcart.com/image/312/312/xif0q/computer/g/4/k/-original-imahfn3geekjdudx.jpeg?q=70,"ASUS Vivobook S16 OLED (2025) with Backlit Keyboard, Metal Body*, Qualcomm Snapdragon X - (16 GB/512 G.... powered by Qualcomm Snapdragon X. 16GB LPDDR5X RAM. 512.0GB SSD. 16.0"" Full HD display. weighs 1.74kg. running Windows 11 Home.",ASUS,Pink,Thin and Light Laptop,Qualcomm,Snapdragon X,16,LPDDR5X,Qualcomm,Adreno,FALSE,512,SSD,16,Full HD,FALSE,1.74,,Windows 11 Home,FALSE,FALSE,TRUE,TRUE,TRUE
laptop,"ASUS Vivobook S14 Flip (2025) with Office 2024 + M365 Basic*, Backlit Keyboard, Intel Core i5 13th Gen...",https://www.flipkart.com/asus-vivobook-s14-flip-2025-office-2024-m365-basic-backlit-keyboard-intel-core-i5-13th-gen-13420h-16-gb-512-gb-ssd-windows-11-home-tp3402vao-lz612ws-2-1-laptop/p/itme494b3629a714?pid=COMH9SJ9VAJ7ZD99&lid=LSTCOMH9SJ9VAJ7ZD99ZNVNMB&marketplace=FLIPKART&store=6bo%2Fb5g&srno=b_17_408&otracker=browse&fm=organic&iid=en_FKLkw9CRL6l-0hqZ3BI8G-q0EfAnDOC1JuhlH5EuOyTN3P7Fb5hkGCE_In_N3tWy3JJreNqE10axEDA06lGYnH3Gaq_wzx4HJysDmGalzMk%3D&ppt=None&ppn=None&ssid=gur8mt2kj40000001764345752033,63990,4.4,51,https://rukminim2.flixcart.com/image/312/312/xif0q/computer/a/s/e/-original-imahg4ut9hnhkwhg.jpeg?q=70,"ASUS Vivobook S14 Flip (2025) with Office 2024 + M365 Basic*, Backlit Keyboard, Intel Core i5 13th Gen.... powered by Intel Core i5. 16GB DDR4 RAM. 512.0GB SSD. 14.0"" IPS display. weighs 1.65kg. running Windows 11 Home.",ASUS,Transparent Silver,2 in 1 Laptop,Intel,Core i5,16,DDR4,Intel,Integrated Graphics,FALSE,512,SSD,14,IPS,FALSE,1.65,,Windows 11 Home,FALSE,FALSE,TRUE,TRUE,TRUE
laptop,Lenovo Yoga Slim 6 WUXGA OLED Intel Core i7 13th Gen 13700H - (16 GB/512 GB SSD/Windows 11 Home) 14IRH...,https://www.flipkart.com/lenovo-yoga-slim-6-wuxga-oled-intel-core-i7-13th-gen-13700h-16-gb-512-gb-ssd-windows-11-home-14irh8-thin-light-laptop/p/itmae04103d75ff9?pid=COMGSVFEDWMZEGZP&lid=LSTCOMGSVFEDWMZEGZPSEESIE&marketplace=FLIPKART&store=6bo%2Fb5g&srno=b_18_409&otracker=browse&fm=organic&iid=bf21bcbb-8b37-4a98-9cf0-286c150d532e.COMGSVFEDWMZEGZP.SEARCH&ppt=None&ppn=None&ssid=zygj1evb400000001764345760188,88000,4.6,1,https://rukminim2.flixcart.com/image/312/312/xif0q/computer/3/n/r/-original-imahg4ut4tgqhkxb.jpeg?q=70,"Lenovo Yoga Slim 6 WUXGA OLED Intel Core i7 13th Gen 13700H - (16 GB/512 GB SSD/Windows 11 Home) 14IRH.... powered by Intel Core i7. 16GB LPDDR5X RAM. 512.0GB SSD. 13.9"" OLED display. weighs 1.35kg. running Windows 11 Home.",Lenovo,Storm Grey,Thin and Light Laptop,Intel,Core i7,16,LPDDR5X,Intel,Iris Xe,FALSE,512,SSD,13.9,OLED,FALSE,1.35,,Windows 11 Home,FALSE,FALSE,TRUE,TRUE,TRUE
laptop,Lenovo Yoga Slim 6 WUXGA OLED Intel Core i5 13th Gen 13500H - (16 GB/1 TB SSD/Windows 11 Home) 14IRH8 ...,https://www.flipkart.com/lenovo-yoga-slim-6-wuxga-oled-intel-core-i5-13th-gen-13500h-16-gb-1-tb-ssd-windows-11-home-14irh8-thin-light-laptop/p/itmae04103d75ff9?pid=COMHYZZHAG49RY2F&lid=LSTCOMHYZZHAG49RY2FC339EZ&marketplace=FLIPKART&store=6bo%2Fb5g&srno=b_18_410&otracker=browse&fm=organic&iid=bf21bcbb-8b37-4a98-9cf0-286c150d532e.COMHYZZHAG49RY2F.SEARCH&ppt=None&ppn=None&ssid=zygj1evb400000001764345760188,74990,4.4,55,https://rukminim2.flixcart.com/image/312/312/xif0q/computer/6/q/s/-original-imahg5fuyuhzzhng.jpeg?q=70,"Lenovo Yoga Slim 6 WUXGA OLED Intel Core i5 13th Gen 13500H - (16 GB/1 TB SSD/Windows 11 Home) 14IRH8 .... powered by Intel Core i5. 16GB LPDDR5X RAM. 1024.0GB SSD. 14.0"" OLED display. weighs 1.35kg. running Windows 11 Home.",Lenovo,Storm Grey,Thin and Light Laptop,Intel,Core i5,16,LPDDR5X,Intel,Iris Xe,FALSE,1024,SSD,14,OLED,FALSE,1.35,,Windows 11 Home,FALSE,FALSE,TRUE,TRUE,TRUE
laptop,Samsung Galaxy Book4 Edge Series Copilot AI-PC Full Metal Chasis Qualcomm Snapdragon X - (16 GB/512 GB...,https://www.flipkart.com/samsung-galaxy-book4-edge-series-copilot-ai-pc-full-metal-chasis-qualcomm-snapdragon-x-16-gb-512-gb-ssd-windows-11-home-np750xqb-ka1in-thin-light-laptop/p/itm1d61ec8d90cc7?pid=COMHE4ATFWNVHXHS&lid=LSTCOMHE4ATFWNVHXHSIHS0FO&marketplace=FLIPKART&store=6bo%2Fb5g&srno=b_18_411&otracker=browse&fm=organic&iid=en_Dap59FPzYTY8jVxYLE2C0h0aNqCtTXlHCFwTEmgLEEIO6QwueL7_swdJM8ly1n48Q71Y6DzfE2Py1YOKCzM1GPUFjCTyOHoHZs-Z5_PS_w0%3D&ppt=None&ppn=None&ssid=zygj1evb400000001764345760188,64990,4.4,128,https://rukminim2.flixcart.com/image/312/312/xif0q/computer/a/g/p/-original-imahgwkqughzkwt3.jpeg?q=70,"Samsung Galaxy Book4 Edge Series Copilot AI-PC Full Metal Chasis Qualcomm Snapdragon X - (16 GB/512 GB.... powered by Qualcomm Snapdragon X. 16GB LPDDR5X RAM. 512.0GB SSD. 15.6"" HD display. weighs 1.55kg. running Windows 11 Home.",Samsung,Sapphire Blue,Thin and Light Laptop,Qualcomm,Snapdragon X,16,LPDDR5X,Qualcomm,Adreno,FALSE,512,SSD,15.6,HD,FALSE,1.55,,Windows 11 Home,FALSE,FALSE,TRUE,TRUE,TRUE
laptop,"ASUS Vivobook 15 (2025) with Office 2024 + M365 Basic*, Intel Core i3 13th Gen 1315U - (8 GB/512 GB SS...",https://www.flipkart.com/asus-vivobook-15-2025-office-2024-m365-basic-intel-core-i3-13th-gen-1315u-8-gb-512-gb-ssd-windows-11-home-x1504va-nj3700ws-thin-light-laptop/p/itmf31c79724a398?pid=COMHCQ5ECZZV6THK&lid=LSTCOMHCQ5ECZZV6THKTW8YMF&marketplace=FLIPKART&store=6bo%2Fb5g&srno=b_18_412&otracker=browse&fm=organic&iid=en_Dap59FPzYTY8jVxYLE2C0h0aNqCtTXlHCFwTEmgLEELTpWFvt-La65AtlvQU1fUN33jN4jhGgPcCWMhB0VVnE_UFjCTyOHoHZs-Z5_PS_w0%3D&ppt=None&ppn=None&ssid=zygj1evb400000001764345760188,34990,4.3,163,https://rukminim2.flixcart.com/image/312/312/xif0q/computer/b/l/v/-original-imahgfdffszmurd7.jpeg?q=70,"ASUS Vivobook 15 (2025) with Office 2024 + M365 Basic*, Intel Core i3 13th Gen 1315U - (8 GB/512 GB SS.... powered by Intel Core i3. 8GB DDR4 RAM. 512.0GB SSD. 15.6"" Full HD display. weighs 1.7kg. running Windows 11 Home.",ASUS,Terra Cotta,Thin and Light Laptop,Intel,Core i3,8,DDR4,Intel,Integrated Graphics,FALSE,512,SSD,15.6,Full HD,FALSE,1.7,,Windows 11 Home,FALSE,FALSE,FALSE,TRUE,TRUE
laptop,DELL Inspiron 15 3530 Intel Core i5 13th Gen - (8 GB/1 TB SSD/Windows 11 Home) IN3530RW8JY001ORS1 Thin...,https://www.flipkart.com/dell-inspiron-15-3530-intel-core-i5-13th-gen-8-gb-1-tb-ssd-windows-11-home-in3530rw8jy001ors1-thin-light-laptop/p/itm1e8ad2b18043a?pid=COMGSPFG79BDFZ35&lid=LSTCOMGSPFG79BDFZ35TUKMYT&marketplace=FLIPKART&store=6bo%2Fb5g&srno=b_18_413&otracker=browse&fm=organic&iid=bf21bcbb-8b37-4a98-9cf0-286c150d532e.COMGSPFG79BDFZ35.SEARCH&ppt=None&ppn=None&ssid=zygj1evb400000001764345760188,57990,4.2,55,https://rukminim2.flixcart.com/image/312/312/xif0q/computer/4/e/b/inspiron-3530-laptop-dell-original-imagsvrzwyxxfnu6.jpeg?q=70,"DELL Inspiron 15 3530 Intel Core i5 13th Gen - (8 GB/1 TB SSD/Windows 11 Home) IN3530RW8JY001ORS1 Thin.... powered by Intel Core i5. 8GB DDR4 RAM. 1024.0GB SSD. 15.6"" LCD display. running Windows 11 Home.",DELL,Platinum Silver,Thin and Light Laptop,Intel,Core i5,8,DDR4,Intel,Integrated Graphics,FALSE,1024,SSD,15.6,LCD,FALSE,,,Windows 11 Home,FALSE,FALSE,FALSE,FALSE,FALSE
laptop,Samsung Galaxy Book4 Intel Core 5 120U - (8 GB/512 GB SSD/Windows 11 Home) NP750XGK-KG1IN / NP750XGK-L...,https://www.flipkart.com/samsung-galaxy-book4-intel-core-5-120u-8-gb-512-gb-ssd-windows-11-home-np750xgk-kg1in-np750xgk-lg1in-thin-light-laptop/p/itm536cb1c70f7b7?pid=COMGYQ26YYPATGUG&lid=LSTCOMGYQ26YYPATGUGFOYH0K&marketplace=FLIPKART&store=6bo%2Fb5g&srno=b_18_414&otracker=browse&fm=organic&iid=bf21bcbb-8b37-4a98-9cf0-286c150d532e.COMGYQ26YYPATGUG.SEARCH&ppt=None&ppn=None&ssid=zygj1evb400000001764345760188,59499,4.4,32,https://rukminim2.flixcart.com/image/312/312/xif0q/computer/8/v/4/-original-imahg52n6cfyqvmt.jpeg?q=70,"Samsung Galaxy Book4 Intel Core 5 120U - (8 GB/512 GB SSD/Windows 11 Home) NP750XGK-KG1IN / NP750XGK-L.... powered by Intel Core 5. 8GB LPDDR4X RAM. 512.0GB SSD. 15.6"" IPS display. weighs 1.55kg. running Windows 11 Home.",Samsung,Gray,Thin and Light Laptop,Intel,Core 5,8,LPDDR4X,Intel,Iris Xe,FALSE,512,SSD,15.6,IPS,FALSE,1.55,,Windows 11 Home,FALSE,FALSE,FALSE,TRUE,TRUE
laptop,Lenovo IdeaPad Slim 3 Next Gen AI PC WUXGA IPS Copilot + PC Qualcomm Snapdragon X - (16 GB/512 GB SSD/...,https://www.flipkart.com/lenovo-ideapad-slim-3-next-gen-ai-pc-wuxga-ips-copilot-qualcomm-snapdragon-x-16-gb-512-gb-ssd-windows-11-home-15q8x10-thin-light-laptop/p/itm097ac7e15511b?pid=COMHDMJYDGBTMJXG&lid=LSTCOMHDMJYDGBTMJXG112MJM&marketplace=FLIPKART&store=6bo%2Fb5g&srno=b_18_415&otracker=browse&fm=organic&iid=en_Dap59FPzYTY8jVxYLE2C0h0aNqCtTXlHCFwTEmgLEELdCFzaAzAk8FAwC1juqXOiCyFnIq7oQjZv4QTW91eeV_UFjCTyOHoHZs-Z5_PS_w0%3D&ppt=None&ppn=None&ssid=zygj1evb400000001764345760188,49990,4.3,27,https://rukminim2.flixcart.com/image/312/312/xif0q/computer/d/z/z/-original-imahgfdfx3hhguyc.jpeg?q=70,"Lenovo IdeaPad Slim 3 Next Gen AI PC WUXGA IPS Copilot + PC Qualcomm Snapdragon X - (16 GB/512 GB SSD/.... powered by Qualcomm Snapdragon X. 16GB LPDDR5X RAM. 512.0GB SSD. 15.3"" IPS display. weighs 1.55kg. running Windows 11 Home.",Lenovo,Luna Grey,Thin and Light Laptop,Qualcomm,Snapdragon X,16,LPDDR5X,Qualcomm,Adreno,FALSE,512,SSD,15.3,IPS,FALSE,1.55,50,Windows 11 Home,FALSE,FALSE,TRUE,TRUE,TRUE
laptop,Lenovo V14 Intel Core i7 12th Gen 1255U - (16 GB/512 GB SSD/Windows 11 Home) V14 Thin and Light Laptop,https://www.flipkart.com/lenovo-v14-intel-core-i7-12th-gen-1255u-16-gb-512-gb-ssd-windows-11-home-thin-light-laptop/p/itmd9e399c20f483?pid=COMHATEYE6EA7VHT&lid=LSTCOMHATEYE6EA7VHTGFIPHB&marketplace=FLIPKART&store=6bo%2Fb5g&srno=b_18_416&otracker=browse&fm=organic&iid=bf21bcbb-8b37-4a98-9cf0-286c150d532e.COMHATEYE6EA7VHT.SEARCH&ppt=None&ppn=None&ssid=zygj1evb400000001764345760188,56990,4.1,135,https://rukminim2.flixcart.com/image/312/312/xif0q/computer/q/e/7/lenovo-v14-g3-iap-thin-and-light-laptop-lenovo-original-imahaxfhsddxwnc7.jpeg?q=70,"Lenovo V14 Intel Core i7 12th Gen 1255U - (16 GB/512 GB SSD/Windows 11 Home) V14 Thin and Light Laptop. powered by Intel Core i7. 16GB DDR4 RAM. 512.0GB SSD. 14.0"" Full HD display. weighs 1.62kg. running Windows 11 Home.",Lenovo,Iron Grey,Thin and Light Laptop,Intel,Core i7,16,DDR4,Intel,Iris Xe,FALSE,512,SSD,14,Full HD,FALSE,1.62,,Windows 11 Home,FALSE,FALSE,TRUE,TRUE,TRUE
laptop,Acer Aspire 3 Intel Core i3 13th Gen 1305U - (8 GB/512 GB SSD/Windows 11 Home) A324-53 Thin and Light ...,https://www.flipkart.com/acer-aspire-3-intel-core-i3-13th-gen-1305u-8-gb-512-gb-ssd-windows-11-home-a324-53-thin-light-laptop/p/itma6a6812aa712e?pid=COMH4B6CGTPNVJW9&lid=LSTCOMH4B6CGTPNVJW9JOF4ZC&marketplace=FLIPKART&store=6bo%2Fb5g&srno=b_18_417&otracker=browse&fm=organic&iid=en_Dap59FPzYTY8jVxYLE2C0h0aNqCtTXlHCFwTEmgLEELs8MDJVb6eoDdM-mFwfXxGp5iBsv_cHJc2xbWysDCSOfUFjCTyOHoHZs-Z5_PS_w0%3D&ppt=None&ppn=None&ssid=zygj1evb400000001764345760188,30990,4.3,233,https://rukminim2.flixcart.com/image/312/312/xif0q/computer/r/p/w/-original-imahg5fxzmyzbkv8.jpeg?q=70,"Acer Aspire 3 Intel Core i3 13th Gen 1305U - (8 GB/512 GB SSD/Windows 11 Home) A324-53 Thin and Light .... powered by Intel Core i3. 8GB DDR4 RAM. 512.0GB SSD. 14.0"" HD display. weighs 1.45kg. running Windows 11 Home.",Acer,Steel Gray,Thin and Light Laptop,Intel,Core i3,8,DDR4,Intel,Integrated Graphics,FALSE,512,SSD,14,HD,FALSE,1.45,,Windows 11 Home,FALSE,FALSE,FALSE,TRUE,TRUE
laptop,"ASUS Vivobook 15 (2025) (i5 14th Gen) with MSO 2024 + M365 Basic*, Backlit Keyboard, Intel Core 5 120U...",https://www.flipkart.com/asus-vivobook-15-2025-i5-14th-gen-mso-2024-m365-basic-backlit-keyboard-intel-core-5-120u-16-gb-512-gb-ssd-windows-11-home-x1504vap-nj2862ws-thin-light-laptop/p/itm509f174cc1a04?pid=COMHDG7CFDWVKYMZ&lid=LSTCOMHDG7CFDWVKYMZSDYMWT&marketplace=FLIPKART&store=6bo%2Fb5g&srno=b_18_418&otracker=browse&fm=organic&iid=en_Dap59FPzYTY8jVxYLE2C0h0aNqCtTXlHCFwTEmgLEEKWTvl-Pp9t39g-BV2DuQE0ikhvvgctbgR8FHHfjnxqGfUFjCTyOHoHZs-Z5_PS_w0%3D&ppt=None&ppn=None&ssid=zygj1evb400000001764345760188,49990,4.3,79,https://rukminim2.flixcart.com/image/312/312/xif0q/computer/k/u/e/-original-imahcd8gzqjnp2vv.jpeg?q=70,"ASUS Vivobook 15 (2025) (i5 14th Gen) with MSO 2024 + M365 Basic*, Backlit Keyboard, Intel Core 5 120U.... powered by Intel Core 5. 16GB DDR4 RAM. 512.0GB SSD. 15.6"" Full HD display. weighs 1.7kg. running Windows 11 Home.",ASUS,Cool Silver,Thin and Light Laptop,Intel,Core 5,16,DDR4,Intel,Integrated Graphics,FALSE,512,SSD,15.6,Full HD,FALSE,1.7,,Windows 11 Home,FALSE,FALSE,TRUE,TRUE,TRUE
laptop,"ASUS TUF Gaming F16 (2025) with Office 2024 + M365 Basic*, (i5 14th gen) Intel Core 5 210H - (16 GB/51...",https://www.flipkart.com/asus-tuf-gaming-f16-2025-office-2024-m365-basic-i5-14th-gen-intel-core-5-210h-16-gb-512-gb-ssd-windows-11-home-4-graphics-nvidia-geforce-rtx-3050a-144-hz-fx607vb-rl076ws-laptop/p/itm8e2ed6481d4cd?pid=COMH9EVVFYB6SXB8&lid=LSTCOMH9EVVFYB6SXB8HKVT1O&marketplace=FLIPKART&store=6bo%2Fb5g&srno=b_18_419&otracker=browse&fm=organic&iid=bf21bcbb-8b37-4a98-9cf0-286c150d532e.COMH9EVVFYB6SXB8.SEARCH&ppt=None&ppn=None&ssid=zygj1evb400000001764345760188,76990,4.2,6,https://rukminim2.flixcart.com/image/312/312/xif0q/computer/k/s/g/-original-imahg5fyahhzzkmk.jpeg?q=70,"ASUS TUF Gaming F16 (2025) with Office 2024 + M365 Basic*, (i5 14th gen) Intel Core 5 210H - (16 GB/51.... powered by Intel Core 5. 16GB DDR4 RAM. 512.0GB SSD. NVIDIA RTX 3050A graphics. 16.0"" Full HD display. weighs 2.2kg. running Windows 11 Home.",ASUS,Mecha Gray,Gaming Laptop,Intel,Core 5,16,DDR4,NVIDIA,RTX 3050A,TRUE,512,SSD,16,Full HD,FALSE,2.2,,Windows 11 Home,TRUE,TRUE,TRUE,TRUE,FALSE
laptop,Apple MacBook Air M4 - (24 GB/512 GB SSD/macOS Sequoia) MC6A4HN/A,https://www.flipkart.com/apple-macbook-air-m4-24-gb-512-gb-ssd-macos-sequoia-mc6a4hn-a/p/itm59e52a678fa9c?pid=COMH9ZWQNXNAPHHW&lid=LSTCOMH9ZWQNXNAPHHW9EHG1P&marketplace=FLIPKART&store=6bo%2Fb5g&srno=b_18_420&otracker=browse&fm=organic&iid=bf21bcbb-8b37-4a98-9cf0-286c150d532e.COMH9ZWQNXNAPHHW.SEARCH&ppt=None&ppn=None&ssid=zygj1evb400000001764345760188,130699,5,1,https://rukminim2.flixcart.com/image/312/312/xif0q/computer/q/o/f/-original-imahayjprdnrga3v.jpeg?q=70,"Apple MacBook Air M4 - (24 GB/512 GB SSD/macOS Sequoia) MC6A4HN/A. powered by Apple M4. 24GB Unified Memory RAM. 512.0GB SSD. 13.6"" Retina display. weighs 1.24kg. running macOS Sequoia.",Apple,Starlight,Thin and Light Laptop,Apple,M4,24,Unified Memory,,,FALSE,512,SSD,13.6,Retina,FALSE,1.24,,macOS Sequoia,FALSE,FALSE,TRUE,TRUE,TRUE
laptop,MOTOROLA Motobook 60 Full Metal OLED (i5 14th Gen) Intel Core 5 (Series 2) 210H - (16 GB/512 GB SSD/Wi...,https://www.flipkart.com/motorola-motobook-60-full-metal-oled-i5-14th-gen-intel-core-5-series-2-210h-16-gb-512-gb-ssd-windows-11-home-14irh10r-thin-light-laptop/p/itme7b254581c42e?pid=COMHAUZW4MMNNCGT&lid=LSTCOMHAUZW4MMNNCGTEVATRK&marketplace=FLIPKART&store=6bo%2Fb5g&srno=b_18_421&otracker=browse&fm=organic&iid=en_Dap59FPzYTY8jVxYLE2C0h0aNqCtTXlHCFwTEmgLEELyJiY1Maesh_y4Dto6PphbTtQ3kAa7GWVHZmlPP8GfYQ%3D%3D&ppt=None&ppn=None&ssid=zygj1evb400000001764345760188,49990,4.4,200,https://rukminim2.flixcart.com/image/312/312/xif0q/computer/g/r/p/-original-imahg5ftvnmqhgqp.jpeg?q=70,"MOTOROLA Motobook 60 Full Metal OLED (i5 14th Gen) Intel Core 5 (Series 2) 210H - (16 GB/512 GB SSD/Wi.... powered by Intel Core 5 (Series 2). 16GB DDR5 RAM. 512.0GB SSD. 14.0"" OLED display. weighs 1.4kg. running Windows 11 Home.",MOTOROLA,PANTONE Bronze Green,Thin and Light Laptop,Intel,Core 5 (Series 2),16,DDR5,Intel,Integrated Graphics,FALSE,512,SSD,14,OLED,FALSE,1.4,,Windows 11 Home,FALSE,FALSE,TRUE,TRUE,TRUE
laptop,DELL 15 Intel Core i3 13th Gen 1305U - (16 GB/512 GB SSD/Windows 11 Home) OVN353025001RING1O Thin and ...,https://www.flipkart.com/dell-15-intel-core-i3-13th-gen-1305u-16-gb-512-gb-ssd-windows-11-home-ovn353025001ring1o-thin-light-laptop/p/itmb007cf7efac41?pid=COMHD99W94EPN2H2&lid=LSTCOMHD99W94EPN2H28GBQQL&marketplace=FLIPKART&store=6bo%2Fb5g&srno=b_18_422&otracker=browse&fm=organic&iid=en_Dap59FPzYTY8jVxYLE2C0h0aNqCtTXlHCFwTEmgLEEK_gIJc-OYUcQWiVRNcKUJohn0uaKkgWn3tpmatqZbcEfUFjCTyOHoHZs-Z5_PS_w0%3D&ppt=None&ppn=None&ssid=zygj1evb400000001764345760188,38990,4.2,31,https://rukminim2.flixcart.com/image/312/312/xif0q/computer/f/i/b/-original-imahgx8ws7ypyhmd.jpeg?q=70,"DELL 15 Intel Core i3 13th Gen 1305U - (16 GB/512 GB SSD/Windows 11 Home) OVN353025001RING1O Thin and .... powered by Intel Core i3. 16GB DDR4 RAM. 512.0GB SSD. 15.6"" HD display. weighs 1.66kg. running Windows 11 Home.",DELL,Titan Grey,Thin and Light Laptop,Intel,Core i3,16,DDR4,Intel,Integrated Graphics,FALSE,512,SSD,15.6,HD,FALSE,1.66,,Windows 11 Home,FALSE,FALSE,TRUE,TRUE,TRUE
laptop,Acer Aspire 7 Intel Core i5 12th Gen 12450H - (16 GB/512 GB SSD/Windows 11 Home/4 GB Graphics/NVIDIA G...,https://www.flipkart.com/acer-aspire-7-intel-core-i5-12th-gen-12450h-16-gb-512-gb-ssd-windows-11-home-4-graphics-nvidia-geforce-rtx-3050-144-hz-a715-76g-548j-gaming-laptop/p/itm20708ce5793f7?pid=COMGP8QVTK3EQDXE&lid=LSTCOMGP8QVTK3EQDXEDMBVDN&marketplace=FLIPKART&store=6bo%2Fb5g&srno=b_18_423&otracker=browse&fm=organic&iid=bf21bcbb-8b37-4a98-9cf0-286c150d532e.COMGP8QVTK3EQDXE.SEARCH&ppt=None&ppn=None&ssid=zygj1evb400000001764345760188,62199,4.2,216,https://rukminim2.flixcart.com/image/312/312/xif0q/computer/0/0/2/-original-imahg5fxb7mgjemc.jpeg?q=70,"Acer Aspire 7 Intel Core i5 12th Gen 12450H - (16 GB/512 GB SSD/Windows 11 Home/4 GB Graphics/NVIDIA G.... powered by Intel Core i5. 16GB DDR4 RAM. 512.0GB SSD. NVIDIA RTX 3050 graphics. 15.6"" LCD display. weighs 2.1kg. running Windows 11 Home.",Acer,Charcoal Black,Gaming Laptop,Intel,Core i5,16,DDR4,NVIDIA,RTX 3050,TRUE,512,SSD,15.6,LCD,FALSE,2.1,,Windows 11 Home,TRUE,TRUE,TRUE,TRUE,FALSE
laptop,MSI Modern 14 Intel Core i3 13th Gen 1315U - (8 GB/512 GB SSD/Windows 11 Home) Modern 14 C13M-115IN Th...,https://www.flipkart.com/msi-modern-14-intel-core-i3-13th-gen-1315u-8-gb-512-gb-ssd-windows-11-home-c13m-115in-thin-light-laptop/p/itmc778cc72a0aa4?pid=COMGMV6V6ZAUMWEH&lid=LSTCOMGMV6V6ZAUMWEHX12DJK&marketplace=FLIPKART&store=6bo%2Fb5g&srno=b_18_424&otracker=browse&fm=organic&iid=bf21bcbb-8b37-4a98-9cf0-286c150d532e.COMGMV6V6ZAUMWEH.SEARCH&ppt=None&ppn=None&ssid=zygj1evb400000001764345760188,33990,4.3,15,https://rukminim2.flixcart.com/image/312/312/xif0q/computer/h/a/e/-original-imahg4uv5q6zgxwq.jpeg?q=70,"MSI Modern 14 Intel Core i3 13th Gen 1315U - (8 GB/512 GB SSD/Windows 11 Home) Modern 14 C13M-115IN Th.... powered by Intel Core i3. 8GB DDR4 RAM. 512.0GB SSD. 14.0"" IPS display. weighs 1.4kg. running Windows 11 Home.",MSI,Silver,Thin and Light Laptop,Intel,Core i3,8,DDR4,Intel,Integrated Graphics,FALSE,512,SSD,14,IPS,FALSE,1.4,,Windows 11 Home,FALSE,FALSE,FALSE,TRUE,TRUE
laptop,Lenovo IdeaPad Slim 5 Co-Pilot Next Gen AI PC Full Metal Snapdragon X Plus - (16 GB/1 TB SSD/Windows 1...,https://www.flipkart.com/lenovo-ideapad-slim-5-co-pilot-next-gen-ai-pc-full-metal-snapdragon-x-plus-16-gb-1-tb-ssd-windows-11-home-14q8x9-thin-light-laptop/p/itm8a59041fc8c0f?pid=COMH4N9CZ7JKPQQC&lid=LSTCOMH4N9CZ7JKPQQCOFLXDU&marketplace=FLIPKART&store=6bo%2Fb5g&srno=b_18_425&otracker=browse&fm=organic&iid=en_Dap59FPzYTY8jVxYLE2C0h0aNqCtTXlHCFwTEmgLEELefff01jjfsMQUjv5rlh9lmHEXmeLQL2cKi8ce-UIJ0PUFjCTyOHoHZs-Z5_PS_w0%3D&ppt=None&ppn=None&ssid=zygj1evb400000001764345760188,57990,4.1,68,https://rukminim2.flixcart.com/image/312/312/xif0q/computer/6/l/r/-original-imahg5fxwyqndjhu.jpeg?q=70,"Lenovo IdeaPad Slim 5 Co-Pilot Next Gen AI PC Full Metal Snapdragon X Plus - (16 GB/1 TB SSD/Windows 1.... powered by Snapdragon X Plus. 16GB LPDDR5X RAM. 1024.0GB SSD. 14.0"" IPS display. weighs 1.48kg. running Windows 11 Home.",Lenovo,Cloud Grey,Thin and Light Laptop,Snapdragon,X Plus,16,LPDDR5X,Qualcomm,Adreno,FALSE,1024,SSD,14,IPS,FALSE,1.48,,Windows 11 Home,FALSE,FALSE,TRUE,TRUE,TRUE
laptop,DELL Latitude 3550 (2025) Intel Core i3 13th Gen 1315U - (16 GB/512 GB SSD/Windows 11 Pro) Latitude 35...,https://www.flipkart.com/dell-latitude-3550-2025-intel-core-i3-13th-gen-1315u-16-gb-512-gb-ssd-windows-11-pro-thin-light-laptop/p/itm3d6e30e47aa2a?pid=COMHFAHTZTDCSRSK&lid=LSTCOMHFAHTZTDCSRSKSSYQVW&marketplace=FLIPKART&store=6bo%2Fb5g&srno=b_18_426&otracker=browse&fm=organic&iid=bf21bcbb-8b37-4a98-9cf0-286c150d532e.COMHFAHTZTDCSRSK.SEARCH&ppt=None&ppn=None&ssid=zygj1evb400000001764345760188,40990,4.2,2,https://rukminim2.flixcart.com/image/312/312/xif0q/computer/i/h/w/latitude-3550-thin-and-light-laptop-dell-original-imahfahtxcfruawv.jpeg?q=70,"DELL Latitude 3550 (2025) Intel Core i3 13th Gen 1315U - (16 GB/512 GB SSD/Windows 11 Pro) Latitude 35.... powered by Intel Core i3. 16GB DDR5 RAM. 512.0GB SSD. 15.6"" HD display. weighs 1.6kg. running Windows 11 Pro.",DELL,Smoky Black,Thin and Light Laptop,Intel,Core i3,16,DDR5,Intel,Integrated Graphics,FALSE,512,SSD,15.6,HD,TRUE,1.6,,Windows 11 Pro,FALSE,FALSE,TRUE,TRUE,TRUE
laptop,ASUS Vivobook Go 15 AMD Ryzen 3 Quad Core 7320U - (8 GB/512 GB SSD/Windows 11 Home) E1504FA-NJ130WS | ...,https://www.flipkart.com/asus-vivobook-go-15-amd-ryzen-3-quad-core-7320u-8-gb-512-gb-ssd-windows-11-home-e1504fa-nj130ws-e1504fa-bq2322ws-thin-light-laptop/p/itm9af4f3b5de2ff?pid=COMH94992SQ8HYGZ&lid=LSTCOMH94992SQ8HYGZMHVF97&marketplace=FLIPKART&store=6bo%2Fb5g&srno=b_18_427&otracker=browse&fm=organic&iid=en_Dap59FPzYTY8jVxYLE2C0h0aNqCtTXlHCFwTEmgLEEI2x76sARPNtJuZJdZ3pimbAZUylytcEKYA_kTv_pI5n_UFjCTyOHoHZs-Z5_PS_w0%3D&ppt=None&ppn=None&ssid=zygj1evb400000001764345760188,30990,4.3,94,https://rukminim2.flixcart.com/image/312/312/xif0q/computer/m/y/o/-original-imahg5fxjta7gns7.jpeg?q=70,"ASUS Vivobook Go 15 AMD Ryzen 3 Quad Core 7320U - (8 GB/512 GB SSD/Windows 11 Home) E1504FA-NJ130WS | .... powered by AMD Ryzen 3. 8GB LPDDR5 RAM. 512.0GB SSD. AMD Radeon Amd graphics. 15.6"" Full HD display. weighs 1.63kg. running Windows 11 Home.",ASUS,Mixed Black,Thin and Light Laptop,AMD,Ryzen 3,8,LPDDR5,AMD,Radeon Amd,TRUE,512,SSD,15.6,Full HD,FALSE,1.63,,Windows 11 Home,TRUE,FALSE,FALSE,TRUE,TRUE
laptop,ASUS Vivobook Go 15 AMD Ryzen 5 Quad Core 7520U - (8 GB/512 GB SSD/Windows 11 Home) E1504FA-NJ132WS | ...,https://www.flipkart.com/asus-vivobook-go-15-amd-ryzen-5-quad-core-7520u-8-gb-512-gb-ssd-windows-11-home-e1504fa-nj132ws-e1504fa-nj521ws-thin-light-laptop/p/itm657eb80ea799a?pid=COMH9499JNGDGTZ5&lid=LSTCOMH9499JNGDGTZ5WJGUDN&marketplace=FLIPKART&store=6bo%2Fb5g&srno=b_18_428&otracker=browse&fm=organic&iid=en_Dap59FPzYTY8jVxYLE2C0h0aNqCtTXlHCFwTEmgLEEKiz4Sqg9UFRyNLohiNvSHHxu0SnwRnU0-3x48vd2ae0KV8WX5krIChubBlraAu4CQ%3D&ppt=None&ppn=None&ssid=zygj1evb400000001764345760188,36990,4.2,49,https://rukminim2.flixcart.com/image/312/312/xif0q/computer/k/b/i/-original-imahg53xeuxqm6bv.jpeg?q=70,"ASUS Vivobook Go 15 AMD Ryzen 5 Quad Core 7520U - (8 GB/512 GB SSD/Windows 11 Home) E1504FA-NJ132WS | .... powered by AMD Ryzen 5. 8GB LPDDR5 RAM. 512.0GB SSD. AMD Radeon Amd graphics. 15.6"" Full HD display. weighs 1.63kg. running Windows 11 Home.",ASUS,Cool Silver,Thin and Light Laptop,AMD,Ryzen 5,8,LPDDR5,AMD,Radeon Amd,TRUE,512,SSD,15.6,Full HD,FALSE,1.63,,Windows 11 Home,TRUE,FALSE,FALSE,TRUE,TRUE
laptop,Samsung Galaxy Book4 Intel Core 5 120U - (16 GB/512 GB SSD/Windows 11 Home) NP750XGK-KG2IN / NP750XGK-...,https://www.flipkart.com/samsung-galaxy-book4-intel-core-5-120u-16-gb-512-gb-ssd-windows-11-home-np750xgk-kg2in-np750xgk-lg2in-thin-light-laptop/p/itm536cb1c70f7b7?pid=COMGYQ26HYHX2HT4&lid=LSTCOMGYQ26HYHX2HT4B2TBCG&marketplace=FLIPKART&store=6bo%2Fb5g&srno=b_18_429&otracker=browse&fm=organic&iid=bf21bcbb-8b37-4a98-9cf0-286c150d532e.COMGYQ26HYHX2HT4.SEARCH&ppt=None&ppn=None&ssid=zygj1evb400000001764345760188,58699,4.4,32,https://rukminim2.flixcart.com/image/312/312/xif0q/computer/8/v/4/-original-imahg52n6cfyqvmt.jpeg?q=70,"Samsung Galaxy Book4 Intel Core 5 120U - (16 GB/512 GB SSD/Windows 11 Home) NP750XGK-KG2IN / NP750XGK-.... powered by Intel Core 5. 16GB LPDDR4X RAM. 512.0GB SSD. 15.6"" IPS display. weighs 1.55kg. running Windows 11 Home.",Samsung,Gray,Thin and Light Laptop,Intel,Core 5,16,LPDDR4X,Intel,Iris Xe,FALSE,512,SSD,15.6,IPS,FALSE,1.55,,Windows 11 Home,FALSE,FALSE,TRUE,TRUE,TRUE
laptop,Acer Predator Helios Neo 16S AI Intel Core Ultra 7 255 HX - (16 GB/1 TB SSD/Windows 11 Home/8 GB Graph...,https://www.flipkart.com/acer-predator-helios-neo-16s-ai-intel-core-ultra-7-255-hx-16-gb-1-tb-ssd-windows-11-home-8-gb-graphics-nvidia-geforce-rtx-5060-phn16s-71-gaming-laptop/p/itm928fc558f47b8?pid=COMHDT6GZZHHE93D&lid=LSTCOMHDT6GZZHHE93DX1SBK7&marketplace=FLIPKART&store=6bo%2Fb5g&srno=b_18_430&otracker=browse&fm=organic&iid=bf21bcbb-8b37-4a98-9cf0-286c150d532e.COMHDT6GZZHHE93D.SEARCH&ppt=None&ppn=None&ssid=zygj1evb400000001764345760188,159999,4.7,9,https://rukminim2.flixcart.com/image/312/312/xif0q/computer/v/u/i/-original-imahe9x9gyhggy6f.jpeg?q=70,"Acer Predator Helios Neo 16S AI Intel Core Ultra 7 255 HX - (16 GB/1 TB SSD/Windows 11 Home/8 GB Graph.... powered by Intel Core Ultra 7. 16GB DDR5 RAM. 1024.0GB SSD. NVIDIA RTX 5060 graphics. 16.0"" OLED display. weighs 2.3kg. running Windows 11 Home.",Acer,Abyssal Black,Gaming Laptop,Intel,Core Ultra 7,16,DDR5,NVIDIA,RTX 5060,TRUE,1024,SSD,16,OLED,FALSE,2.3,,Windows 11 Home,TRUE,TRUE,TRUE,TRUE,FALSE
laptop,"ASUS Vivobook S16 OLED (2025) with Backlit Keyboard, Metal Body*, Qualcomm Snapdragon X - (16 GB/512 G...",https://www.flipkart.com/asus-vivobook-s16-oled-2025-backlit-keyboard-metal-body-qualcomm-snapdragon-x-16-gb-512-gb-ssd-windows-11-home-s3607qa-sh078ws-thin-light-laptop/p/itm252509f1beb81?pid=COMHCQ5EYNZ2HRWW&lid=LSTCOMHCQ5EYNZ2HRWWUYQZ3F&marketplace=FLIPKART&store=6bo%2Fb5g&srno=b_18_431&otracker=browse&fm=organic&iid=en_Dap59FPzYTY8jVxYLE2C0h0aNqCtTXlHCFwTEmgLEEK6pwRhB9yE61AFInRgI7MuW8cb0MjlVyzUTxFrorRXaA891ypMzu4_aryI8_sihJ8%3D&ppt=None&ppn=None&ssid=zygj1evb400000001764345760188,71990,4.4,51,https://rukminim2.flixcart.com/image/312/312/xif0q/computer/g/4/k/-original-imahfn3geekjdudx.jpeg?q=70,"ASUS Vivobook S16 OLED (2025) with Backlit Keyboard, Metal Body*, Qualcomm Snapdragon X - (16 GB/512 G.... powered by Qualcomm Snapdragon X. 16GB LPDDR5X RAM. 512.0GB SSD. 16.0"" Full HD display. weighs 1.74kg. running Windows 11 Home.",ASUS,Pink,Thin and Light Laptop,Qualcomm,Snapdragon X,16,LPDDR5X,Qualcomm,Adreno,FALSE,512,SSD,16,Full HD,FALSE,1.74,,Windows 11 Home,FALSE,FALSE,TRUE,TRUE,TRUE
laptop,"ASUS Vivobook S14 Flip (2025) with Office 2024 + M365 Basic*, Backlit Keyboard, Intel Core i5 13th Gen...",https://www.flipkart.com/asus-vivobook-s14-flip-2025-office-2024-m365-basic-backlit-keyboard-intel-core-i5-13th-gen-13420h-16-gb-512-gb-ssd-windows-11-home-tp3402vao-lz612ws-2-1-laptop/p/itme494b3629a714?pid=COMH9SJ9VAJ7ZD99&lid=LSTCOMH9SJ9VAJ7ZD99ZNVNMB&marketplace=FLIPKART&store=6bo%2Fb5g&srno=b_18_432&otracker=browse&fm=organic&iid=en_Dap59FPzYTY8jVxYLE2C0h0aNqCtTXlHCFwTEmgLEELIc332QHEmWStyZw0Ptoli3JJreNqE10axEDA06lGYnBhTy0lUJ14SzoMSv_CzLF0%3D&ppt=None&ppn=None&ssid=zygj1evb400000001764345760188,63990,4.4,51,https://rukminim2.flixcart.com/image/312/312/xif0q/computer/a/s/e/-original-imahg4ut9hnhkwhg.jpeg?q=70,"ASUS Vivobook S14 Flip (2025) with Office 2024 + M365 Basic*, Backlit Keyboard, Intel Core i5 13th Gen.... powered by Intel Core i5. 16GB DDR4 RAM. 512.0GB SSD. 14.0"" IPS display. weighs 1.65kg. running Windows 11 Home.",ASUS,Transparent Silver,2 in 1 Laptop,Intel,Core i5,16,DDR4,Intel,Integrated Graphics,FALSE,512,SSD,14,IPS,FALSE,1.65,,Windows 11 Home,FALSE,FALSE,TRUE,TRUE,TRUE
laptop,HP 15R (2025) Intel Core i3 13th Gen 1315U - (8 GB/512 GB SSD/Windows 11 Home) 15R G9 Thin and Light L...,https://www.flipkart.com/hp-15r-2025-intel-core-i3-13th-gen-1315u-8-gb-512-gb-ssd-windows-11-home-g9-thin-light-laptop/p/itm8b3f045df43be?pid=COMH9MTAXPHXKQTW&lid=LSTCOMH9MTAXPHXKQTWMYDNZS&marketplace=FLIPKART&store=6bo%2Fb5g&srno=b_19_433&otracker=browse&fm=organic&iid=25fe8285-6c87-4933-ab7b-253ef2879e06.COMH9MTAXPHXKQTW.SEARCH&ppt=None&ppn=None&ssid=2k3y9ycdeo0000001764345768396,34727,4.4,2,https://rukminim2.flixcart.com/image/312/312/xif0q/computer/1/w/w/15r-g9-thin-and-light-laptop-hp-original-imah9m58gwabuze5.jpeg?q=70,"HP 15R (2025) Intel Core i3 13th Gen 1315U - (8 GB/512 GB SSD/Windows 11 Home) 15R G9 Thin and Light L.... powered by Intel Core i3. 8GB DDR4 RAM. 512.0GB SSD. 15.6"" HD display. weighs 1.6kg. running Windows 11 Home.",HP,Ash Grey,Thin and Light Laptop,Intel,Core i3,8,DDR4,Intel,Integrated Graphics,FALSE,512,SSD,15.6,HD,FALSE,1.6,,Windows 11 Home,FALSE,FALSE,FALSE,TRUE,TRUE
laptop,MSI Modern 15 Intel Core i7 12th Gen 1255U - (16 GB/512 GB SSD/Windows 11 Home) Modern 15 B12MO Thin a...,https://www.flipkart.com/msi-modern-15-intel-core-i7-12th-gen-1255u-16-gb-512-gb-ssd-windows-11-home-b12mo-thin-light-laptop/p/itm60c14709fdf3b?pid=COMHYWTJTSSVNNFF&lid=LSTCOMHYWTJTSSVNNFFQJYQ6A&marketplace=FLIPKART&store=6bo%2Fb5g&srno=b_19_434&otracker=browse&fm=organic&iid=25fe8285-6c87-4933-ab7b-253ef2879e06.COMHYWTJTSSVNNFF.SEARCH&ppt=None&ppn=None&ssid=2k3y9ycdeo0000001764345768396,51990,4.5,2,https://rukminim2.flixcart.com/image/312/312/xif0q/computer/k/u/n/-original-imahg5fufxfhk3b7.jpeg?q=70,"MSI Modern 15 Intel Core i7 12th Gen 1255U - (16 GB/512 GB SSD/Windows 11 Home) Modern 15 B12MO Thin a.... powered by Intel Core i7. 16GB DDR4 RAM. 512.0GB SSD. 15.6"" IPS display. weighs 1.7kg. running Windows 11 Home.",MSI,Classic Black,Thin and Light Laptop,Intel,Core i7,16,DDR4,Intel,Iris Xe,FALSE,512,SSD,15.6,IPS,FALSE,1.7,,Windows 11 Home,FALSE,FALSE,TRUE,TRUE,TRUE
laptop,Samsung Galaxy Book4 Edge Series Copilot AI-PC Full Metal Chasis Qualcomm Snapdragon X - (16 GB/512 GB...,https://www.flipkart.com/samsung-galaxy-book4-edge-series-copilot-ai-pc-full-metal-chasis-qualcomm-snapdragon-x-16-gb-512-gb-ssd-windows-11-home-np750xqb-ka1in-thin-light-laptop/p/itm1d61ec8d90cc7?pid=COMHE4ATFWNVHXHS&lid=LSTCOMHE4ATFWNVHXHSIHS0FO&marketplace=FLIPKART&store=6bo%2Fb5g&srno=b_19_435&otracker=browse&fm=organic&iid=en_KQtdkJV8ZXxaGT-i-TcDRx9KqWxxvI5yxAj1772_ksMayrw73s0HFlp3WXq_Jy1fQ71Y6DzfE2Py1YOKCzM1GPUFjCTyOHoHZs-Z5_PS_w0%3D&ppt=None&ppn=None&ssid=2k3y9ycdeo0000001764345768396,64990,4.4,128,https://rukminim2.flixcart.com/image/312/312/xif0q/computer/a/g/p/-original-imahgwkqughzkwt3.jpeg?q=70,"Samsung Galaxy Book4 Edge Series Copilot AI-PC Full Metal Chasis Qualcomm Snapdragon X - (16 GB/512 GB.... powered by Qualcomm Snapdragon X. 16GB LPDDR5X RAM. 512.0GB SSD. 15.6"" HD display. weighs 1.55kg. running Windows 11 Home.",Samsung,Sapphire Blue,Thin and Light Laptop,Qualcomm,Snapdragon X,16,LPDDR5X,Qualcomm,Adreno,FALSE,512,SSD,15.6,HD,FALSE,1.55,,Windows 11 Home,FALSE,FALSE,TRUE,TRUE,TRUE
laptop,Samsung Galaxy Book3 Pro 360 EVO AMOLED Intel Core i5 13th Gen 1340P - (16 GB/512 GB SSD/Windows 11 Ho...,https://www.flipkart.com/samsung-galaxy-book3-pro-360-evo-amoled-intel-core-i5-13th-gen-1340p-16-gb-512-gb-ssd-windows-11-home-np960qfg-ka2in-thin-light-laptop/p/itm5c25f62dc7f48?pid=COMGPXFFBGVJEEEY&lid=LSTCOMGPXFFBGVJEEEYINVYSU&marketplace=FLIPKART&store=6bo%2Fb5g&srno=b_19_436&otracker=browse&fm=organic&iid=25fe8285-6c87-4933-ab7b-253ef2879e06.COMGPXFFBGVJEEEY.SEARCH&ppt=None&ppn=None&ssid=2k3y9ycdeo0000001764345768396,151499,5,0,https://rukminim2.flixcart.com/image/312/312/xif0q/computer/i/b/c/-original-imahg5fubyjzcqag.jpeg?q=70,"Samsung Galaxy Book3 Pro 360 EVO AMOLED Intel Core i5 13th Gen 1340P - (16 GB/512 GB SSD/Windows 11 Ho.... powered by Intel Core i5. 16GB DDR5 RAM. 512.0GB SSD. 16.0"" OLED display. weighs 1.66kg. running Windows 11 Home.",Samsung,Graphite,Thin and Light Laptop,Intel,Core i5,16,DDR5,Intel,Iris Xe,FALSE,512,SSD,16,OLED,FALSE,1.66,,Windows 11 Home,FALSE,FALSE,TRUE,TRUE,TRUE
laptop,"ASUS Vivobook 15 (2025) with Office 2024 + M365 Basic*, Intel Core i3 13th Gen 1315U - (8 GB/512 GB SS...",https://www.flipkart.com/asus-vivobook-15-2025-office-2024-m365-basic-intel-core-i3-13th-gen-1315u-8-gb-512-gb-ssd-windows-11-home-x1504va-nj3700ws-thin-light-laptop/p/itmf31c79724a398?pid=COMHCQ5ECZZV6THK&lid=LSTCOMHCQ5ECZZV6THKTW8YMF&marketplace=FLIPKART&store=6bo%2Fb5g&srno=b_19_437&otracker=browse&fm=organic&iid=en_KQtdkJV8ZXxaGT-i-TcDRx9KqWxxvI5yxAj1772_ksOzPg7vsd7D4p8wAZjwr0n933jN4jhGgPcCWMhB0VVnE_UFjCTyOHoHZs-Z5_PS_w0%3D&ppt=None&ppn=None&ssid=2k3y9ycdeo0000001764345768396,34990,4.3,163,https://rukminim2.flixcart.com/image/312/312/xif0q/computer/b/l/v/-original-imahgfdffszmurd7.jpeg?q=70,"ASUS Vivobook 15 (2025) with Office 2024 + M365 Basic*, Intel Core i3 13th Gen 1315U - (8 GB/512 GB SS.... powered by Intel Core i3. 8GB DDR4 RAM. 512.0GB SSD. 15.6"" Full HD display. weighs 1.7kg. running Windows 11 Home.",ASUS,Terra Cotta,Thin and Light Laptop,Intel,Core i3,8,DDR4,Intel,Integrated Graphics,FALSE,512,SSD,15.6,Full HD,FALSE,1.7,,Windows 11 Home,FALSE,FALSE,FALSE,TRUE,TRUE
laptop,Lenovo IdeaPad Slim 3 Next Gen AI PC WUXGA IPS Copilot + PC Qualcomm Snapdragon X - (16 GB/512 GB SSD/...,https://www.flipkart.com/lenovo-ideapad-slim-3-next-gen-ai-pc-wuxga-ips-copilot-qualcomm-snapdragon-x-16-gb-512-gb-ssd-windows-11-home-15q8x10-thin-light-laptop/p/itm097ac7e15511b?pid=COMHDMJYDGBTMJXG&lid=LSTCOMHDMJYDGBTMJXG112MJM&marketplace=FLIPKART&store=6bo%2Fb5g&srno=b_19_438&otracker=browse&fm=organic&iid=en_KQtdkJV8ZXxaGT-i-TcDRx9KqWxxvI5yxAj1772_ksM5PTekiBHin9HqfLNLLA0JNwAKNkUyoQ8jObELuPEQTPUFjCTyOHoHZs-Z5_PS_w0%3D&ppt=None&ppn=None&ssid=2k3y9ycdeo0000001764345768396,49990,4.3,27,https://rukminim2.flixcart.com/image/312/312/xif0q/computer/d/z/z/-original-imahgfdfx3hhguyc.jpeg?q=70,"Lenovo IdeaPad Slim 3 Next Gen AI PC WUXGA IPS Copilot + PC Qualcomm Snapdragon X - (16 GB/512 GB SSD/.... powered by Qualcomm Snapdragon X. 16GB LPDDR5X RAM. 512.0GB SSD. 15.3"" IPS display. weighs 1.55kg. running Windows 11 Home.",Lenovo,Luna Grey,Thin and Light Laptop,Qualcomm,Snapdragon X,16,LPDDR5X,Qualcomm,Adreno,FALSE,512,SSD,15.3,IPS,FALSE,1.55,50,Windows 11 Home,FALSE,FALSE,TRUE,TRUE,TRUE
laptop,MSI Katana 15 Intel Core i7 13th Gen 13620H - (16 GB/1 TB SSD/Windows 11 Home/6 GB Graphics/NVIDIA GeF...,https://www.flipkart.com/msi-katana-15-intel-core-i7-13th-gen-13620h-16-gb-1-tb-ssd-windows-11-home-6-gb-graphics-nvidia-geforce-rtx-4050-144-hz-b13vek-297in-gaming-laptop/p/itmc1fcfaf2d031e?pid=COMGRDC8HS2EVZSN&lid=LSTCOMGRDC8HS2EVZSN3RVTPA&marketplace=FLIPKART&store=6bo%2Fb5g&srno=b_19_439&otracker=browse&fm=organic&iid=25fe8285-6c87-4933-ab7b-253ef2879e06.COMGRDC8HS2EVZSN.SEARCH&ppt=None&ppn=None&ssid=2k3y9ycdeo0000001764345768396,91990,4.4,4,https://rukminim2.flixcart.com/image/312/312/xif0q/computer/i/t/w/-original-imah3cxkepkwh9f4.jpeg?q=70,"MSI Katana 15 Intel Core i7 13th Gen 13620H - (16 GB/1 TB SSD/Windows 11 Home/6 GB Graphics/NVIDIA GeF.... powered by Intel Core i7. 16GB DDR5 RAM. 1024.0GB SSD. NVIDIA RTX 4050 graphics. 15.6"" IPS display. weighs 2.25kg. running Windows 11 Home.",MSI,Black,Gaming Laptop,Intel,Core i7,16,DDR5,NVIDIA,RTX 4050,TRUE,1024,SSD,15.6,IPS,FALSE,2.25,,Windows 11 Home,TRUE,TRUE,TRUE,TRUE,FALSE
laptop,DELL Inspiron Intel Core i3 13th Gen 1305U - (8 GB/512 GB SSD/Windows 11 Home) 3530 Thin and Light Lap...,https://www.flipkart.com/dell-inspiron-intel-core-i3-13th-gen-1305u-8-gb-512-gb-ssd-windows-11-home-3530-thin-light-laptop/p/itm1e8ad2b18043a?pid=COMGRGYFCKYEDQEP&lid=LSTCOMGRGYFCKYEDQEP2YFYY6&marketplace=FLIPKART&store=6bo%2Fb5g&srno=b_19_440&otracker=browse&fm=organic&iid=25fe8285-6c87-4933-ab7b-253ef2879e06.COMGRGYFCKYEDQEP.SEARCH&ppt=None&ppn=None&ssid=2k3y9ycdeo0000001764345768396,37490,4.2,0,https://rukminim2.flixcart.com/image/312/312/xif0q/computer/j/b/k/inspiron-15-thin-and-light-laptop-dell-original-imagrgyf8px89mhp.jpeg?q=70,"DELL Inspiron Intel Core i3 13th Gen 1305U - (8 GB/512 GB SSD/Windows 11 Home) 3530 Thin and Light Lap.... powered by Intel Core i3. 8GB DDR4 RAM. 512.0GB SSD. 15.6"" Full HD display. weighs 1.62kg. running Windows 11 Home.",DELL,Platinum Silver,Thin and Light Laptop,Intel,Core i3,8,DDR4,Intel,Integrated Graphics,FALSE,512,SSD,15.6,Full HD,TRUE,1.62,,Windows 11 Home,FALSE,FALSE,FALSE,TRUE,TRUE
laptop,Acer Aspire 3 Intel Core i3 13th Gen 1305U - (8 GB/512 GB SSD/Windows 11 Home) A324-53 Thin and Light ...,https://www.flipkart.com/acer-aspire-3-intel-core-i3-13th-gen-1305u-8-gb-512-gb-ssd-windows-11-home-a324-53-thin-light-laptop/p/itma6a6812aa712e?pid=COMH4B6CGTPNVJW9&lid=LSTCOMH4B6CGTPNVJW9JOF4ZC&marketplace=FLIPKART&store=6bo%2Fb5g&srno=b_19_441&otracker=browse&fm=organic&iid=en_KQtdkJV8ZXxaGT-i-TcDRx9KqWxxvI5yxAj1772_ksNdxUjqGI_LPV64DMfVRznXp5iBsv_cHJc2xbWysDCSOfUFjCTyOHoHZs-Z5_PS_w0%3D&ppt=None&ppn=None&ssid=2k3y9ycdeo0000001764345768396,30990,4.3,233,https://rukminim2.flixcart.com/image/312/312/xif0q/computer/r/p/w/-original-imahg5fxzmyzbkv8.jpeg?q=70,"Acer Aspire 3 Intel Core i3 13th Gen 1305U - (8 GB/512 GB SSD/Windows 11 Home) A324-53 Thin and Light .... powered by Intel Core i3. 8GB DDR4 RAM. 512.0GB SSD. 14.0"" HD display. weighs 1.45kg. running Windows 11 Home.",Acer,Steel Gray,Thin and Light Laptop,Intel,Core i3,8,DDR4,Intel,Integrated Graphics,FALSE,512,SSD,14,HD,FALSE,1.45,,Windows 11 Home,FALSE,FALSE,FALSE,TRUE,TRUE
laptop,"ASUS Vivobook 15 (2025) (i5 14th Gen) with MSO 2024 + M365 Basic*, Backlit Keyboard, Intel Core 5 120U...",https://www.flipkart.com/asus-vivobook-15-2025-i5-14th-gen-mso-2024-m365-basic-backlit-keyboard-intel-core-5-120u-16-gb-512-gb-ssd-windows-11-home-x1504vap-nj2862ws-thin-light-laptop/p/itm509f174cc1a04?pid=COMHDG7CFDWVKYMZ&lid=LSTCOMHDG7CFDWVKYMZSDYMWT&marketplace=FLIPKART&store=6bo%2Fb5g&srno=b_19_442&otracker=browse&fm=organic&iid=en_KQtdkJV8ZXxaGT-i-TcDRx9KqWxxvI5yxAj1772_ksOqAyN6lhstf9YwWjhzX4jxJubSY-XXxoDQMrwdvEBBPPUFjCTyOHoHZs-Z5_PS_w0%3D&ppt=None&ppn=None&ssid=2k3y9ycdeo0000001764345768396,49990,4.3,79,https://rukminim2.flixcart.com/image/312/312/xif0q/computer/k/u/e/-original-imahcd8gzqjnp2vv.jpeg?q=70,"ASUS Vivobook 15 (2025) (i5 14th Gen) with MSO 2024 + M365 Basic*, Backlit Keyboard, Intel Core 5 120U.... powered by Intel Core 5. 16GB DDR4 RAM. 512.0GB SSD. 15.6"" Full HD display. weighs 1.7kg. running Windows 11 Home.",ASUS,Cool Silver,Thin and Light Laptop,Intel,Core 5,16,DDR4,Intel,Integrated Graphics,FALSE,512,SSD,15.6,Full HD,FALSE,1.7,,Windows 11 Home,FALSE,FALSE,TRUE,TRUE,TRUE
laptop,Apple MacBook Pro M3 - (8 GB/1 TB SSD/macOS Sonoma) MR7K3HN/A,https://www.flipkart.com/apple-macbook-pro-m3-8-gb-1-tb-ssd-macos-sonoma-mr7k3hn-a/p/itmcd041a34ee857?pid=COMGUTX7VWJBGPCZ&lid=LSTCOMGUTX7VWJBGPCZ1DIQ1B&marketplace=FLIPKART&store=6bo%2Fb5g&srno=b_19_443&otracker=browse&fm=organic&iid=25fe8285-6c87-4933-ab7b-253ef2879e06.COMGUTX7VWJBGPCZ.SEARCH&ppt=None&ppn=None&ssid=2k3y9ycdeo0000001764345768396,158699,4.3,6,https://rukminim2.flixcart.com/image/312/312/xif0q/computer/l/q/t/-original-imaguw3hwp55jj7b.jpeg?q=70,"Apple MacBook Pro M3 - (8 GB/1 TB SSD/macOS Sonoma) MR7K3HN/A. powered by Apple M3. 8GB Unified Memory RAM. 1024.0GB SSD. 14.0"" HD display. weighs 1.55kg. running macOS Sonoma.",Apple,Silver,Thin and Light Laptop,Apple,M3,8,Unified Memory,,,FALSE,1024,SSD,14,HD,FALSE,1.55,,macOS Sonoma,FALSE,FALSE,FALSE,TRUE,TRUE
laptop,Acer Aspire 14 AI Qualcomm Snapdragon X - (16 GB/512 GB SSD/Windows 11 Home) A14-11M Thin and Light La...,https://www.flipkart.com/acer-aspire-14-ai-qualcomm-snapdragon-x-16-gb-512-gb-ssd-windows-11-home-a14-11m-thin-light-laptop/p/itm08730687919bb?pid=COMHFSHUTDFXBZKR&lid=LSTCOMHFSHUTDFXBZKRBKC09Q&marketplace=FLIPKART&store=6bo%2Fb5g&srno=b_19_444&otracker=browse&fm=organic&iid=25fe8285-6c87-4933-ab7b-253ef2879e06.COMHFSHUTDFXBZKR.SEARCH&ppt=None&ppn=None&ssid=2k3y9ycdeo0000001764345768396,59990,4.5,24,https://rukminim2.flixcart.com/image/312/312/xif0q/computer/c/p/l/-original-imahg4wgbhqj5teq.jpeg?q=70,"Acer Aspire 14 AI Qualcomm Snapdragon X - (16 GB/512 GB SSD/Windows 11 Home) A14-11M Thin and Light La.... powered by Qualcomm Snapdragon X. 16GB LPDDR5X RAM. 512.0GB SSD. 14.0"" IPS display. weighs 1.26kg. running Windows 11 Home.",Acer,Steam Blue,Thin and Light Laptop,Qualcomm,Snapdragon X,16,LPDDR5X,Qualcomm,Adreno,FALSE,512,SSD,14,IPS,FALSE,1.26,,Windows 11 Home,FALSE,FALSE,TRUE,TRUE,TRUE
laptop,MOTOROLA Motobook 60 Full Metal OLED (i5 14th Gen) Intel Core 5 (Series 2) 210H - (16 GB/512 GB SSD/Wi...,https://www.flipkart.com/motorola-motobook-60-full-metal-oled-i5-14th-gen-intel-core-5-series-2-210h-16-gb-512-gb-ssd-windows-11-home-14irh10r-thin-light-laptop/p/itm9a50f9400e0e0?pid=COMHAUZWVNJSFAMN&lid=LSTCOMHAUZWVNJSFAMNCQMECQ&marketplace=FLIPKART&store=6bo%2Fb5g&srno=b_19_445&otracker=browse&fm=organic&iid=en_KQtdkJV8ZXxaGT-i-TcDRx9KqWxxvI5yxAj1772_ksP5Mc6tSPXblGeCwaUGfVvjvVC4qkBok_NyawEJOiZmbQ%3D%3D&ppt=None&ppn=None&ssid=2k3y9ycdeo0000001764345768396,49990,4.4,200,https://rukminim2.flixcart.com/image/312/312/xif0q/computer/3/o/h/-original-imahg5fydhnpgbyz.jpeg?q=70,"MOTOROLA Motobook 60 Full Metal OLED (i5 14th Gen) Intel Core 5 (Series 2) 210H - (16 GB/512 GB SSD/Wi.... powered by Intel Core 5 (Series 2). 16GB DDR5 RAM. 512.0GB SSD. 14.0"" OLED display. weighs 1.4kg. running Windows 11 Home.",MOTOROLA,PANTONE Wedgewood,Thin and Light Laptop,Intel,Core 5 (Series 2),16,DDR5,Intel,Integrated Graphics,FALSE,512,SSD,14,OLED,FALSE,1.4,,Windows 11 Home,FALSE,FALSE,TRUE,TRUE,TRUE
laptop,HP AMD Athlon Dual Core - (8 GB/256 GB SSD/Windows 11 Home) 255 Laptop,https://www.flipkart.com/hp-amd-athlon-dual-core-8-gb-256-gb-ssd-windows-11-home-255-laptop/p/itmf1ca83d7a968d?pid=COMGP22PUZHZT2HG&lid=LSTCOMGP22PUZHZT2HGQKT4UM&marketplace=FLIPKART&store=6bo%2Fb5g&srno=b_19_446&otracker=browse&fm=organic&iid=25fe8285-6c87-4933-ab7b-253ef2879e06.COMGP22PUZHZT2HG.SEARCH&ppt=None&ppn=None&ssid=2k3y9ycdeo0000001764345768396,26990,4,72,https://rukminim2.flixcart.com/image/312/312/xif0q/computer/k/g/m/255-g8-laptop-hp-original-imagp22z6jwc5mfz.jpeg?q=70,"HP AMD Athlon Dual Core - (8 GB/256 GB SSD/Windows 11 Home) 255 Laptop. powered by AMD Athlon Dual Core. 8GB LPDDR4 RAM. 256.0GB SSD. AMD Radeon Amd graphics. 15.6"" LCD display. running Windows 11 Home.",HP,Black,Laptop,AMD,Athlon Dual Core,8,LPDDR4,AMD,Radeon Amd,TRUE,256,SSD,15.6,LCD,FALSE,,,Windows 11 Home,TRUE,FALSE,FALSE,FALSE,FALSE
laptop,DELL 15 Intel Core i3 13th Gen 1305U - (16 GB/512 GB SSD/Windows 11 Home) OVN353025001RING1O Thin and ...,https://www.flipkart.com/dell-15-intel-core-i3-13th-gen-1305u-16-gb-512-gb-ssd-windows-11-home-ovn353025001ring1o-thin-light-laptop/p/itmb007cf7efac41?pid=COMHD99W94EPN2H2&lid=LSTCOMHD99W94EPN2H28GBQQL&marketplace=FLIPKART&store=6bo%2Fb5g&srno=b_19_447&otracker=browse&fm=organic&iid=en_KQtdkJV8ZXxaGT-i-TcDRx9KqWxxvI5yxAj1772_ksNLv_Y64wxmDP6TfogSkz5Rxmq-N3ckn5uu7Zz4vmIU_vUFjCTyOHoHZs-Z5_PS_w0%3D&ppt=None&ppn=None&ssid=2k3y9ycdeo0000001764345768396,38990,4.2,31,https://rukminim2.flixcart.com/image/312/312/xif0q/computer/f/i/b/-original-imahgx8ws7ypyhmd.jpeg?q=70,"DELL 15 Intel Core i3 13th Gen 1305U - (16 GB/512 GB SSD/Windows 11 Home) OVN353025001RING1O Thin and .... powered by Intel Core i3. 16GB DDR4 RAM. 512.0GB SSD. 15.6"" HD display. weighs 1.66kg. running Windows 11 Home.",DELL,Titan Grey,Thin and Light Laptop,Intel,Core i3,16,DDR4,Intel,Integrated Graphics,FALSE,512,SSD,15.6,HD,FALSE,1.66,,Windows 11 Home,FALSE,FALSE,TRUE,TRUE,TRUE
laptop,Lenovo IdeaPad Slim 5 Co-Pilot Next Gen AI PC Full Metal Snapdragon X Plus - (16 GB/1 TB SSD/Windows 1...,https://www.flipkart.com/lenovo-ideapad-slim-5-co-pilot-next-gen-ai-pc-full-metal-snapdragon-x-plus-16-gb-1-tb-ssd-windows-11-home-14q8x9-thin-light-laptop/p/itm8a59041fc8c0f?pid=COMH4N9CZ7JKPQQC&lid=LSTCOMH4N9CZ7JKPQQCOFLXDU&marketplace=FLIPKART&store=6bo%2Fb5g&srno=b_19_448&otracker=browse&fm=organic&iid=en_KQtdkJV8ZXxaGT-i-TcDRx9KqWxxvI5yxAj1772_ksOhA5VQP8DBJK5yCiKDrtQysQZOMXCSfQ57uU2tYWgzIvUFjCTyOHoHZs-Z5_PS_w0%3D&ppt=None&ppn=None&ssid=2k3y9ycdeo0000001764345768396,57990,4.1,68,https://rukminim2.flixcart.com/image/312/312/xif0q/computer/6/l/r/-original-imahg5fxwyqndjhu.jpeg?q=70,"Lenovo IdeaPad Slim 5 Co-Pilot Next Gen AI PC Full Metal Snapdragon X Plus - (16 GB/1 TB SSD/Windows 1.... powered by Snapdragon X Plus. 16GB LPDDR5X RAM. 1024.0GB SSD. 14.0"" IPS display. weighs 1.48kg. running Windows 11 Home.",Lenovo,Cloud Grey,Thin and Light Laptop,Snapdragon,X Plus,16,LPDDR5X,Qualcomm,Adreno,FALSE,1024,SSD,14,IPS,FALSE,1.48,,Windows 11 Home,FALSE,FALSE,TRUE,TRUE,TRUE
laptop,HP 250R G9 (2024) Intel Core i3 13th Gen Intel Core i3 - 1315U (13th Gen) - (8 GB/512 GB SSD/Windows 1...,https://www.flipkart.com/hp-250r-g9-2024-intel-core-i3-13th-gen-1315u-13th-gen-8-gb-512-gb-ssd-windows-11-home-thin-light-laptop/p/itmff5abac6385ed?pid=COMH75KHRZHEHBNY&lid=LSTCOMH75KHRZHEHBNYTU45X8&marketplace=FLIPKART&store=6bo%2Fb5g&srno=b_19_449&otracker=browse&fm=organic&iid=25fe8285-6c87-4933-ab7b-253ef2879e06.COMH75KHRZHEHBNY.SEARCH&ppt=None&ppn=None&ssid=2k3y9ycdeo0000001764345768396,35490,4.2,1,https://rukminim2.flixcart.com/image/312/312/xif0q/computer/q/t/o/250r-g9-thin-and-light-laptop-hp-original-imah77g3dbdcvy6p.jpeg?q=70,"HP 250R G9 (2024) Intel Core i3 13th Gen Intel Core i3 - 1315U (13th Gen) - (8 GB/512 GB SSD/Windows 1.... powered by Intel Core i3. 8GB DDR4 RAM. 512.0GB SSD. 15.6"" HD display. weighs 1.74kg. running Windows 11 Home.",HP,Black,Thin and Light Laptop,Intel,Core i3,8,DDR4,Intel,Integrated Graphics,FALSE,512,SSD,15.6,HD,FALSE,1.74,,Windows 11 Home,FALSE,FALSE,FALSE,TRUE,TRUE
laptop,DELL Inspiron 3530 Intel Core i3 13th Gen 1305U - (8 GB/1 TB SSD/Windows 11 Home) Inspiron 3530 Thin a...,https://www.flipkart.com/dell-inspiron-3530-intel-core-i3-13th-gen-1305u-8-gb-1-tb-ssd-windows-11-home-thin-light-laptop/p/itm40c2ea895fc09?pid=COMGTE3FNM5QVW3X&lid=LSTCOMGTE3FNM5QVW3X0TSGQV&marketplace=FLIPKART&store=6bo%2Fb5g&srno=b_19_450&otracker=browse&fm=organic&iid=25fe8285-6c87-4933-ab7b-253ef2879e06.COMGTE3FNM5QVW3X.SEARCH&ppt=None&ppn=None&ssid=2k3y9ycdeo0000001764345768396,42490,4.1,20,https://rukminim2.flixcart.com/image/312/312/xif0q/computer/e/e/a/inspiron-3530-thin-and-light-laptop-dell-original-imagte3fnfceuuk4.jpeg?q=70,"DELL Inspiron 3530 Intel Core i3 13th Gen 1305U - (8 GB/1 TB SSD/Windows 11 Home) Inspiron 3530 Thin a.... powered by Intel Core i3. 8GB DDR4 RAM. 1024.0GB SSD. 15.6"" HD display. weighs 1.65kg. running Windows 11 Home.",DELL,Silver,Thin and Light Laptop,Intel,Core i3,8,DDR4,Intel,Integrated Graphics,FALSE,1024,SSD,15.6,HD,FALSE,1.65,,Windows 11 Home,FALSE,FALSE,FALSE,TRUE,TRUE
laptop,ASUS Vivobook Go 15 AMD Ryzen 3 Quad Core 7320U - (8 GB/512 GB SSD/Windows 11 Home) E1504FA-NJ130WS | ...,https://www.flipkart.com/asus-vivobook-go-15-amd-ryzen-3-quad-core-7320u-8-gb-512-gb-ssd-windows-11-home-e1504fa-nj130ws-e1504fa-bq2322ws-thin-light-laptop/p/itm9af4f3b5de2ff?pid=COMH94992SQ8HYGZ&lid=LSTCOMH94992SQ8HYGZMHVF97&marketplace=FLIPKART&store=6bo%2Fb5g&srno=b_19_451&otracker=browse&fm=organic&iid=en_KQtdkJV8ZXxaGT-i-TcDRx9KqWxxvI5yxAj1772_ksMnN68q3uTrWRBXYZJi_TOkeXuwVW62AVi8x5VsiH1JWvUFjCTyOHoHZs-Z5_PS_w0%3D&ppt=None&ppn=None&ssid=2k3y9ycdeo0000001764345768396,30990,4.3,94,https://rukminim2.flixcart.com/image/312/312/xif0q/computer/m/y/o/-original-imahg5fxjta7gns7.jpeg?q=70,"ASUS Vivobook Go 15 AMD Ryzen 3 Quad Core 7320U - (8 GB/512 GB SSD/Windows 11 Home) E1504FA-NJ130WS | .... powered by AMD Ryzen 3. 8GB LPDDR5 RAM. 512.0GB SSD. AMD Radeon Amd graphics. 15.6"" Full HD display. weighs 1.63kg. running Windows 11 Home.",ASUS,Mixed Black,Thin and Light Laptop,AMD,Ryzen 3,8,LPDDR5,AMD,Radeon Amd,TRUE,512,SSD,15.6,Full HD,FALSE,1.63,,Windows 11 Home,TRUE,FALSE,FALSE,TRUE,TRUE
laptop,ASUS Vivobook Go 15 AMD Ryzen 5 Quad Core 7520U - (8 GB/512 GB SSD/Windows 11 Home) E1504FA-NJ132WS | ...,https://www.flipkart.com/asus-vivobook-go-15-amd-ryzen-5-quad-core-7520u-8-gb-512-gb-ssd-windows-11-home-e1504fa-nj132ws-e1504fa-nj521ws-thin-light-laptop/p/itm657eb80ea799a?pid=COMH9499JNGDGTZ5&lid=LSTCOMH9499JNGDGTZ5WJGUDN&marketplace=FLIPKART&store=6bo%2Fb5g&srno=b_19_452&otracker=browse&fm=organic&iid=en_KQtdkJV8ZXxaGT-i-TcDRx9KqWxxvI5yxAj1772_ksPmDJUlPoaVUsEu6CaGChbAA7n7AfVUkWPBQmloXe9mZqV8WX5krIChubBlraAu4CQ%3D&ppt=None&ppn=None&ssid=2k3y9ycdeo0000001764345768396,36990,4.2,49,https://rukminim2.flixcart.com/image/312/312/xif0q/computer/k/b/i/-original-imahg53xeuxqm6bv.jpeg?q=70,"ASUS Vivobook Go 15 AMD Ryzen 5 Quad Core 7520U - (8 GB/512 GB SSD/Windows 11 Home) E1504FA-NJ132WS | .... powered by AMD Ryzen 5. 8GB LPDDR5 RAM. 512.0GB SSD. AMD Radeon Amd graphics. 15.6"" Full HD display. weighs 1.63kg. running Windows 11 Home.",ASUS,Cool Silver,Thin and Light Laptop,AMD,Ryzen 5,8,LPDDR5,AMD,Radeon Amd,TRUE,512,SSD,15.6,Full HD,FALSE,1.63,,Windows 11 Home,TRUE,FALSE,FALSE,TRUE,TRUE
laptop,MSI Modern 15 Intel Core i5 12th Gen 1235U - (16 GB/512 GB SSD/Windows 11 Home) Modern 15 B12MO Thin a...,https://www.flipkart.com/msi-modern-15-intel-core-i5-12th-gen-1235u-16-gb-512-gb-ssd-windows-11-home-b12mo-thin-light-laptop/p/itm60c14709fdf3b?pid=COMHYWTJCHNVFNPF&lid=LSTCOMHYWTJCHNVFNPF6W07N8&marketplace=FLIPKART&store=6bo%2Fb5g&srno=b_19_453&otracker=browse&fm=organic&iid=25fe8285-6c87-4933-ab7b-253ef2879e06.COMHYWTJCHNVFNPF.SEARCH&ppt=None&ppn=None&ssid=2k3y9ycdeo0000001764345768396,44990,4.2,17,https://rukminim2.flixcart.com/image/312/312/xif0q/computer/g/s/k/-original-imahg5fursfuzxze.jpeg?q=70,"MSI Modern 15 Intel Core i5 12th Gen 1235U - (16 GB/512 GB SSD/Windows 11 Home) Modern 15 B12MO Thin a.... powered by Intel Core i5. 16GB DDR4 RAM. 512.0GB SSD. 15.6"" IPS display. weighs 1.7kg. running Windows 11 Home.",MSI,Black,Thin and Light Laptop,Intel,Core i5,16,DDR4,Intel,Iris Xe,FALSE,512,SSD,15.6,IPS,FALSE,1.7,,Windows 11 Home,FALSE,FALSE,TRUE,TRUE,TRUE
laptop,HP Pavilion Intel Core i5 13th Gen 1340P - (16 GB/512 GB SSD/Windows 11 Home) 15-eg3079TU Thin and Lig...,https://www.flipkart.com/hp-pavilion-intel-core-i5-13th-gen-1340p-16-gb-512-gb-ssd-windows-11-home-15-eg3079tu-thin-light-laptop/p/itm4ae6958287d36?pid=COMGPYHAMPKQYPQB&lid=LSTCOMGPYHAMPKQYPQBUOCLS3&marketplace=FLIPKART&store=6bo%2Fb5g&srno=b_19_454&otracker=browse&fm=organic&iid=25fe8285-6c87-4933-ab7b-253ef2879e06.COMGPYHAMPKQYPQB.SEARCH&ppt=None&ppn=None&ssid=2k3y9ycdeo0000001764345768396,58990,4.3,107,https://rukminim2.flixcart.com/image/312/312/xif0q/computer/z/q/m/-original-imahg5fx9sg5j5nd.jpeg?q=70,"HP Pavilion Intel Core i5 13th Gen 1340P - (16 GB/512 GB SSD/Windows 11 Home) 15-eg3079TU Thin and Lig.... powered by Intel Core i5. 16GB DDR4 RAM. 512.0GB SSD. 15.6"" IPS display. weighs 1.75kg. running Windows 11 Home.",HP,Natural Silver,Thin and Light Laptop,Intel,Core i5,16,DDR4,Intel,Iris Xe,FALSE,512,SSD,15.6,IPS,FALSE,1.75,,Windows 11 Home,FALSE,FALSE,TRUE,TRUE,TRUE
laptop,"ASUS Vivobook S16 OLED (2025) with Backlit Keyboard, Metal Body*, Qualcomm Snapdragon X - (16 GB/512 G...",https://www.flipkart.com/asus-vivobook-s16-oled-2025-backlit-keyboard-metal-body-qualcomm-snapdragon-x-16-gb-512-gb-ssd-windows-11-home-s3607qa-sh078ws-thin-light-laptop/p/itm252509f1beb81?pid=COMHCQ5EYNZ2HRWW&lid=LSTCOMHCQ5EYNZ2HRWWUYQZ3F&marketplace=FLIPKART&store=6bo%2Fb5g&srno=b_19_455&otracker=browse&fm=organic&iid=en_KQtdkJV8ZXxaGT-i-TcDRx9KqWxxvI5yxAj1772_ksMjdv2nRYNBJC46nu6tvtZJG2amLjs3IPadBpBV9DWtaw891ypMzu4_aryI8_sihJ8%3D&ppt=None&ppn=None&ssid=2k3y9ycdeo0000001764345768396,71990,4.4,51,https://rukminim2.flixcart.com/image/312/312/xif0q/computer/g/4/k/-original-imahfn3geekjdudx.jpeg?q=70,"ASUS Vivobook S16 OLED (2025) with Backlit Keyboard, Metal Body*, Qualcomm Snapdragon X - (16 GB/512 G.... powered by Qualcomm Snapdragon X. 16GB LPDDR5X RAM. 512.0GB SSD. 16.0"" Full HD display. weighs 1.74kg. running Windows 11 Home.",ASUS,Pink,Thin and Light Laptop,Qualcomm,Snapdragon X,16,LPDDR5X,Qualcomm,Adreno,FALSE,512,SSD,16,Full HD,FALSE,1.74,,Windows 11 Home,FALSE,FALSE,TRUE,TRUE,TRUE
laptop,Lenovo LOQ Intel Core i5 12th Gen 12450H - (16 GB/512 GB SSD/Windows 11 Home/8 GB Graphics/NVIDIA GeFo...,https://www.flipkart.com/lenovo-loq-intel-core-i5-12th-gen-12450h-16-gb-512-gb-ssd-windows-11-home-8-graphics-nvidia-geforce-rtx-4060-15irh8d2-gaming-laptop/p/itme091d6103d2b3?pid=COMGRFVBCHPXUNV5&lid=LSTCOMGRFVBCHPXUNV5H6FGYB&marketplace=FLIPKART&store=6bo%2Fb5g&srno=b_19_456&otracker=browse&fm=organic&iid=25fe8285-6c87-4933-ab7b-253ef2879e06.COMGRFVBCHPXUNV5.SEARCH&ppt=None&ppn=None&ssid=2k3y9ycdeo0000001764345768396,82990,4.3,40,https://rukminim2.flixcart.com/image/312/312/xif0q/computer/i/n/c/-original-imahg5ft23hnagvb.jpeg?q=70,"Lenovo LOQ Intel Core i5 12th Gen 12450H - (16 GB/512 GB SSD/Windows 11 Home/8 GB Graphics/NVIDIA GeFo.... powered by Intel Core i5. 16GB DDR5 RAM. 512.0GB SSD. NVIDIA RTX 4060 graphics. 15.6"" IPS display. weighs 2.4kg. running Windows 11 Home.",Lenovo,Storm Grey,Gaming Laptop,Intel,Core i5,16,DDR5,NVIDIA,RTX 4060,TRUE,512,SSD,15.6,IPS,FALSE,2.4,,Windows 11 Home,TRUE,TRUE,TRUE,TRUE,FALSE
laptop,Samsung Galaxy Book4 Edge Series Copilot AI-PC Full Metal Chasis Qualcomm Snapdragon X - (16 GB/512 GB...,https://www.flipkart.com/samsung-galaxy-book4-edge-series-copilot-ai-pc-full-metal-chasis-qualcomm-snapdragon-x-16-gb-512-gb-ssd-windows-11-home-np750xqb-ka1in-thin-light-laptop/p/itm1d61ec8d90cc7?pid=COMHE4ATFWNVHXHS&lid=LSTCOMHE4ATFWNVHXHSIHS0FO&marketplace=FLIPKART&store=6bo%2Fb5g&srno=b_20_457&otracker=browse&fm=organic&iid=en_EIQApXeFnM0m4e6a2eyytjx5FkRUQ9LrsNBw0UkHu5RCM0ZEm1euYThwtIMuesQ6Q71Y6DzfE2Py1YOKCzM1GPUFjCTyOHoHZs-Z5_PS_w0%3D&ppt=None&ppn=None&ssid=o5c1r3rmkg0000001764345776899,64990,4.4,128,https://rukminim2.flixcart.com/image/312/312/xif0q/computer/a/g/p/-original-imahgwkqughzkwt3.jpeg?q=70,"Samsung Galaxy Book4 Edge Series Copilot AI-PC Full Metal Chasis Qualcomm Snapdragon X - (16 GB/512 GB.... powered by Qualcomm Snapdragon X. 16GB LPDDR5X RAM. 512.0GB SSD. 15.6"" HD display. weighs 1.55kg. running Windows 11 Home.",Samsung,Sapphire Blue,Thin and Light Laptop,Qualcomm,Snapdragon X,16,LPDDR5X,Qualcomm,Adreno,FALSE,512,SSD,15.6,HD,FALSE,1.55,,Windows 11 Home,FALSE,FALSE,TRUE,TRUE,TRUE
laptop,"ASUS Vivobook 15 (2025) with Office 2024 + M365 Basic*, Intel Core i3 13th Gen 1315U - (8 GB/512 GB SS...",https://www.flipkart.com/asus-vivobook-15-2025-office-2024-m365-basic-intel-core-i3-13th-gen-1315u-8-gb-512-gb-ssd-windows-11-home-x1504va-nj3700ws-thin-light-laptop/p/itmf31c79724a398?pid=COMHCQ5ECZZV6THK&lid=LSTCOMHCQ5ECZZV6THKTW8YMF&marketplace=FLIPKART&store=6bo%2Fb5g&srno=b_20_458&otracker=browse&fm=organic&iid=en_EIQApXeFnM0m4e6a2eyytjx5FkRUQ9LrsNBw0UkHu5T5b7Qi4Jahc81oMmrD68n2VLCGCpnr56tU-0Batk7usvUFjCTyOHoHZs-Z5_PS_w0%3D&ppt=None&ppn=None&ssid=o5c1r3rmkg0000001764345776899,34990,4.3,163,https://rukminim2.flixcart.com/image/312/312/xif0q/computer/b/l/v/-original-imahgfdffszmurd7.jpeg?q=70,"ASUS Vivobook 15 (2025) with Office 2024 + M365 Basic*, Intel Core i3 13th Gen 1315U - (8 GB/512 GB SS.... powered by Intel Core i3. 8GB DDR4 RAM. 512.0GB SSD. 15.6"" Full HD display. weighs 1.7kg. running Windows 11 Home.",ASUS,Terra Cotta,Thin and Light Laptop,Intel,Core i3,8,DDR4,Intel,Integrated Graphics,FALSE,512,SSD,15.6,Full HD,FALSE,1.7,,Windows 11 Home,FALSE,FALSE,FALSE,TRUE,TRUE
laptop,HP (Core i3 14th Gen) Intel Core 3 100U - (8 GB/512 GB SSD/Windows 11 Home) 15-fd1095TU Thin and Light...,https://www.flipkart.com/hp-core-i3-14th-gen-intel-core-3-100u-8-gb-512-gb-ssd-windows-11-home-15-fd1095tu-thin-light-laptop/p/itm95d048b532731?pid=COMHY9ZVDGZVWPFJ&lid=LSTCOMHY9ZVDGZVWPFJCOFOVB&marketplace=FLIPKART&store=6bo%2Fb5g&srno=b_20_459&otracker=browse&fm=organic&iid=fc78e920-598a-44cc-9532-83de34cf6779.COMHY9ZVDGZVWPFJ.SEARCH&ppt=None&ppn=None&ssid=o5c1r3rmkg0000001764345776899,39900,4.6,0,https://rukminim2.flixcart.com/image/312/312/xif0q/computer/t/o/d/-original-imahg5ftpnyzgk7y.jpeg?q=70,"HP (Core i3 14th Gen) Intel Core 3 100U - (8 GB/512 GB SSD/Windows 11 Home) 15-fd1095TU Thin and Light.... powered by Intel Core 3. 8GB DDR4 RAM. 512.0GB SSD. 15.6"" Full HD display. weighs 1.65kg. running Windows 11 Home.",HP,Natural Silver,Thin and Light Laptop,Intel,Core 3,8,DDR4,Intel,Integrated Graphics,FALSE,512,SSD,15.6,Full HD,FALSE,1.65,,Windows 11 Home,FALSE,FALSE,FALSE,TRUE,TRUE
laptop,Lenovo IdeaPad Slim 3 Intel Core i5 12th Gen 1235U - (8 GB/512 GB SSD/Windows 11 Home) 15IAU7 Thin and...,https://www.flipkart.com/lenovo-ideapad-slim-3-intel-core-i5-12th-gen-1235u-8-gb-512-gb-ssd-windows-11-home-15iau7-thin-light-laptop/p/itme38b4c2cd4dfa?pid=COMGFM5BHPZWTFST&lid=LSTCOMGFM5BHPZWTFSTYIKU7D&marketplace=FLIPKART&store=6bo%2Fb5g&srno=b_20_460&otracker=browse&fm=organic&iid=fc78e920-598a-44cc-9532-83de34cf6779.COMGFM5BHPZWTFST.SEARCH&ppt=None&ppn=None&ssid=o5c1r3rmkg0000001764345776899,48800,4.2,141,https://rukminim2.flixcart.com/image/312/312/xif0q/computer/o/t/j/-original-imahg5fxwuwbrzff.jpeg?q=70,"Lenovo IdeaPad Slim 3 Intel Core i5 12th Gen 1235U - (8 GB/512 GB SSD/Windows 11 Home) 15IAU7 Thin and.... powered by Intel Core i5. 8GB DDR4 RAM. 512.0GB SSD. 15.6"" Full HD display. weighs 1.63kg. running Windows 11 Home.",Lenovo,Arctic Grey,Thin and Light Laptop,Intel,Core i5,8,DDR4,Intel,Integrated Graphics,FALSE,512,SSD,15.6,Full HD,FALSE,1.63,,Windows 11 Home,FALSE,FALSE,FALSE,TRUE,TRUE
laptop,Lenovo IdeaPad Slim 3 Next Gen AI PC WUXGA IPS Copilot + PC Qualcomm Snapdragon X - (16 GB/512 GB SSD/...,https://www.flipkart.com/lenovo-ideapad-slim-3-next-gen-ai-pc-wuxga-ips-copilot-qualcomm-snapdragon-x-16-gb-512-gb-ssd-windows-11-home-15q8x10-thin-light-laptop/p/itm097ac7e15511b?pid=COMHDMJYDGBTMJXG&lid=LSTCOMHDMJYDGBTMJXG112MJM&marketplace=FLIPKART&store=6bo%2Fb5g&srno=b_20_461&otracker=browse&fm=organic&iid=en_EIQApXeFnM0m4e6a2eyytjx5FkRUQ9LrsNBw0UkHu5QgC7JIhnVi9CQDUk8ZUC4FNwAKNkUyoQ8jObELuPEQTPUFjCTyOHoHZs-Z5_PS_w0%3D&ppt=None&ppn=None&ssid=o5c1r3rmkg0000001764345776899,49990,4.3,27,https://rukminim2.flixcart.com/image/312/312/xif0q/computer/d/z/z/-original-imahgfdfx3hhguyc.jpeg?q=70,"Lenovo IdeaPad Slim 3 Next Gen AI PC WUXGA IPS Copilot + PC Qualcomm Snapdragon X - (16 GB/512 GB SSD/.... powered by Qualcomm Snapdragon X. 16GB LPDDR5X RAM. 512.0GB SSD. 15.3"" IPS display. weighs 1.55kg. running Windows 11 Home.",Lenovo,Luna Grey,Thin and Light Laptop,Qualcomm,Snapdragon X,16,LPDDR5X,Qualcomm,Adreno,FALSE,512,SSD,15.3,IPS,FALSE,1.55,50,Windows 11 Home,FALSE,FALSE,TRUE,TRUE,TRUE
laptop,Acer Aspire 3 Intel Core i3 13th Gen 1305U - (8 GB/512 GB SSD/Windows 11 Home) A324-53 Thin and Light ...,https://www.flipkart.com/acer-aspire-3-intel-core-i3-13th-gen-1305u-8-gb-512-gb-ssd-windows-11-home-a324-53-thin-light-laptop/p/itma6a6812aa712e?pid=COMH4B6CGTPNVJW9&lid=LSTCOMH4B6CGTPNVJW9JOF4ZC&marketplace=FLIPKART&store=6bo%2Fb5g&srno=b_20_462&otracker=browse&fm=organic&iid=en_EIQApXeFnM0m4e6a2eyytjx5FkRUQ9LrsNBw0UkHu5RKDa8lvxtHk6Rs9gumHV1qp5iBsv_cHJc2xbWysDCSOfUFjCTyOHoHZs-Z5_PS_w0%3D&ppt=None&ppn=None&ssid=o5c1r3rmkg0000001764345776899,30990,4.3,233,https://rukminim2.flixcart.com/image/312/312/xif0q/computer/r/p/w/-original-imahg5fxzmyzbkv8.jpeg?q=70,"Acer Aspire 3 Intel Core i3 13th Gen 1305U - (8 GB/512 GB SSD/Windows 11 Home) A324-53 Thin and Light .... powered by Intel Core i3. 8GB DDR4 RAM. 512.0GB SSD. 14.0"" HD display. weighs 1.45kg. running Windows 11 Home.",Acer,Steel Gray,Thin and Light Laptop,Intel,Core i3,8,DDR4,Intel,Integrated Graphics,FALSE,512,SSD,14,HD,FALSE,1.45,,Windows 11 Home,FALSE,FALSE,FALSE,TRUE,TRUE
laptop,Lenovo Lenovo V15 G3 IAP Intel Core i7 12th Gen 1255U - (16 GB/512 GB SSD/Windows 11 Home) 82TTA073IN ...,https://www.flipkart.com/lenovo-v15-g3-iap-intel-core-i7-12th-gen-1255u-16-gb-512-gb-ssd-windows-11-home-82tta073in-thin-light-laptop/p/itm575eadcc5ae49?pid=COMH6XHKQCURM368&lid=LSTCOMH6XHKQCURM368GJ8RLB&marketplace=FLIPKART&store=6bo%2Fb5g&srno=b_20_463&otracker=browse&fm=organic&iid=fc78e920-598a-44cc-9532-83de34cf6779.COMH6XHKQCURM368.SEARCH&ppt=None&ppn=None&ssid=o5c1r3rmkg0000001764345776899,78949,4.2,10,https://rukminim2.flixcart.com/image/312/312/xif0q/computer/s/x/n/82tta07rih-thin-and-light-laptop-lenovo-original-imah7faabhq2pe3g.jpeg?q=70,"Lenovo Lenovo V15 G3 IAP Intel Core i7 12th Gen 1255U - (16 GB/512 GB SSD/Windows 11 Home) 82TTA073IN .... powered by Intel Core i7. 16GB DDR4 RAM. 512.0GB SSD. 15.6"" HD display. weighs 1.7kg. running Windows 11 Home.",Lenovo,Iron Grey,Thin and Light Laptop,Intel,Core i7,16,DDR4,Intel,Iris Xe,FALSE,512,SSD,15.6,HD,FALSE,1.7,,Windows 11 Home,FALSE,FALSE,TRUE,TRUE,TRUE
laptop,Acer Aspire 3 Backlit Intel Core i5 12th Gen 1235U - (16 GB/512 GB SSD/Windows 11 Home) A324-51 Thin a...,https://www.flipkart.com/acer-aspire-3-backlit-intel-core-i5-12th-gen-1235u-16-gb-512-gb-ssd-windows-11-home-a324-51-thin-light-laptop/p/itm4fa0fcf0e2e15?pid=COMHY24RMZ8PUDTT&lid=LSTCOMHY24RMZ8PUDTT6GAEHA&marketplace=FLIPKART&store=6bo%2Fb5g&srno=b_20_464&otracker=browse&fm=organic&iid=fc78e920-598a-44cc-9532-83de34cf6779.COMHY24RMZ8PUDTT.SEARCH&ppt=None&ppn=None&ssid=o5c1r3rmkg0000001764345776899,41990,4.2,213,https://rukminim2.flixcart.com/image/312/312/xif0q/computer/a/j/t/-original-imahg5fuh3kgzfnp.jpeg?q=70,"Acer Aspire 3 Backlit Intel Core i5 12th Gen 1235U - (16 GB/512 GB SSD/Windows 11 Home) A324-51 Thin a.... powered by Intel Core i5. 16GB DDR4 RAM. 512.0GB SSD. 14.0"" IPS display. weighs 1.45kg. running Windows 11 Home.",Acer,Steel Gray,Thin and Light Laptop,Intel,Core i5,16,DDR4,Intel,Integrated Graphics,FALSE,512,SSD,14,IPS,FALSE,1.45,,Windows 11 Home,FALSE,FALSE,TRUE,TRUE,TRUE
laptop,"ASUS Vivobook 15 (2025) (i5 14th Gen) with MSO 2024 + M365 Basic*, Backlit Keyboard, Intel Core 5 120U...",https://www.flipkart.com/asus-vivobook-15-2025-i5-14th-gen-mso-2024-m365-basic-backlit-keyboard-intel-core-5-120u-16-gb-512-gb-ssd-windows-11-home-x1504vap-nj2862ws-thin-light-laptop/p/itm509f174cc1a04?pid=COMHDG7CFDWVKYMZ&lid=LSTCOMHDG7CFDWVKYMZSDYMWT&marketplace=FLIPKART&store=6bo%2Fb5g&srno=b_20_465&otracker=browse&fm=organic&iid=en_EIQApXeFnM0m4e6a2eyytjx5FkRUQ9LrsNBw0UkHu5TwCNHz6RzKZcKg90InS6FJJubSY-XXxoDQMrwdvEBBPPUFjCTyOHoHZs-Z5_PS_w0%3D&ppt=None&ppn=None&ssid=o5c1r3rmkg0000001764345776899,49990,4.3,79,https://rukminim2.flixcart.com/image/312/312/xif0q/computer/k/u/e/-original-imahcd8gzqjnp2vv.jpeg?q=70,"ASUS Vivobook 15 (2025) (i5 14th Gen) with MSO 2024 + M365 Basic*, Backlit Keyboard, Intel Core 5 120U.... powered by Intel Core 5. 16GB DDR4 RAM. 512.0GB SSD. 15.6"" Full HD display. weighs 1.7kg. running Windows 11 Home.",ASUS,Cool Silver,Thin and Light Laptop,Intel,Core 5,16,DDR4,Intel,Integrated Graphics,FALSE,512,SSD,15.6,Full HD,FALSE,1.7,,Windows 11 Home,FALSE,FALSE,TRUE,TRUE,TRUE
laptop,Acer Aspire 7 Intel Core i5 13th Gen 13420H - (8 GB/512 GB SSD/Windows 11 Home/4 GB Graphics/NVIDIA Ge...,https://www.flipkart.com/acer-aspire-7-intel-core-i5-13th-gen-13420h-8-gb-512-gb-ssd-windows-11-home-4-graphics-nvidia-geforce-rtx-2050-a715-79g-gaming-laptop/p/itm8208102c97f99?pid=COMH3G96CZNHARJZ&lid=LSTCOMH3G96CZNHARJZXXIAVK&marketplace=FLIPKART&store=6bo%2Fb5g&srno=b_20_466&otracker=browse&fm=organic&iid=fc78e920-598a-44cc-9532-83de34cf6779.COMH3G96CZNHARJZ.SEARCH&ppt=None&ppn=None&ssid=o5c1r3rmkg0000001764345776899,61990,4.3,170,https://rukminim2.flixcart.com/image/312/312/xif0q/computer/q/r/y/-original-imahg53uzqygvzdc.jpeg?q=70,"Acer Aspire 7 Intel Core i5 13th Gen 13420H - (8 GB/512 GB SSD/Windows 11 Home/4 GB Graphics/NVIDIA Ge.... powered by Intel Core i5. 8GB DDR4 RAM. 512.0GB SSD. NVIDIA RTX 2050 graphics. 15.6"" HD display. weighs 1.99kg. running Windows 11 Home.",Acer,Black,Gaming Laptop,Intel,Core i5,8,DDR4,NVIDIA,RTX 2050,TRUE,512,SSD,15.6,HD,FALSE,1.99,,Windows 11 Home,TRUE,FALSE,FALSE,TRUE,TRUE
laptop,DELL 15 Intel Core i3 13th Gen 1305U - (16 GB/512 GB SSD/Windows 11 Home) OVN353025001RING1O Thin and ...,https://www.flipkart.com/dell-15-intel-core-i3-13th-gen-1305u-16-gb-512-gb-ssd-windows-11-home-ovn353025001ring1o-thin-light-laptop/p/itmb007cf7efac41?pid=COMHD99W94EPN2H2&lid=LSTCOMHD99W94EPN2H28GBQQL&marketplace=FLIPKART&store=6bo%2Fb5g&srno=b_20_467&otracker=browse&fm=organic&iid=en_EIQApXeFnM0m4e6a2eyytjx5FkRUQ9LrsNBw0UkHu5TcfAFg-hRqPVMOdFuVvP1OEkLod264BTOTANLjYPSTffUFjCTyOHoHZs-Z5_PS_w0%3D&ppt=None&ppn=None&ssid=o5c1r3rmkg0000001764345776899,38990,4.2,31,https://rukminim2.flixcart.com/image/312/312/xif0q/computer/f/i/b/-original-imahgx8ws7ypyhmd.jpeg?q=70,"DELL 15 Intel Core i3 13th Gen 1305U - (16 GB/512 GB SSD/Windows 11 Home) OVN353025001RING1O Thin and .... powered by Intel Core i3. 16GB DDR4 RAM. 512.0GB SSD. 15.6"" HD display. weighs 1.66kg. running Windows 11 Home.",DELL,Titan Grey,Thin and Light Laptop,Intel,Core i3,16,DDR4,Intel,Integrated Graphics,FALSE,512,SSD,15.6,HD,FALSE,1.66,,Windows 11 Home,FALSE,FALSE,TRUE,TRUE,TRUE
laptop,Lenovo IdeaPad Slim 5 Co-Pilot Next Gen AI PC Full Metal Snapdragon X Plus - (16 GB/1 TB SSD/Windows 1...,https://www.flipkart.com/lenovo-ideapad-slim-5-co-pilot-next-gen-ai-pc-full-metal-snapdragon-x-plus-16-gb-1-tb-ssd-windows-11-home-14q8x9-thin-light-laptop/p/itm8a59041fc8c0f?pid=COMH4N9CZ7JKPQQC&lid=LSTCOMH4N9CZ7JKPQQCOFLXDU&marketplace=FLIPKART&store=6bo%2Fb5g&srno=b_20_468&otracker=browse&fm=organic&iid=en_EIQApXeFnM0m4e6a2eyytjx5FkRUQ9LrsNBw0UkHu5RmzgSGRjAolYUcKKWKxD0Xmr8_Dvd2c2p1xsx-3Mn_CPUFjCTyOHoHZs-Z5_PS_w0%3D&ppt=None&ppn=None&ssid=o5c1r3rmkg0000001764345776899,57990,4.1,68,https://rukminim2.flixcart.com/image/312/312/xif0q/computer/6/l/r/-original-imahg5fxwyqndjhu.jpeg?q=70,"Lenovo IdeaPad Slim 5 Co-Pilot Next Gen AI PC Full Metal Snapdragon X Plus - (16 GB/1 TB SSD/Windows 1.... powered by Snapdragon X Plus. 16GB LPDDR5X RAM. 1024.0GB SSD. 14.0"" IPS display. weighs 1.48kg. running Windows 11 Home.",Lenovo,Cloud Grey,Thin and Light Laptop,Snapdragon,X Plus,16,LPDDR5X,Qualcomm,Adreno,FALSE,1024,SSD,14,IPS,FALSE,1.48,,Windows 11 Home,FALSE,FALSE,TRUE,TRUE,TRUE
laptop,MSI Katana 15 Intel Core i7 12th Gen 12650H - (8 GB/512 GB SSD/Windows 11 Home/6 GB Graphics/NVIDIA Ge...,https://www.flipkart.com/msi-katana-15-intel-core-i7-12th-gen-12650h-8-gb-512-gb-ssd-windows-11-home-6-graphics-nvidia-geforce-rtx-3050-144-hz-b12udxk-1017in-gaming-laptop/p/itmc1fcfaf2d031e?pid=COMGP8QVZHRWWNZF&lid=LSTCOMGP8QVZHRWWNZFGMXUA2&marketplace=FLIPKART&store=6bo%2Fb5g&srno=b_20_469&otracker=browse&fm=organic&iid=fc78e920-598a-44cc-9532-83de34cf6779.COMGP8QVZHRWWNZF.SEARCH&ppt=None&ppn=None&ssid=o5c1r3rmkg0000001764345776899,90299,4.8,2,https://rukminim2.flixcart.com/image/312/312/xif0q/computer/m/3/v/-original-imahg5fxs7jsnhwt.jpeg?q=70,"MSI Katana 15 Intel Core i7 12th Gen 12650H - (8 GB/512 GB SSD/Windows 11 Home/6 GB Graphics/NVIDIA Ge.... powered by Intel Core i7. 8GB DDR5 RAM. 512.0GB SSD. NVIDIA RTX 3050 graphics. 15.6"" IPS display. weighs 2.25kg. running Windows 11 Home.",MSI,Black,Gaming Laptop,Intel,Core i7,8,DDR5,NVIDIA,RTX 3050,TRUE,512,SSD,15.6,IPS,FALSE,2.25,,Windows 11 Home,TRUE,FALSE,FALSE,TRUE,FALSE
laptop,HP 250 G9 Intel Core i3 12th Gen Intel Core i3 1215U - (8 GB/512 GB SSD/Windows 11 Home) 250 G9 Busine...,https://www.flipkart.com/hp-250-g9-intel-core-i3-12th-gen-1215u-8-gb-512-gb-ssd-windows-11-home-business-laptop/p/itmaeab3e70c465d?pid=COMGWYWD7GTFGFQH&lid=LSTCOMGWYWD7GTFGFQHMRNKT6&marketplace=FLIPKART&store=6bo%2Fb5g&srno=b_20_470&otracker=browse&fm=organic&iid=fc78e920-598a-44cc-9532-83de34cf6779.COMGWYWD7GTFGFQH.SEARCH&ppt=None&ppn=None&ssid=o5c1r3rmkg0000001764345776899,35947,4.2,38,https://rukminim2.flixcart.com/image/312/312/xif0q/computer/e/t/j/250-g9-business-laptop-hp-original-imagwywdz8wmfbxz.jpeg?q=70,"HP 250 G9 Intel Core i3 12th Gen Intel Core i3 1215U - (8 GB/512 GB SSD/Windows 11 Home) 250 G9 Busine.... powered by Intel Core i3. 8GB DDR4 RAM. 512.0GB SSD. 15.6"" HD display. weighs 1.47kg. running Windows 11 Home.",HP,Silver,Business Laptop,Intel,Core i3,8,DDR4,,,FALSE,512,SSD,15.6,HD,FALSE,1.47,,Windows 11 Home,FALSE,FALSE,FALSE,TRUE,TRUE
laptop,ASUS Vivobook Go 15 AMD Ryzen 3 Quad Core 7320U - (8 GB/512 GB SSD/Windows 11 Home) E1504FA-NJ130WS | ...,https://www.flipkart.com/asus-vivobook-go-15-amd-ryzen-3-quad-core-7320u-8-gb-512-gb-ssd-windows-11-home-e1504fa-nj130ws-e1504fa-bq2322ws-thin-light-laptop/p/itm9af4f3b5de2ff?pid=COMH94992SQ8HYGZ&lid=LSTCOMH94992SQ8HYGZMHVF97&marketplace=FLIPKART&store=6bo%2Fb5g&srno=b_20_471&otracker=browse&fm=organic&iid=en_EIQApXeFnM0m4e6a2eyytjx5FkRUQ9LrsNBw0UkHu5R-4-bLybmS9rSZkVvdWrY04s37nkXtPpbgFELKp_SOVvUFjCTyOHoHZs-Z5_PS_w0%3D&ppt=None&ppn=None&ssid=o5c1r3rmkg0000001764345776899,30990,4.3,94,https://rukminim2.flixcart.com/image/312/312/xif0q/computer/m/y/o/-original-imahg5fxjta7gns7.jpeg?q=70,"ASUS Vivobook Go 15 AMD Ryzen 3 Quad Core 7320U - (8 GB/512 GB SSD/Windows 11 Home) E1504FA-NJ130WS | .... powered by AMD Ryzen 3. 8GB LPDDR5 RAM. 512.0GB SSD. AMD Radeon Amd graphics. 15.6"" Full HD display. weighs 1.63kg. running Windows 11 Home.",ASUS,Mixed Black,Thin and Light Laptop,AMD,Ryzen 3,8,LPDDR5,AMD,Radeon Amd,TRUE,512,SSD,15.6,Full HD,FALSE,1.63,,Windows 11 Home,TRUE,FALSE,FALSE,TRUE,TRUE
laptop,ASUS Vivobook Go 15 AMD Ryzen 5 Quad Core 7520U - (8 GB/512 GB SSD/Windows 11 Home) E1504FA-NJ132WS | ...,https://www.flipkart.com/asus-vivobook-go-15-amd-ryzen-5-quad-core-7520u-8-gb-512-gb-ssd-windows-11-home-e1504fa-nj132ws-e1504fa-nj521ws-thin-light-laptop/p/itm657eb80ea799a?pid=COMH9499JNGDGTZ5&lid=LSTCOMH9499JNGDGTZ5WJGUDN&marketplace=FLIPKART&store=6bo%2Fb5g&srno=b_20_472&otracker=browse&fm=organic&iid=en_EIQApXeFnM0m4e6a2eyytjx5FkRUQ9LrsNBw0UkHu5Q8gaWp1A5WSxhc2XW-FwFkUWkoD2J2j_YaEn3NUrRsVPUFjCTyOHoHZs-Z5_PS_w0%3D&ppt=None&ppn=None&ssid=o5c1r3rmkg0000001764345776899,36990,4.2,49,https://rukminim2.flixcart.com/image/312/312/xif0q/computer/k/b/i/-original-imahg53xeuxqm6bv.jpeg?q=70,"ASUS Vivobook Go 15 AMD Ryzen 5 Quad Core 7520U - (8 GB/512 GB SSD/Windows 11 Home) E1504FA-NJ132WS | .... powered by AMD Ryzen 5. 8GB LPDDR5 RAM. 512.0GB SSD. AMD Radeon Amd graphics. 15.6"" Full HD display. weighs 1.63kg. running Windows 11 Home.",ASUS,Cool Silver,Thin and Light Laptop,AMD,Ryzen 5,8,LPDDR5,AMD,Radeon Amd,TRUE,512,SSD,15.6,Full HD,FALSE,1.63,,Windows 11 Home,TRUE,FALSE,FALSE,TRUE,TRUE
laptop,DELL 15 Intel Core i5 12th Gen 1235U - (16 GB/512 GB SSD/Windows 11 Home) 3520 Thin and Light Laptop,https://www.flipkart.com/dell-15-intel-core-i5-12th-gen-1235u-16-gb-512-gb-ssd-windows-11-home-3520-thin-light-laptop/p/itm86b6eb68a0ca0?pid=COMH8EPFRSEP9Q6M&lid=LSTCOMH8EPFRSEP9Q6MRXDXFF&marketplace=FLIPKART&store=6bo%2Fb5g&srno=b_20_473&otracker=browse&fm=organic&iid=fc78e920-598a-44cc-9532-83de34cf6779.COMH8EPFRSEP9Q6M.SEARCH&ppt=None&ppn=None&ssid=o5c1r3rmkg0000001764345776899,53990,4.2,31,https://rukminim2.flixcart.com/image/312/312/xif0q/computer/t/x/u/-original-imahg533qbfzvyrc.jpeg?q=70,"DELL 15 Intel Core i5 12th Gen 1235U - (16 GB/512 GB SSD/Windows 11 Home) 3520 Thin and Light Laptop. powered by Intel Core i5. 16GB DDR4 RAM. 512.0GB SSD. 15.6"" HD display. weighs 1.69kg. running Windows 11 Home.",DELL,Titan Grey,Thin and Light Laptop,Intel,Core i5,16,DDR4,Intel,Iris Xe,FALSE,512,SSD,15.6,HD,FALSE,1.69,,Windows 11 Home,FALSE,FALSE,TRUE,TRUE,TRUE
laptop,Samsung Galaxy Book3 Pro 360 EVO AMOLED Intel Core i7 13th Gen 1360P - (16 GB/512 GB SSD/Windows 11 Ho...,https://www.flipkart.com/samsung-galaxy-book3-pro-360-evo-amoled-intel-core-i7-13th-gen-1360p-16-gb-512-gb-ssd-windows-11-home-np960qfg-ka1in-thin-light-laptop/p/itm5c25f62dc7f48?pid=COMGPXFFFXYTJ9MZ&lid=LSTCOMGPXFFFXYTJ9MZ966OGX&marketplace=FLIPKART&store=6bo%2Fb5g&srno=b_20_474&otracker=browse&fm=organic&iid=fc78e920-598a-44cc-9532-83de34cf6779.COMGPXFFFXYTJ9MZ.SEARCH&ppt=None&ppn=None&ssid=o5c1r3rmkg0000001764345776899,159199,4.5,3,https://rukminim2.flixcart.com/image/312/312/xif0q/computer/i/b/c/-original-imahg5fubyjzcqag.jpeg?q=70,"Samsung Galaxy Book3 Pro 360 EVO AMOLED Intel Core i7 13th Gen 1360P - (16 GB/512 GB SSD/Windows 11 Ho.... powered by Intel Core i7. 16GB DDR5 RAM. 512.0GB SSD. 16.0"" OLED display. weighs 1.66kg. running Windows 11 Home.",Samsung,Graphite,Thin and Light Laptop,Intel,Core i7,16,DDR5,Intel,Iris Xe,FALSE,512,SSD,16,OLED,FALSE,1.66,,Windows 11 Home,FALSE,FALSE,TRUE,TRUE,TRUE
laptop,"ASUS Vivobook S16 OLED (2025) with Backlit Keyboard, Metal Body*, Qualcomm Snapdragon X - (16 GB/512 G...",https://www.flipkart.com/asus-vivobook-s16-oled-2025-backlit-keyboard-metal-body-qualcomm-snapdragon-x-16-gb-512-gb-ssd-windows-11-home-s3607qa-sh078ws-thin-light-laptop/p/itm252509f1beb81?pid=COMHCQ5EYNZ2HRWW&lid=LSTCOMHCQ5EYNZ2HRWWUYQZ3F&marketplace=FLIPKART&store=6bo%2Fb5g&srno=b_20_475&otracker=browse&fm=organic&iid=en_EIQApXeFnM0m4e6a2eyytjx5FkRUQ9LrsNBw0UkHu5S4Mau8-PDhnqw36JSREJqSG2amLjs3IPadBpBV9DWta6V8WX5krIChubBlraAu4CQ%3D&ppt=None&ppn=None&ssid=o5c1r3rmkg0000001764345776899,71990,4.4,51,https://rukminim2.flixcart.com/image/312/312/xif0q/computer/g/4/k/-original-imahfn3geekjdudx.jpeg?q=70,"ASUS Vivobook S16 OLED (2025) with Backlit Keyboard, Metal Body*, Qualcomm Snapdragon X - (16 GB/512 G.... powered by Qualcomm Snapdragon X. 16GB LPDDR5X RAM. 512.0GB SSD. 16.0"" Full HD display. weighs 1.74kg. running Windows 11 Home.",ASUS,Pink,Thin and Light Laptop,Qualcomm,Snapdragon X,16,LPDDR5X,Qualcomm,Adreno,FALSE,512,SSD,16,Full HD,FALSE,1.74,,Windows 11 Home,FALSE,FALSE,TRUE,TRUE,TRUE
laptop,Lenovo LOQ Essential Intel Core i7 12th Gen 12650HX - (12 GB/512 GB SSD/Windows 11 Home/6 GB Graphics/...,https://www.flipkart.com/lenovo-loq-essential-intel-core-i7-12th-gen-12650hx-12-gb-512-gb-ssd-windows-11-home-6-graphics-nvidia-geforce-rtx-4050-144-hz-15iax9e-gaming-laptop/p/itm04eb1d3fb53f5?pid=COMHAQ3VKEQ6F7HU&lid=LSTCOMHAQ3VKEQ6F7HUQXEPU3&marketplace=FLIPKART&store=6bo%2Fb5g&srno=b_20_476&otracker=browse&fm=organic&iid=fc78e920-598a-44cc-9532-83de34cf6779.COMHAQ3VKEQ6F7HU.SEARCH&ppt=None&ppn=None&ssid=o5c1r3rmkg0000001764345776899,95090,4.1,19,https://rukminim2.flixcart.com/image/312/312/xif0q/computer/m/1/c/-original-imahg5fx9tgwusch.jpeg?q=70,"Lenovo LOQ Essential Intel Core i7 12th Gen 12650HX - (12 GB/512 GB SSD/Windows 11 Home/6 GB Graphics/.... powered by Intel Core i7. 12GB DDR5 RAM. 512.0GB SSD. NVIDIA RTX 4050 graphics. 15.6"" IPS display. weighs 1.77kg. running Windows 11 Home.",Lenovo,Luna Grey,Gaming Laptop,Intel,Core i7,12,DDR5,NVIDIA,RTX 4050,TRUE,512,SSD,15.6,IPS,FALSE,1.77,57,Windows 11 Home,TRUE,FALSE,FALSE,TRUE,TRUE
laptop,"ASUS Vivobook S14 Flip (2025) with Office 2024 + M365 Basic*, Backlit Keyboard, Intel Core i5 13th Gen...",https://www.flipkart.com/asus-vivobook-s14-flip-2025-office-2024-m365-basic-backlit-keyboard-intel-core-i5-13th-gen-13420h-16-gb-512-gb-ssd-windows-11-home-tp3402vao-lz612ws-2-1-laptop/p/itme494b3629a714?pid=COMH9SJ9VAJ7ZD99&lid=LSTCOMH9SJ9VAJ7ZD99ZNVNMB&marketplace=FLIPKART&store=6bo%2Fb5g&srno=b_20_477&otracker=browse&fm=organic&iid=en_EIQApXeFnM0m4e6a2eyytjx5FkRUQ9LrsNBw0UkHu5RMSf6h-xkobugGGqCNZ-mtgu1VHW1OrbMooQVsEbPVPQ891ypMzu4_aryI8_sihJ8%3D&ppt=None&ppn=None&ssid=o5c1r3rmkg0000001764345776899,63990,4.4,51,https://rukminim2.flixcart.com/image/312/312/xif0q/computer/a/s/e/-original-imahg4ut9hnhkwhg.jpeg?q=70,"ASUS Vivobook S14 Flip (2025) with Office 2024 + M365 Basic*, Backlit Keyboard, Intel Core i5 13th Gen.... powered by Intel Core i5. 16GB DDR4 RAM. 512.0GB SSD. 14.0"" IPS display. weighs 1.65kg. running Windows 11 Home.",ASUS,Transparent Silver,2 in 1 Laptop,Intel,Core i5,16,DDR4,Intel,Integrated Graphics,FALSE,512,SSD,14,IPS,FALSE,1.65,,Windows 11 Home,FALSE,FALSE,TRUE,TRUE,TRUE
laptop,HP 15 Intel Core i5 13th Gen 1334U - (16 GB/512 GB SSD/Windows 11 Home) 15-fd0576TU / 15-fd0467TU Thin...,https://www.flipkart.com/hp-15-intel-core-i5-13th-gen-1334u-16-gb-512-gb-ssd-windows-11-home-15-fd0576tu-15-fd0467tu-thin-light-laptop/p/itm3d552029526ba?pid=COMH8QXWHJRQKR6P&lid=LSTCOMH8QXWHJRQKR6PW3FWJH&marketplace=FLIPKART&store=6bo%2Fb5g&srno=b_20_478&otracker=browse&fm=organic&iid=en_EIQApXeFnM0m4e6a2eyytjx5FkRUQ9LrsNBw0UkHu5RIdyYi1p0be3mLSRtTuxYjOQ4yeMQ7k9OzDYgchIoHfhhTy0lUJ14SzoMSv_CzLF0%3D&ppt=None&ppn=None&ssid=o5c1r3rmkg0000001764345776899,54990,4.2,45,https://rukminim2.flixcart.com/image/312/312/xif0q/computer/t/v/8/-original-imahg5fxfpvjasap.jpeg?q=70,"HP 15 Intel Core i5 13th Gen 1334U - (16 GB/512 GB SSD/Windows 11 Home) 15-fd0576TU / 15-fd0467TU Thin.... powered by Intel Core i5. 16GB DDR4 RAM. 512.0GB SSD. 15.6"" Full HD display. weighs 1.59kg. running Windows 11 Home.",HP,Silver,Thin and Light Laptop,Intel,Core i5,16,DDR4,Intel,Iris Xe,FALSE,512,SSD,15.6,Full HD,FALSE,1.59,,Windows 11 Home,FALSE,FALSE,TRUE,TRUE,TRUE
laptop,Apple MacBook Pro M3 Pro - (18 GB/512 GB SSD/macOS Sonoma) MRX63HN/A,https://www.flipkart.com/apple-macbook-pro-m3-18-gb-512-gb-ssd-macos-sonoma-mrx63hn-a/p/itmcd041a34ee857?pid=COMGUTX8ABUHZXJY&lid=LSTCOMGUTX8ABUHZXJYMBE0G8&marketplace=FLIPKART&store=6bo%2Fb5g&srno=b_20_479&otracker=browse&fm=organic&iid=fc78e920-598a-44cc-9532-83de34cf6779.COMGUTX8ABUHZXJY.SEARCH&ppt=None&ppn=None&ssid=o5c1r3rmkg0000001764345776899,186699,4.9,1,https://rukminim2.flixcart.com/image/312/312/xif0q/computer/u/v/n/-original-imaguw3hhw9ce9ry.jpeg?q=70,"Apple MacBook Pro M3 Pro - (18 GB/512 GB SSD/macOS Sonoma) MRX63HN/A. powered by Apple M3 PRO. 18GB Unified Memory RAM. 512.0GB SSD. 14.0"" HD display. weighs 1.61kg. running macOS Sonoma.",Apple,Silver,Thin and Light Laptop,Apple,M3 PRO,18,Unified Memory,,,FALSE,512,SSD,14,HD,FALSE,1.61,,macOS Sonoma,FALSE,FALSE,TRUE,TRUE,TRUE
laptop,"ASUS Zenbook 14 OLED AI PC, Full Metal Body, Intel Core Ultra 9 185H - (32 GB/1 TB SSD/Windows 11 Home...",https://www.flipkart.com/asus-zenbook-14-oled-ai-pc-full-metal-body-intel-core-ultra-9-185h-32-gb-1-tb-ssd-windows-11-home-ux3405ma-pz961ws-thin-light-laptop/p/itm859da18328490?pid=COMHYG8ZDFE9PUJZ&lid=LSTCOMHYG8ZDFE9PUJZKS1XW8&marketplace=FLIPKART&store=6bo%2Fb5g&srno=b_20_480&otracker=browse&fm=organic&iid=fc78e920-598a-44cc-9532-83de34cf6779.COMHYG8ZDFE9PUJZ.SEARCH&ppt=None&ppn=None&ssid=o5c1r3rmkg0000001764345776899,144990,4.8,0,https://rukminim2.flixcart.com/image/312/312/xif0q/computer/v/b/d/-original-imahg5fygqmeqnub.jpeg?q=70,"ASUS Zenbook 14 OLED AI PC, Full Metal Body, Intel Core Ultra 9 185H - (32 GB/1 TB SSD/Windows 11 Home.... powered by Intel Core Ultra 9. 32GB LPDDR5X RAM. 1024.0GB SSD. 14.0"" OLED display. weighs 1.28kg. running Windows 11 Home.",ASUS,Foggy Silver,Thin and Light Laptop,Intel,Core Ultra 9,32,LPDDR5X,Intel,Integrated Graphics,FALSE,1024,SSD,14,OLED,FALSE,1.28,,Windows 11 Home,FALSE,TRUE,TRUE,TRUE,TRUE
laptop,Samsung Galaxy Book4 Edge Series Copilot AI-PC Full Metal Chasis Qualcomm Snapdragon X - (16 GB/512 GB...,https://www.flipkart.com/samsung-galaxy-book4-edge-series-copilot-ai-pc-full-metal-chasis-qualcomm-snapdragon-x-16-gb-512-gb-ssd-windows-11-home-np750xqb-ka1in-thin-light-laptop/p/itm1d61ec8d90cc7?pid=COMHE4ATFWNVHXHS&lid=LSTCOMHE4ATFWNVHXHSIHS0FO&marketplace=FLIPKART&store=6bo%2Fb5g&srno=b_21_481&otracker=browse&fm=organic&iid=en_jqqX0tGUwKRD8HB8_7EBOkPHLAw-1j4SOhSzElYv9iq4QaFABYQRTMtT47Iek0dN_lVT3mDZ57aAKquXI1m8ovUFjCTyOHoHZs-Z5_PS_w0%3D&ppt=None&ppn=None&ssid=pcw3eo5hf40000001764345785354,64990,4.4,128,https://rukminim2.flixcart.com/image/312/312/xif0q/computer/a/g/p/-original-imahgwkqughzkwt3.jpeg?q=70,"Samsung Galaxy Book4 Edge Series Copilot AI-PC Full Metal Chasis Qualcomm Snapdragon X - (16 GB/512 GB.... powered by Qualcomm Snapdragon X. 16GB LPDDR5X RAM. 512.0GB SSD. 15.6"" HD display. weighs 1.55kg. running Windows 11 Home.",Samsung,Sapphire Blue,Thin and Light Laptop,Qualcomm,Snapdragon X,16,LPDDR5X,Qualcomm,Adreno,FALSE,512,SSD,15.6,HD,FALSE,1.55,,Windows 11 Home,FALSE,FALSE,TRUE,TRUE,TRUE
laptop,"ASUS Vivobook 15 (2025) with Office 2024 + M365 Basic*, Intel Core i3 13th Gen 1315U - (8 GB/512 GB SS...",https://www.flipkart.com/asus-vivobook-15-2025-office-2024-m365-basic-intel-core-i3-13th-gen-1315u-8-gb-512-gb-ssd-windows-11-home-x1504va-nj3700ws-thin-light-laptop/p/itmf31c79724a398?pid=COMHCQ5ECZZV6THK&lid=LSTCOMHCQ5ECZZV6THKTW8YMF&marketplace=FLIPKART&store=6bo%2Fb5g&srno=b_21_482&otracker=browse&fm=organic&iid=en_jqqX0tGUwKRD8HB8_7EBOkPHLAw-1j4SOhSzElYv9irKdXzVIqZ1rwWSSJUutZ7EVLCGCpnr56tU-0Batk7usvUFjCTyOHoHZs-Z5_PS_w0%3D&ppt=None&ppn=None&ssid=pcw3eo5hf40000001764345785354,34990,4.3,163,https://rukminim2.flixcart.com/image/312/312/xif0q/computer/b/l/v/-original-imahgfdffszmurd7.jpeg?q=70,"ASUS Vivobook 15 (2025) with Office 2024 + M365 Basic*, Intel Core i3 13th Gen 1315U - (8 GB/512 GB SS.... powered by Intel Core i3. 8GB DDR4 RAM. 512.0GB SSD. 15.6"" Full HD display. weighs 1.7kg. running Windows 11 Home.",ASUS,Terra Cotta,Thin and Light Laptop,Intel,Core i3,8,DDR4,Intel,Integrated Graphics,FALSE,512,SSD,15.6,Full HD,FALSE,1.7,,Windows 11 Home,FALSE,FALSE,FALSE,TRUE,TRUE
laptop,Apple MacBook Pro M4 - (16 GB/512 GB SSD/macOS Sequoia) MW2U3HN/A,https://www.flipkart.com/apple-macbook-pro-m4-16-gb-512-gb-ssd-macos-sequoia-mw2u3hn-a/p/itmcd041a34ee857?pid=COMH64PYG8JBCC8Z&lid=LSTCOMH64PYG8JBCC8ZQEGSNB&marketplace=FLIPKART&store=6bo%2Fb5g&srno=b_21_483&otracker=browse&fm=organic&iid=91c328e3-321e-4533-b11b-01685162d296.COMH64PYG8JBCC8Z.SEARCH&ppt=None&ppn=None&ssid=pcw3eo5hf40000001764345785354,169900,4.9,5,https://rukminim2.flixcart.com/image/312/312/xif0q/computer/p/f/l/-original-imah697na9bjbnsx.jpeg?q=70,"Apple MacBook Pro M4 - (16 GB/512 GB SSD/macOS Sequoia) MW2U3HN/A. powered by Apple M4. 16GB Unified Memory RAM. 512.0GB SSD. 14.0"" Retina display. weighs 1.55kg. running macOS Sequoia.",Apple,Space Black,Thin and Light Laptop,Apple,M4,16,Unified Memory,,,FALSE,512,SSD,14,Retina,FALSE,1.55,,macOS Sequoia,FALSE,FALSE,TRUE,TRUE,TRUE
laptop,Samsung Galaxy Book4 Pro Evo AI PC Intel Core Ultra 7 155H - (32 GB/1 TB SSD/Windows 11 Home) NP960XGK...,https://www.flipkart.com/samsung-galaxy-book4-pro-evo-ai-pc-intel-core-ultra-7-155h-32-gb-1-tb-ssd-windows-11-home-np960xgk-kg3in-np960xgk-lg3in-thin-light-laptop/p/itm370bc665c0725?pid=COMGY2H4BQUGPBU5&lid=LSTCOMGY2H4BQUGPBU52NOOMA&marketplace=FLIPKART&store=6bo%2Fb5g&srno=b_21_484&otracker=browse&fm=organic&iid=91c328e3-321e-4533-b11b-01685162d296.COMGY2H4BQUGPBU5.SEARCH&ppt=None&ppn=None&ssid=pcw3eo5hf40000001764345785354,176699,4,4,https://rukminim2.flixcart.com/image/312/312/xif0q/computer/2/f/q/-original-imahg5fu6qj6zcvv.jpeg?q=70,"Samsung Galaxy Book4 Pro Evo AI PC Intel Core Ultra 7 155H - (32 GB/1 TB SSD/Windows 11 Home) NP960XGK.... powered by Intel Core Ultra 7. 32GB LPDDR5X RAM. 1024.0GB SSD. 16.0"" OLED display. weighs 1.56kg. running Windows 11 Home.",Samsung,Moonstone Gray,Thin and Light Laptop,Intel,Core Ultra 7,32,LPDDR5X,Intel,Integrated Graphics,FALSE,1024,SSD,16,OLED,FALSE,1.56,,Windows 11 Home,FALSE,TRUE,TRUE,TRUE,TRUE
laptop,Lenovo IdeaPad Slim 3 Next Gen AI PC WUXGA IPS Copilot + PC Qualcomm Snapdragon X - (16 GB/512 GB SSD/...,https://www.flipkart.com/lenovo-ideapad-slim-3-next-gen-ai-pc-wuxga-ips-copilot-qualcomm-snapdragon-x-16-gb-512-gb-ssd-windows-11-home-15q8x10-thin-light-laptop/p/itm097ac7e15511b?pid=COMHDMJYDGBTMJXG&lid=LSTCOMHDMJYDGBTMJXG112MJM&marketplace=FLIPKART&store=6bo%2Fb5g&srno=b_21_485&otracker=browse&fm=organic&iid=en_jqqX0tGUwKRD8HB8_7EBOkPHLAw-1j4SOhSzElYv9irTwXBortdY0v8OrmbYMZ4QNwAKNkUyoQ8jObELuPEQTPUFjCTyOHoHZs-Z5_PS_w0%3D&ppt=None&ppn=None&ssid=pcw3eo5hf40000001764345785354,49990,4.3,27,https://rukminim2.flixcart.com/image/312/312/xif0q/computer/d/z/z/-original-imahgfdfx3hhguyc.jpeg?q=70,"Lenovo IdeaPad Slim 3 Next Gen AI PC WUXGA IPS Copilot + PC Qualcomm Snapdragon X - (16 GB/512 GB SSD/.... powered by Qualcomm Snapdragon X. 16GB LPDDR5X RAM. 512.0GB SSD. 15.3"" IPS display. weighs 1.55kg. running Windows 11 Home.",Lenovo,Luna Grey,Thin and Light Laptop,Qualcomm,Snapdragon X,16,LPDDR5X,Qualcomm,Adreno,FALSE,512,SSD,15.3,IPS,FALSE,1.55,50,Windows 11 Home,FALSE,FALSE,TRUE,TRUE,TRUE
laptop,ASUS TUF Gaming F16 (2025) with Office 2024 + M365 Basic* Intel Core i5 13th Gen 13450HX - (16 GB/1 TB...,https://www.flipkart.com/asus-tuf-gaming-f16-2025-office-2024-m365-basic-intel-core-i5-13th-gen-13450hx-16-gb-1-tb-ssd-windows-11-home-8-gb-graphics-nvidia-geforce-rtx-5050-165-hz-fx608jh-rv057ws-laptop/p/itm44eb1a88aa0d3?pid=COMHCQ4KVFK5BHYU&lid=LSTCOMHCQ4KVFK5BHYUMDMDMY&marketplace=FLIPKART&store=6bo%2Fb5g&srno=b_21_486&otracker=browse&fm=organic&iid=91c328e3-321e-4533-b11b-01685162d296.COMHCQ4KVFK5BHYU.SEARCH&ppt=None&ppn=None&ssid=pcw3eo5hf40000001764345785354,109990,4.7,19,https://rukminim2.flixcart.com/image/312/312/xif0q/computer/i/f/s/-original-imahgfdffz6ehhqf.jpeg?q=70,"ASUS TUF Gaming F16 (2025) with Office 2024 + M365 Basic* Intel Core i5 13th Gen 13450HX - (16 GB/1 TB.... powered by Intel Core i5. 16GB DDR5 RAM. 1024.0GB SSD. NVIDIA RTX 5050 graphics. 16.0"" IPS display. weighs 2.2kg. running Windows 11 Home.",ASUS,Jaeger Gray,Gaming Laptop,Intel,Core i5,16,DDR5,NVIDIA,RTX 5050,TRUE,1024,SSD,16,IPS,FALSE,2.2,,Windows 11 Home,TRUE,TRUE,TRUE,TRUE,FALSE
laptop,Acer Aspire 3 Intel Core i3 13th Gen 1305U - (8 GB/512 GB SSD/Windows 11 Home) A324-53 Thin and Light ...,https://www.flipkart.com/acer-aspire-3-intel-core-i3-13th-gen-1305u-8-gb-512-gb-ssd-windows-11-home-a324-53-thin-light-laptop/p/itma6a6812aa712e?pid=COMH4B6CGTPNVJW9&lid=LSTCOMH4B6CGTPNVJW9JOF4ZC&marketplace=FLIPKART&store=6bo%2Fb5g&srno=b_21_487&otracker=browse&fm=organic&iid=en_jqqX0tGUwKRD8HB8_7EBOkPHLAw-1j4SOhSzElYv9ipb3ChBuyZC8xG4F10DZswap5iBsv_cHJc2xbWysDCSOfUFjCTyOHoHZs-Z5_PS_w0%3D&ppt=None&ppn=None&ssid=pcw3eo5hf40000001764345785354,30990,4.3,233,https://rukminim2.flixcart.com/image/312/312/xif0q/computer/r/p/w/-original-imahg5fxzmyzbkv8.jpeg?q=70,"Acer Aspire 3 Intel Core i3 13th Gen 1305U - (8 GB/512 GB SSD/Windows 11 Home) A324-53 Thin and Light .... powered by Intel Core i3. 8GB DDR4 RAM. 512.0GB SSD. 14.0"" HD display. weighs 1.45kg. running Windows 11 Home.",Acer,Steel Gray,Thin and Light Laptop,Intel,Core i3,8,DDR4,Intel,Integrated Graphics,FALSE,512,SSD,14,HD,FALSE,1.45,,Windows 11 Home,FALSE,FALSE,FALSE,TRUE,TRUE
laptop,"ASUS Vivobook 15 (2025) (i5 14th Gen) with MSO 2024 + M365 Basic*, Backlit Keyboard, Intel Core 5 120U...",https://www.flipkart.com/asus-vivobook-15-2025-i5-14th-gen-mso-2024-m365-basic-backlit-keyboard-intel-core-5-120u-16-gb-512-gb-ssd-windows-11-home-x1504vap-nj2862ws-thin-light-laptop/p/itm509f174cc1a04?pid=COMHDG7CFDWVKYMZ&lid=LSTCOMHDG7CFDWVKYMZSDYMWT&marketplace=FLIPKART&store=6bo%2Fb5g&srno=b_21_488&otracker=browse&fm=organic&iid=en_jqqX0tGUwKRD8HB8_7EBOkPHLAw-1j4SOhSzElYv9iovbVKBy7KQDswPsw1plV6SJubSY-XXxoDQMrwdvEBBPPUFjCTyOHoHZs-Z5_PS_w0%3D&ppt=None&ppn=None&ssid=pcw3eo5hf40000001764345785354,49990,4.3,79,https://rukminim2.flixcart.com/image/312/312/xif0q/computer/k/u/e/-original-imahcd8gzqjnp2vv.jpeg?q=70,"ASUS Vivobook 15 (2025) (i5 14th Gen) with MSO 2024 + M365 Basic*, Backlit Keyboard, Intel Core 5 120U.... powered by Intel Core 5. 16GB DDR4 RAM. 512.0GB SSD. 15.6"" Full HD display. weighs 1.7kg. running Windows 11 Home.",ASUS,Cool Silver,Thin and Light Laptop,Intel,Core 5,16,DDR4,Intel,Integrated Graphics,FALSE,512,SSD,15.6,Full HD,FALSE,1.7,,Windows 11 Home,FALSE,FALSE,TRUE,TRUE,TRUE
laptop,HP Victus Intel Core i5 13th Gen 13420H - (16 GB/1 TB SSD/Windows 11 Home/4 GB Graphics/NVIDIA GeForce...,https://www.flipkart.com/hp-victus-intel-core-i5-13th-gen-13420h-16-gb-1-tb-ssd-windows-11-home-4-gb-graphics-nvidia-geforce-rtx-2050-15-fa1307tx-gaming-laptop/p/itmdc1c4e71b1064?pid=COMHYBPJNBAKURKD&lid=LSTCOMHYBPJNBAKURKDHX6QOI&marketplace=FLIPKART&store=6bo%2Fb5g&srno=b_21_489&otracker=browse&fm=organic&iid=91c328e3-321e-4533-b11b-01685162d296.COMHYBPJNBAKURKD.SEARCH&ppt=None&ppn=None&ssid=pcw3eo5hf40000001764345785354,70900,4.3,2,https://rukminim2.flixcart.com/image/312/312/xif0q/computer/3/s/x/-original-imahcyp7h7smsrbh.jpeg?q=70,"HP Victus Intel Core i5 13th Gen 13420H - (16 GB/1 TB SSD/Windows 11 Home/4 GB Graphics/NVIDIA GeForce.... powered by Intel Core i5. 16GB DDR4 RAM. 1024.0GB SSD. NVIDIA RTX 2050 graphics. 15.6"" IPS display. weighs 2.37kg. running Windows 11 Home.",HP,Mica Silver,Gaming Laptop,Intel,Core i5,16,DDR4,NVIDIA,RTX 2050,TRUE,1024,SSD,15.6,IPS,FALSE,2.37,,Windows 11 Home,TRUE,TRUE,TRUE,TRUE,FALSE
laptop,Apple M4 - (16 GB/512 GB SSD/macOS Sequoia) MW2W3HN/A,https://www.flipkart.com/apple-m4-16-gb-512-gb-ssd-macos-sequoia-mw2w3hn-a/p/itmcd041a34ee857?pid=COMH64PYDPMXUHGS&lid=LSTCOMH64PYDPMXUHGSOAM8Z2&marketplace=FLIPKART&store=6bo%2Fb5g&srno=b_21_490&otracker=browse&fm=organic&iid=91c328e3-321e-4533-b11b-01685162d296.COMH64PYDPMXUHGS.SEARCH&ppt=None&ppn=None&ssid=pcw3eo5hf40000001764345785354,169900,4.8,0,https://rukminim2.flixcart.com/image/312/312/xif0q/computer/c/n/d/-original-imah697n9dharp9z.jpeg?q=70,"Apple M4 - (16 GB/512 GB SSD/macOS Sequoia) MW2W3HN/A. powered by Apple M4. 16GB Unified Memory RAM. 512.0GB SSD. 14.0"" Retina display. weighs 1.55kg. running macOS Sequoia.",Apple,Silver,Thin and Light Laptop,Apple,M4,16,Unified Memory,,,FALSE,512,SSD,14,Retina,FALSE,1.55,,macOS Sequoia,FALSE,FALSE,TRUE,TRUE,TRUE
laptop,MOTOROLA Motobook 60 Full Metal OLED (i5 14th Gen) Intel Core 5 (Series 2) 210H - (16 GB/512 GB SSD/Wi...,https://www.flipkart.com/motorola-motobook-60-full-metal-oled-i5-14th-gen-intel-core-5-series-2-210h-16-gb-512-gb-ssd-windows-11-home-14irh10r-thin-light-laptop/p/itme7b254581c42e?pid=COMHAUZW4MMNNCGT&lid=LSTCOMHAUZW4MMNNCGTEVATRK&marketplace=FLIPKART&store=6bo%2Fb5g&srno=b_21_491&otracker=browse&fm=organic&iid=en_jqqX0tGUwKRD8HB8_7EBOkPHLAw-1j4SOhSzElYv9irn3Xr1DgUuPUR_g-r72DmLTtQ3kAa7GWVHZmlPP8GfYQ%3D%3D&ppt=None&ppn=None&ssid=pcw3eo5hf40000001764345785354,49990,4.4,200,https://rukminim2.flixcart.com/image/312/312/xif0q/computer/g/r/p/-original-imahg5ftvnmqhgqp.jpeg?q=70,"MOTOROLA Motobook 60 Full Metal OLED (i5 14th Gen) Intel Core 5 (Series 2) 210H - (16 GB/512 GB SSD/Wi.... powered by Intel Core 5 (Series 2). 16GB DDR5 RAM. 512.0GB SSD. 14.0"" OLED display. weighs 1.4kg. running Windows 11 Home.",MOTOROLA,PANTONE Bronze Green,Thin and Light Laptop,Intel,Core 5 (Series 2),16,DDR5,Intel,Integrated Graphics,FALSE,512,SSD,14,OLED,FALSE,1.4,,Windows 11 Home,FALSE,FALSE,TRUE,TRUE,TRUE
laptop,DELL 15 Intel Core i3 13th Gen 1305U - (16 GB/512 GB SSD/Windows 11 Home) OVN353025001RING1O Thin and ...,https://www.flipkart.com/dell-15-intel-core-i3-13th-gen-1305u-16-gb-512-gb-ssd-windows-11-home-ovn353025001ring1o-thin-light-laptop/p/itmb007cf7efac41?pid=COMHD99W94EPN2H2&lid=LSTCOMHD99W94EPN2H28GBQQL&marketplace=FLIPKART&store=6bo%2Fb5g&srno=b_21_492&otracker=browse&fm=organic&iid=en_jqqX0tGUwKRD8HB8_7EBOkPHLAw-1j4SOhSzElYv9ipe0KyJp5Uicp6jJQlMkMltxmq-N3ckn5uu7Zz4vmIU_vUFjCTyOHoHZs-Z5_PS_w0%3D&ppt=None&ppn=None&ssid=pcw3eo5hf40000001764345785354,38990,4.2,31,https://rukminim2.flixcart.com/image/312/312/xif0q/computer/f/i/b/-original-imahgx8ws7ypyhmd.jpeg?q=70,"DELL 15 Intel Core i3 13th Gen 1305U - (16 GB/512 GB SSD/Windows 11 Home) OVN353025001RING1O Thin and .... powered by Intel Core i3. 16GB DDR4 RAM. 512.0GB SSD. 15.6"" HD display. weighs 1.66kg. running Windows 11 Home.",DELL,Titan Grey,Thin and Light Laptop,Intel,Core i3,16,DDR4,Intel,Integrated Graphics,FALSE,512,SSD,15.6,HD,FALSE,1.66,,Windows 11 Home,FALSE,FALSE,TRUE,TRUE,TRUE
laptop,Lenovo Yoga 7 OLED AI PC Intel Core Ultra 5 125H - (16 GB/1 TB SSD/Windows 11 Home) 14IML9 2 in 1 Lapt...,https://www.flipkart.com/lenovo-yoga-7-oled-ai-pc-intel-core-ultra-5-125h-16-gb-1-tb-ssd-windows-11-home-14iml9-2-1-laptop/p/itm1ef35128279ee?pid=COMHY24RNAZZBJCZ&lid=LSTCOMHY24RNAZZBJCZYUOFMI&marketplace=FLIPKART&store=6bo%2Fb5g&srno=b_21_493&otracker=browse&fm=organic&iid=91c328e3-321e-4533-b11b-01685162d296.COMHY24RNAZZBJCZ.SEARCH&ppt=None&ppn=None&ssid=pcw3eo5hf40000001764345785354,93990,4.3,5,https://rukminim2.flixcart.com/image/312/312/xif0q/computer/b/n/e/-original-imahg52hdkhy4bgx.jpeg?q=70,"Lenovo Yoga 7 OLED AI PC Intel Core Ultra 5 125H - (16 GB/1 TB SSD/Windows 11 Home) 14IML9 2 in 1 Lapt.... powered by Intel Core Ultra 5. 16GB LPDDR5X RAM. 1024.0GB SSD. 14.0"" OLED display. weighs 1.49kg. running Windows 11 Home.",Lenovo,Tidal Teal,2 in 1 Laptop,Intel,Core Ultra 5,16,LPDDR5X,Intel,Integrated Graphics,FALSE,1024,SSD,14,OLED,TRUE,1.49,,Windows 11 Home,FALSE,FALSE,TRUE,TRUE,TRUE
laptop,DELL Latitude 3540 (2024) Intel Core i3 12th Gen 1215U - (8 GB/512 GB SSD/Windows 11 Pro) Latitude 354...,https://www.flipkart.com/dell-latitude-3540-2024-intel-core-i3-12th-gen-1215u-8-gb-512-gb-ssd-windows-11-pro-business-laptop/p/itm7f265faf0871e?pid=COMH5G782C9SZAKT&lid=LSTCOMH5G782C9SZAKTUFJKO2&marketplace=FLIPKART&store=6bo%2Fb5g&srno=b_21_494&otracker=browse&fm=organic&iid=91c328e3-321e-4533-b11b-01685162d296.COMH5G782C9SZAKT.SEARCH&ppt=None&ppn=None&ssid=pcw3eo5hf40000001764345785354,35190,4.1,3,https://rukminim2.flixcart.com/image/312/312/xif0q/computer/a/g/v/latitude-3540-business-laptop-dell-original-imah5g78h57cfzy4.jpeg?q=70,"DELL Latitude 3540 (2024) Intel Core i3 12th Gen 1215U - (8 GB/512 GB SSD/Windows 11 Pro) Latitude 354.... powered by Intel Core i3. 8GB DDR4 RAM. 512.0GB SSD. 15.6"" HD display. weighs 1.6kg. running Windows 11 Pro.",DELL,Smoky Black,Business Laptop,Intel,Core i3,8,DDR4,Intel,Integrated Graphics,FALSE,512,SSD,15.6,HD,TRUE,1.6,,Windows 11 Pro,FALSE,FALSE,FALSE,TRUE,TRUE
laptop,Lenovo IdeaPad Slim 5 Co-Pilot Next Gen AI PC Full Metal Snapdragon X Plus - (16 GB/1 TB SSD/Windows 1...,https://www.flipkart.com/lenovo-ideapad-slim-5-co-pilot-next-gen-ai-pc-full-metal-snapdragon-x-plus-16-gb-1-tb-ssd-windows-11-home-14q8x9-thin-light-laptop/p/itm8a59041fc8c0f?pid=COMH4N9CZ7JKPQQC&lid=LSTCOMH4N9CZ7JKPQQCOFLXDU&marketplace=FLIPKART&store=6bo%2Fb5g&srno=b_21_495&otracker=browse&fm=organic&iid=en_jqqX0tGUwKRD8HB8_7EBOkPHLAw-1j4SOhSzElYv9iqTw_WF0ITLZqHKQngOHEAXsQZOMXCSfQ57uU2tYWgzIvUFjCTyOHoHZs-Z5_PS_w0%3D&ppt=None&ppn=None&ssid=pcw3eo5hf40000001764345785354,57990,4.1,68,https://rukminim2.flixcart.com/image/312/312/xif0q/computer/6/l/r/-original-imahg5fxwyqndjhu.jpeg?q=70,"Lenovo IdeaPad Slim 5 Co-Pilot Next Gen AI PC Full Metal Snapdragon X Plus - (16 GB/1 TB SSD/Windows 1.... powered by Snapdragon X Plus. 16GB LPDDR5X RAM. 1024.0GB SSD. 14.0"" IPS display. weighs 1.48kg. running Windows 11 Home.",Lenovo,Cloud Grey,Thin and Light Laptop,Snapdragon,X Plus,16,LPDDR5X,Qualcomm,Adreno,FALSE,1024,SSD,14,IPS,FALSE,1.48,,Windows 11 Home,FALSE,FALSE,TRUE,TRUE,TRUE
laptop,DELL Inspiron MSO 2024 Intel Core i5 13th Gen 1334U - (16 GB/512 GB SSD/Windows 11 Home) Inspiron 3530...,https://www.flipkart.com/dell-inspiron-mso-2024-intel-core-i5-13th-gen-1334u-16-gb-512-gb-ssd-windows-11-home-3530-thin-light-laptop/p/itm56b02a3274b1b?pid=COMH88MJXJTQSN8B&lid=LSTCOMH88MJXJTQSN8BZCFDZE&marketplace=FLIPKART&store=6bo%2Fb5g&srno=b_21_496&otracker=browse&fm=organic&iid=91c328e3-321e-4533-b11b-01685162d296.COMH88MJXJTQSN8B.SEARCH&ppt=None&ppn=None&ssid=pcw3eo5hf40000001764345785354,51990,4.2,16,https://rukminim2.flixcart.com/image/312/312/xif0q/computer/e/y/p/inspiron-3530-thin-and-light-laptop-dell-original-imah89qd2acsdzwg.jpeg?q=70,"DELL Inspiron MSO 2024 Intel Core i5 13th Gen 1334U - (16 GB/512 GB SSD/Windows 11 Home) Inspiron 3530.... powered by Intel Core i5. 16GB DDR4 RAM. 512.0GB SSD. 15.6"" Full HD display. weighs 1.62kg. running Windows 11 Home.",DELL,Platinum Silver,Thin and Light Laptop,Intel,Core i5,16,DDR4,Intel,Integrated Graphics,FALSE,512,SSD,15.6,Full HD,FALSE,1.62,3,Windows 11 Home,FALSE,FALSE,TRUE,TRUE,TRUE
laptop,ASUS Vivobook Go 15 AMD Ryzen 3 Quad Core 7320U - (8 GB/512 GB SSD/Windows 11 Home) E1504FA-NJ130WS | ...,https://www.flipkart.com/asus-vivobook-go-15-amd-ryzen-3-quad-core-7320u-8-gb-512-gb-ssd-windows-11-home-e1504fa-nj130ws-e1504fa-bq2322ws-thin-light-laptop/p/itm9af4f3b5de2ff?pid=COMH94992SQ8HYGZ&lid=LSTCOMH94992SQ8HYGZMHVF97&marketplace=FLIPKART&store=6bo%2Fb5g&srno=b_21_497&otracker=browse&fm=organic&iid=en_jqqX0tGUwKRD8HB8_7EBOkPHLAw-1j4SOhSzElYv9iracw3kp02b-kwk44fwMTViAZUylytcEKYA_kTv_pI5n_UFjCTyOHoHZs-Z5_PS_w0%3D&ppt=None&ppn=None&ssid=pcw3eo5hf40000001764345785354,30990,4.3,94,https://rukminim2.flixcart.com/image/312/312/xif0q/computer/m/y/o/-original-imahg5fxjta7gns7.jpeg?q=70,"ASUS Vivobook Go 15 AMD Ryzen 3 Quad Core 7320U - (8 GB/512 GB SSD/Windows 11 Home) E1504FA-NJ130WS | .... powered by AMD Ryzen 3. 8GB LPDDR5 RAM. 512.0GB SSD. AMD Radeon Amd graphics. 15.6"" Full HD display. weighs 1.63kg. running Windows 11 Home.",ASUS,Mixed Black,Thin and Light Laptop,AMD,Ryzen 3,8,LPDDR5,AMD,Radeon Amd,TRUE,512,SSD,15.6,Full HD,FALSE,1.63,,Windows 11 Home,TRUE,FALSE,FALSE,TRUE,TRUE
laptop,ASUS Vivobook Go 15 AMD Ryzen 5 Quad Core 7520U - (8 GB/512 GB SSD/Windows 11 Home) E1504FA-NJ132WS | ...,https://www.flipkart.com/asus-vivobook-go-15-amd-ryzen-5-quad-core-7520u-8-gb-512-gb-ssd-windows-11-home-e1504fa-nj132ws-e1504fa-nj521ws-thin-light-laptop/p/itm657eb80ea799a?pid=COMH9499JNGDGTZ5&lid=LSTCOMH9499JNGDGTZ5WJGUDN&marketplace=FLIPKART&store=6bo%2Fb5g&srno=b_21_498&otracker=browse&fm=organic&iid=en_jqqX0tGUwKRD8HB8_7EBOkPHLAw-1j4SOhSzElYv9iohfj-3xJnZjy3ALms0pKYhA7n7AfVUkWPBQmloXe9mZqV8WX5krIChubBlraAu4CQ%3D&ppt=None&ppn=None&ssid=pcw3eo5hf40000001764345785354,36990,4.2,49,https://rukminim2.flixcart.com/image/312/312/xif0q/computer/k/b/i/-original-imahg53xeuxqm6bv.jpeg?q=70,"ASUS Vivobook Go 15 AMD Ryzen 5 Quad Core 7520U - (8 GB/512 GB SSD/Windows 11 Home) E1504FA-NJ132WS | .... powered by AMD Ryzen 5. 8GB LPDDR5 RAM. 512.0GB SSD. AMD Radeon Amd graphics. 15.6"" Full HD display. weighs 1.63kg. running Windows 11 Home.",ASUS,Cool Silver,Thin and Light Laptop,AMD,Ryzen 5,8,LPDDR5,AMD,Radeon Amd,TRUE,512,SSD,15.6,Full HD,FALSE,1.63,,Windows 11 Home,TRUE,FALSE,FALSE,TRUE,TRUE
laptop,ASUS ROG Strix G16 Intel Core i9 14th Gen 14900HX - (16 GB/1 TB SSD/Windows 11 Home/8 GB Graphics/NVID...,https://www.flipkart.com/asus-rog-strix-g16-intel-core-i9-14th-gen-14900hx-16-gb-1-tb-ssd-windows-11-home-8-gb-graphics-nvidia-geforce-rtx-4070-g614jir-n4062ws-gaming-laptop/p/itm8c3acca540452?pid=COMGZW3FDXRBC8FK&lid=LSTCOMGZW3FDXRBC8FK569WMI&marketplace=FLIPKART&store=6bo%2Fb5g&srno=b_21_499&otracker=browse&fm=organic&iid=91c328e3-321e-4533-b11b-01685162d296.COMGZW3FDXRBC8FK.SEARCH&ppt=None&ppn=None&ssid=pcw3eo5hf40000001764345785354,199990,4.2,0,https://rukminim2.flixcart.com/image/312/312/xif0q/computer/r/k/d/-original-imahg5fw5h6vxz4z.jpeg?q=70,"ASUS ROG Strix G16 Intel Core i9 14th Gen 14900HX - (16 GB/1 TB SSD/Windows 11 Home/8 GB Graphics/NVID.... powered by Intel Core i9. 16GB DDR5 RAM. 1024.0GB SSD. NVIDIA RTX 4070 graphics. 16.0"" IPS display. weighs 2.5kg. running Windows 11 Home.",ASUS,Eclipse Gray,Gaming Laptop,Intel,Core i9,16,DDR5,NVIDIA,RTX 4070,TRUE,1024,SSD,16,IPS,FALSE,2.5,,Windows 11 Home,TRUE,TRUE,TRUE,FALSE,FALSE
laptop,ASUS Vivobook 15 Intel Core i5 12th Gen 1235U - (8 GB/512 GB SSD/Windows 11 Home) X1504ZA-NJ521WS Thin...,https://www.flipkart.com/asus-vivobook-15-intel-core-i5-12th-gen-1235u-8-gb-512-gb-ssd-windows-11-home-x1504za-nj521ws-thin-light-laptop/p/itmfee59c6fc485f?pid=COMGQKNYK3S4BZAK&lid=LSTCOMGQKNYK3S4BZAKMST3NH&marketplace=FLIPKART&store=6bo%2Fb5g&srno=b_21_500&otracker=browse&fm=organic&iid=91c328e3-321e-4533-b11b-01685162d296.COMGQKNYK3S4BZAK.SEARCH&ppt=None&ppn=None&ssid=pcw3eo5hf40000001764345785354,41496,4.1,6,https://rukminim2.flixcart.com/image/312/312/xif0q/computer/r/h/d/x1504va-nj321ws-thin-and-light-laptop-asus-original-imagznwnfrnptnxd.jpeg?q=70,"ASUS Vivobook 15 Intel Core i5 12th Gen 1235U - (8 GB/512 GB SSD/Windows 11 Home) X1504ZA-NJ521WS Thin.... powered by Intel Core i5. 8GB DDR4 RAM. 512.0GB SSD. 15.6"" HD display. weighs 1.7kg. running Windows 11 Home.",ASUS,Quiet Blue,Thin and Light Laptop,Intel,Core i5,8,DDR4,Intel,Iris Xe,FALSE,512,SSD,15.6,HD,FALSE,1.7,,Windows 11 Home,FALSE,FALSE,FALSE,TRUE,TRUE
laptop,"ASUS Vivobook S16 OLED (2025) with Backlit Keyboard, Metal Body*, Qualcomm Snapdragon X - (16 GB/512 G...",https://www.flipkart.com/asus-vivobook-s16-oled-2025-backlit-keyboard-metal-body-qualcomm-snapdragon-x-16-gb-512-gb-ssd-windows-11-home-s3607qa-sh078ws-thin-light-laptop/p/itm252509f1beb81?pid=COMHCQ5EYNZ2HRWW&lid=LSTCOMHCQ5EYNZ2HRWWUYQZ3F&marketplace=FLIPKART&store=6bo%2Fb5g&srno=b_21_501&otracker=browse&fm=organic&iid=en_jqqX0tGUwKRD8HB8_7EBOkPHLAw-1j4SOhSzElYv9io2YA_YTJY_OH2JXJc28NeTG2amLjs3IPadBpBV9DWtaw891ypMzu4_aryI8_sihJ8%3D&ppt=None&ppn=None&ssid=pcw3eo5hf40000001764345785354,71990,4.4,51,https://rukminim2.flixcart.com/image/312/312/xif0q/computer/g/4/k/-original-imahfn3geekjdudx.jpeg?q=70,"ASUS Vivobook S16 OLED (2025) with Backlit Keyboard, Metal Body*, Qualcomm Snapdragon X - (16 GB/512 G.... powered by Qualcomm Snapdragon X. 16GB LPDDR5X RAM. 512.0GB SSD. 16.0"" Full HD display. weighs 1.74kg. running Windows 11 Home.",ASUS,Pink,Thin and Light Laptop,Qualcomm,Snapdragon X,16,LPDDR5X,Qualcomm,Adreno,FALSE,512,SSD,16,Full HD,FALSE,1.74,,Windows 11 Home,FALSE,FALSE,TRUE,TRUE,TRUE
laptop,"ASUS Vivobook S14 Flip (2025) with Office 2024 + M365 Basic*, Backlit Keyboard, Intel Core i5 13th Gen...",https://www.flipkart.com/asus-vivobook-s14-flip-2025-office-2024-m365-basic-backlit-keyboard-intel-core-i5-13th-gen-13420h-16-gb-512-gb-ssd-windows-11-home-tp3402vao-lz612ws-2-1-laptop/p/itme494b3629a714?pid=COMH9SJ9VAJ7ZD99&lid=LSTCOMH9SJ9VAJ7ZD99ZNVNMB&marketplace=FLIPKART&store=6bo%2Fb5g&srno=b_21_502&otracker=browse&fm=organic&iid=en_jqqX0tGUwKRD8HB8_7EBOkPHLAw-1j4SOhSzElYv9iptNhYYP3cuzvILWpc2vZ1n3JJreNqE10axEDA06lGYnBhTy0lUJ14SzoMSv_CzLF0%3D&ppt=None&ppn=None&ssid=pcw3eo5hf40000001764345785354,63990,4.4,51,https://rukminim2.flixcart.com/image/312/312/xif0q/computer/a/s/e/-original-imahg4ut9hnhkwhg.jpeg?q=70,"ASUS Vivobook S14 Flip (2025) with Office 2024 + M365 Basic*, Backlit Keyboard, Intel Core i5 13th Gen.... powered by Intel Core i5. 16GB DDR4 RAM. 512.0GB SSD. 14.0"" IPS display. weighs 1.65kg. running Windows 11 Home.",ASUS,Transparent Silver,2 in 1 Laptop,Intel,Core i5,16,DDR4,Intel,Integrated Graphics,FALSE,512,SSD,14,IPS,FALSE,1.65,,Windows 11 Home,FALSE,FALSE,TRUE,TRUE,TRUE
laptop,HP AMD Ryzen 3 Quad Core 7320U - (8 GB/512 GB SSD/Windows 11 Home) 14-em0025AU Thin and Light Laptop,https://www.flipkart.com/hp-amd-ryzen-3-quad-core-7320u-8-gb-512-gb-ssd-windows-11-home-14-em0025au-thin-light-laptop/p/itmc42cc8d7eb695?pid=COMGR953WYURKTFC&lid=LSTCOMGR953WYURKTFC5DK9MN&marketplace=FLIPKART&store=6bo%2Fb5g&srno=b_21_503&otracker=browse&fm=organic&iid=91c328e3-321e-4533-b11b-01685162d296.COMGR953WYURKTFC.SEARCH&ppt=None&ppn=None&ssid=pcw3eo5hf40000001764345785354,42599,4.2,9,https://rukminim2.flixcart.com/image/312/312/xif0q/computer/m/y/1/-original-imahg5fxmexwwjpg.jpeg?q=70,"HP AMD Ryzen 3 Quad Core 7320U - (8 GB/512 GB SSD/Windows 11 Home) 14-em0025AU Thin and Light Laptop. powered by AMD Ryzen 3. 8GB LPDDR5 RAM. 512.0GB SSD. AMD Radeon Amd graphics. 14.0"" HD display. weighs 1.41kg. running Windows 11 Home.",HP,Natural Silver,Thin and Light Laptop,AMD,Ryzen 3,8,LPDDR5,AMD,Radeon Amd,TRUE,512,SSD,14,HD,FALSE,1.41,,Windows 11 Home,TRUE,FALSE,FALSE,TRUE,TRUE
laptop,Lenovo Intel Core i3 12th Gen - (16 GB/512 GB SSD/Windows 11 Home) V14 Thin and Light Laptop,https://www.flipkart.com/lenovo-intel-core-i3-12th-gen-16-gb-512-gb-ssd-windows-11-home-v14-thin-light-laptop/p/itmc3562e2732a4c?pid=COMH6ACMHPWDN4V3&lid=LSTCOMH6ACMHPWDN4V3WH3XEI&marketplace=FLIPKART&store=6bo%2Fb5g&srno=b_21_504&otracker=browse&fm=organic&iid=91c328e3-321e-4533-b11b-01685162d296.COMH6ACMHPWDN4V3.SEARCH&ppt=None&ppn=None&ssid=pcw3eo5hf40000001764345785354,35541,4.1,10,https://rukminim2.flixcart.com/image/312/312/xif0q/computer/g/v/k/v-series-thin-and-light-laptop-lenovo-original-imah6aa6nmyx3y4z.jpeg?q=70,"Lenovo Intel Core i3 12th Gen - (16 GB/512 GB SSD/Windows 11 Home) V14 Thin and Light Laptop. powered by Intel Core i3. 16GB DDR4 RAM. 512.0GB SSD. 15.6"" LCD display. running Windows 11 Home.",Lenovo,Iron Grey,Thin and Light Laptop,Intel,Core i3,16,DDR4,Intel,Integrated Graphics,FALSE,512,SSD,15.6,LCD,FALSE,,,Windows 11 Home,FALSE,FALSE,TRUE,FALSE,FALSE
laptop,Samsung Galaxy Book4 Edge Series Copilot AI-PC Full Metal Chasis Qualcomm Snapdragon X - (16 GB/512 GB...,https://www.flipkart.com/samsung-galaxy-book4-edge-series-copilot-ai-pc-full-metal-chasis-qualcomm-snapdragon-x-16-gb-512-gb-ssd-windows-11-home-np750xqb-ka1in-thin-light-laptop/p/itm1d61ec8d90cc7?pid=COMHE4ATFWNVHXHS&lid=LSTCOMHE4ATFWNVHXHSIHS0FO&marketplace=FLIPKART&store=6bo%2Fb5g&srno=b_22_505&otracker=browse&fm=organic&iid=en_yHX-TTXCrwZLm2i9NppICr5m-zeRsZxJF33kerjaZ3yfLrwvJ8b-zMSlmGiwkwoH_lVT3mDZ57aAKquXI1m8ovUFjCTyOHoHZs-Z5_PS_w0%3D&ppt=None&ppn=None&ssid=3jzeshrv1c0000001764345793623,64990,4.4,128,https://rukminim2.flixcart.com/image/312/312/xif0q/computer/a/g/p/-original-imahgwkqughzkwt3.jpeg?q=70,"Samsung Galaxy Book4 Edge Series Copilot AI-PC Full Metal Chasis Qualcomm Snapdragon X - (16 GB/512 GB.... powered by Qualcomm Snapdragon X. 16GB LPDDR5X RAM. 512.0GB SSD. 15.6"" HD display. weighs 1.55kg. running Windows 11 Home.",Samsung,Sapphire Blue,Thin and Light Laptop,Qualcomm,Snapdragon X,16,LPDDR5X,Qualcomm,Adreno,FALSE,512,SSD,15.6,HD,FALSE,1.55,,Windows 11 Home,FALSE,FALSE,TRUE,TRUE,TRUE
laptop,HP AMD Ryzen 5 Hexa Core 5500U - (8 GB/512 GB SSD/Windows 11 Home) 15s- eq2304au Thin and Light Laptop,https://www.flipkart.com/hp-amd-ryzen-5-hexa-core-5500u-8-gb-512-gb-ssd-windows-11-home-15s-eq2304au-thin-light-laptop/p/itm79cd7879eb1f2?pid=COMGYHP5UVCYJFJY&lid=LSTCOMGYHP5UVCYJFJYDZNLYI&marketplace=FLIPKART&store=6bo%2Fb5g&srno=b_22_506&otracker=browse&fm=organic&iid=e39230fb-742f-4b5b-99b3-a16741730fb0.COMGYHP5UVCYJFJY.SEARCH&ppt=None&ppn=None&ssid=3jzeshrv1c0000001764345793623,41099,4.4,30,https://rukminim2.flixcart.com/image/312/312/xif0q/computer/o/d/j/-original-imahg5fxcgfmvs2k.jpeg?q=70,"HP AMD Ryzen 5 Hexa Core 5500U - (8 GB/512 GB SSD/Windows 11 Home) 15s- eq2304au Thin and Light Laptop. powered by AMD Ryzen 5. 8GB DDR4 RAM. 512.0GB SSD. AMD Radeon Amd graphics. 15.6"" HD display. weighs 1.69kg. running Windows 11 Home.",HP,Natural Silver,Thin and Light Laptop,AMD,Ryzen 5,8,DDR4,AMD,Radeon Amd,TRUE,512,SSD,15.6,HD,FALSE,1.69,3,Windows 11 Home,TRUE,FALSE,FALSE,TRUE,TRUE
laptop,"ASUS Vivobook 15 (2025) with Office 2024 + M365 Basic*, Intel Core i3 13th Gen 1315U - (8 GB/512 GB SS...",https://www.flipkart.com/asus-vivobook-15-2025-office-2024-m365-basic-intel-core-i3-13th-gen-1315u-8-gb-512-gb-ssd-windows-11-home-x1504va-nj3700ws-thin-light-laptop/p/itmf31c79724a398?pid=COMHCQ5ECZZV6THK&lid=LSTCOMHCQ5ECZZV6THKTW8YMF&marketplace=FLIPKART&store=6bo%2Fb5g&srno=b_22_507&otracker=browse&fm=organic&iid=en_yHX-TTXCrwZLm2i9NppICr5m-zeRsZxJF33kerjaZ3xnjPwclRzajMNUkmw_ny8XVLCGCpnr56tU-0Batk7usvUFjCTyOHoHZs-Z5_PS_w0%3D&ppt=None&ppn=None&ssid=3jzeshrv1c0000001764345793623,34990,4.3,163,https://rukminim2.flixcart.com/image/312/312/xif0q/computer/b/l/v/-original-imahgfdffszmurd7.jpeg?q=70,"ASUS Vivobook 15 (2025) with Office 2024 + M365 Basic*, Intel Core i3 13th Gen 1315U - (8 GB/512 GB SS.... powered by Intel Core i3. 8GB DDR4 RAM. 512.0GB SSD. 15.6"" Full HD display. weighs 1.7kg. running Windows 11 Home.",ASUS,Terra Cotta,Thin and Light Laptop,Intel,Core i3,8,DDR4,Intel,Integrated Graphics,FALSE,512,SSD,15.6,Full HD,FALSE,1.7,,Windows 11 Home,FALSE,FALSE,FALSE,TRUE,TRUE
laptop,Lenovo IdeaPad Slim 3 Next Gen AI PC WUXGA IPS Copilot + PC Qualcomm Snapdragon X - (16 GB/512 GB SSD/...,https://www.flipkart.com/lenovo-ideapad-slim-3-next-gen-ai-pc-wuxga-ips-copilot-qualcomm-snapdragon-x-16-gb-512-gb-ssd-windows-11-home-15q8x10-thin-light-laptop/p/itm097ac7e15511b?pid=COMHDMJYDGBTMJXG&lid=LSTCOMHDMJYDGBTMJXG112MJM&marketplace=FLIPKART&store=6bo%2Fb5g&srno=b_22_508&otracker=browse&fm=organic&iid=en_yHX-TTXCrwZLm2i9NppICr5m-zeRsZxJF33kerjaZ3yE_LE-xjgLQXxYg39IxcFWCyFnIq7oQjZv4QTW91eeV_UFjCTyOHoHZs-Z5_PS_w0%3D&ppt=None&ppn=None&ssid=3jzeshrv1c0000001764345793623,49990,4.3,27,https://rukminim2.flixcart.com/image/312/312/xif0q/computer/d/z/z/-original-imahgfdfx3hhguyc.jpeg?q=70,"Lenovo IdeaPad Slim 3 Next Gen AI PC WUXGA IPS Copilot + PC Qualcomm Snapdragon X - (16 GB/512 GB SSD/.... powered by Qualcomm Snapdragon X. 16GB LPDDR5X RAM. 512.0GB SSD. 15.3"" IPS display. weighs 1.55kg. running Windows 11 Home.",Lenovo,Luna Grey,Thin and Light Laptop,Qualcomm,Snapdragon X,16,LPDDR5X,Qualcomm,Adreno,FALSE,512,SSD,15.3,IPS,FALSE,1.55,50,Windows 11 Home,FALSE,FALSE,TRUE,TRUE,TRUE
laptop,DELL Inspiron 5430 Intel Core i5 13th Gen - (8 GB/512 GB SSD/Windows 11 Home) IN5430YXVW9M01ORS1 Lapto...,https://www.flipkart.com/dell-inspiron-5430-intel-core-i5-13th-gen-8-gb-512-gb-ssd-windows-11-home-in5430yxvw9m01ors1-laptop/p/itm6efbb8570caef?pid=COMGQRCGGJD2TYXH&lid=LSTCOMGQRCGGJD2TYXH0RFMCG&marketplace=FLIPKART&store=6bo%2Fb5g&srno=b_22_509&otracker=browse&fm=organic&iid=e39230fb-742f-4b5b-99b3-a16741730fb0.COMGQRCGGJD2TYXH.SEARCH&ppt=None&ppn=None&ssid=3jzeshrv1c0000001764345793623,54990,4.1,1,https://rukminim2.flixcart.com/image/312/312/xif0q/computer/o/d/q/inspiron-5430-laptop-dell-original-imagqtg45p3hzjaj.jpeg?q=70,"DELL Inspiron 5430 Intel Core i5 13th Gen - (8 GB/512 GB SSD/Windows 11 Home) IN5430YXVW9M01ORS1 Lapto.... powered by Intel Core i5. 8GB LPDDR5 RAM. 512.0GB SSD. 14.0"" LCD display. running Windows 11 Home.",DELL,Platinum Silver,Laptop,Intel,Core i5,8,LPDDR5,Intel,Iris Xe,FALSE,512,SSD,14,LCD,FALSE,,,Windows 11 Home,FALSE,FALSE,FALSE,FALSE,FALSE
laptop,DELL G15-5530 Intel Core i5 13th Gen 13450HX - (16 GB/512 GB SSD/Windows 11 Home/6 GB Graphics/NVIDIA ...,https://www.flipkart.com/dell-g15-5530-intel-core-i5-13th-gen-13450hx-16-gb-512-gb-ssd-windows-11-home-6-graphics-nvidia-geforce-rtx-3050-120-hz-gaming-laptop/p/itm2af1ddd730862?pid=COMGXF363DERSKQC&lid=LSTCOMGXF363DERSKQC2WUBJY&marketplace=FLIPKART&store=6bo%2Fb5g&srno=b_22_510&otracker=browse&fm=organic&iid=e39230fb-742f-4b5b-99b3-a16741730fb0.COMGXF363DERSKQC.SEARCH&ppt=None&ppn=None&ssid=3jzeshrv1c0000001764345793623,77890,4.1,2,https://rukminim2.flixcart.com/image/312/312/xif0q/computer/1/i/k/-original-imahcyp7k9hthhux.jpeg?q=70,"DELL G15-5530 Intel Core i5 13th Gen 13450HX - (16 GB/512 GB SSD/Windows 11 Home/6 GB Graphics/NVIDIA .... powered by Intel Core i5. 16GB DDR5 RAM. 512.0GB SSD. NVIDIA RTX 3050 graphics. 15.6"" Full HD display. weighs 2.65kg. running Windows 11 Home.",DELL,Dark Shadow Gray With Black Thermal Shelf,Gaming Laptop,Intel,Core i5,16,DDR5,NVIDIA,RTX 3050,TRUE,512,SSD,15.6,Full HD,FALSE,2.65,,Windows 11 Home,TRUE,TRUE,TRUE,FALSE,FALSE
laptop,Acer Aspire 3 Intel Core i3 13th Gen 1305U - (8 GB/512 GB SSD/Windows 11 Home) A324-53 Thin and Light ...,https://www.flipkart.com/acer-aspire-3-intel-core-i3-13th-gen-1305u-8-gb-512-gb-ssd-windows-11-home-a324-53-thin-light-laptop/p/itma6a6812aa712e?pid=COMH4B6CGTPNVJW9&lid=LSTCOMH4B6CGTPNVJW9JOF4ZC&marketplace=FLIPKART&store=6bo%2Fb5g&srno=b_22_511&otracker=browse&fm=organic&iid=en_yHX-TTXCrwZLm2i9NppICr5m-zeRsZxJF33kerjaZ3w7YGr2eBQny6kY6MDgjPI3p5iBsv_cHJc2xbWysDCSOfUFjCTyOHoHZs-Z5_PS_w0%3D&ppt=None&ppn=None&ssid=3jzeshrv1c0000001764345793623,30990,4.3,233,https://rukminim2.flixcart.com/image/312/312/xif0q/computer/r/p/w/-original-imahg5fxzmyzbkv8.jpeg?q=70,"Acer Aspire 3 Intel Core i3 13th Gen 1305U - (8 GB/512 GB SSD/Windows 11 Home) A324-53 Thin and Light .... powered by Intel Core i3. 8GB DDR4 RAM. 512.0GB SSD. 14.0"" HD display. weighs 1.45kg. running Windows 11 Home.",Acer,Steel Gray,Thin and Light Laptop,Intel,Core i3,8,DDR4,Intel,Integrated Graphics,FALSE,512,SSD,14,HD,FALSE,1.45,,Windows 11 Home,FALSE,FALSE,FALSE,TRUE,TRUE
laptop,"ASUS Vivobook 15 (2025) (i5 14th Gen) with MSO 2024 + M365 Basic*, Backlit Keyboard, Intel Core 5 120U...",https://www.flipkart.com/asus-vivobook-15-2025-i5-14th-gen-mso-2024-m365-basic-backlit-keyboard-intel-core-5-120u-16-gb-512-gb-ssd-windows-11-home-x1504vap-nj2862ws-thin-light-laptop/p/itm509f174cc1a04?pid=COMHDG7CFDWVKYMZ&lid=LSTCOMHDG7CFDWVKYMZSDYMWT&marketplace=FLIPKART&store=6bo%2Fb5g&srno=b_22_512&otracker=browse&fm=organic&iid=en_yHX-TTXCrwZLm2i9NppICr5m-zeRsZxJF33kerjaZ3xZfBkq1qRe3M6HYfqKK8_PikhvvgctbgR8FHHfjnxqGfUFjCTyOHoHZs-Z5_PS_w0%3D&ppt=None&ppn=None&ssid=3jzeshrv1c0000001764345793623,49990,4.3,79,https://rukminim2.flixcart.com/image/312/312/xif0q/computer/k/u/e/-original-imahcd8gzqjnp2vv.jpeg?q=70,"ASUS Vivobook 15 (2025) (i5 14th Gen) with MSO 2024 + M365 Basic*, Backlit Keyboard, Intel Core 5 120U.... powered by Intel Core 5. 16GB DDR4 RAM. 512.0GB SSD. 15.6"" Full HD display. weighs 1.7kg. running Windows 11 Home.",ASUS,Cool Silver,Thin and Light Laptop,Intel,Core 5,16,DDR4,Intel,Integrated Graphics,FALSE,512,SSD,15.6,Full HD,FALSE,1.7,,Windows 11 Home,FALSE,FALSE,TRUE,TRUE,TRUE
laptop,ASUS Vivobook 16X (2025) with Office 2024 + M365 Basic* Intel Core i5 13th Gen 13420H - (16 GB/512 GB ...,https://www.flipkart.com/asus-vivobook-16x-2025-office-2024-m365-basic-intel-core-i5-13th-gen-13420h-16-gb-512-gb-ssd-windows-11-home-4-graphics-nvidia-geforce-rtx-3050-144-hz-k3605vc-rp412ws-gaming-laptop/p/itm9e70454315f97?pid=COMH9SJ93FGQFGAW&lid=LSTCOMH9SJ93FGQFGAWGWMSCQ&marketplace=FLIPKART&store=6bo%2Fb5g&srno=b_22_513&otracker=browse&fm=organic&iid=e39230fb-742f-4b5b-99b3-a16741730fb0.COMH9SJ93FGQFGAW.SEARCH&ppt=None&ppn=None&ssid=3jzeshrv1c0000001764345793623,63990,4.2,79,https://rukminim2.flixcart.com/image/312/312/xif0q/computer/k/1/o/-original-imahgfdf5f9uyzwh.jpeg?q=70,"ASUS Vivobook 16X (2025) with Office 2024 + M365 Basic* Intel Core i5 13th Gen 13420H - (16 GB/512 GB .... powered by Intel Core i5. 16GB DDR4 RAM. 512.0GB SSD. NVIDIA RTX 3050 graphics. 16.0"" IPS display. weighs 1.8kg. running Windows 11 Home.",ASUS,Indie Black,Gaming Laptop,Intel,Core i5,16,DDR4,NVIDIA,RTX 3050,TRUE,512,SSD,16,IPS,FALSE,1.8,,Windows 11 Home,TRUE,TRUE,TRUE,TRUE,TRUE
laptop,Acer Predator Neo Intel Core i7 13th Gen 13700HX - (16 GB/1 TB SSD/Windows 11 Home/6 GB Graphics/NVIDI...,https://www.flipkart.com/acer-predator-neo-intel-core-i7-13th-gen-13700hx-16-gb-1-tb-ssd-windows-11-home-6-gb-graphics-nvidia-geforce-rtx-4050-phn16-71-757p-gaming-laptop/p/itm4295aa0d4297e?pid=COMGZS9GYMHMGDT6&lid=LSTCOMGZS9GYMHMGDT6BRZQ8C&marketplace=FLIPKART&store=6bo%2Fb5g&srno=b_22_514&otracker=browse&fm=organic&iid=e39230fb-742f-4b5b-99b3-a16741730fb0.COMGZS9GYMHMGDT6.SEARCH&ppt=None&ppn=None&ssid=3jzeshrv1c0000001764345793623,102099,4.4,112,https://rukminim2.flixcart.com/image/312/312/xif0q/computer/t/y/4/-original-imahg5fxfzumjkgw.jpeg?q=70,"Acer Predator Neo Intel Core i7 13th Gen 13700HX - (16 GB/1 TB SSD/Windows 11 Home/6 GB Graphics/NVIDI.... powered by Intel Core i7. 16GB DDR5 RAM. 1024.0GB SSD. NVIDIA RTX 4050 graphics. 16.0"" IPS display. weighs 2.6kg. running Windows 11 Home.",Acer,Obsidian Black,Gaming Laptop,Intel,Core i7,16,DDR5,NVIDIA,RTX 4050,TRUE,1024,SSD,16,IPS,FALSE,2.6,,Windows 11 Home,TRUE,TRUE,TRUE,FALSE,FALSE
laptop,MOTOROLA Motobook 60 Full Metal OLED (i5 14th Gen) Intel Core 5 (Series 2) 210H - (16 GB/512 GB SSD/Wi...,https://www.flipkart.com/motorola-motobook-60-full-metal-oled-i5-14th-gen-intel-core-5-series-2-210h-16-gb-512-gb-ssd-windows-11-home-14irh10r-thin-light-laptop/p/itm9a50f9400e0e0?pid=COMHAUZWVNJSFAMN&lid=LSTCOMHAUZWVNJSFAMNCQMECQ&marketplace=FLIPKART&store=6bo%2Fb5g&srno=b_22_515&otracker=browse&fm=organic&iid=en_yHX-TTXCrwZLm2i9NppICr5m-zeRsZxJF33kerjaZ3we9JKJDSc0lTI8zl0BQh7XvVC4qkBok_NyawEJOiZmbQ%3D%3D&ppt=None&ppn=None&ssid=3jzeshrv1c0000001764345793623,49990,4.4,200,https://rukminim2.flixcart.com/image/312/312/xif0q/computer/3/o/h/-original-imahg5fydhnpgbyz.jpeg?q=70,"MOTOROLA Motobook 60 Full Metal OLED (i5 14th Gen) Intel Core 5 (Series 2) 210H - (16 GB/512 GB SSD/Wi.... powered by Intel Core 5 (Series 2). 16GB DDR5 RAM. 512.0GB SSD. 14.0"" OLED display. weighs 1.4kg. running Windows 11 Home.",MOTOROLA,PANTONE Wedgewood,Thin and Light Laptop,Intel,Core 5 (Series 2),16,DDR5,Intel,Integrated Graphics,FALSE,512,SSD,14,OLED,FALSE,1.4,,Windows 11 Home,FALSE,FALSE,TRUE,TRUE,TRUE
laptop,MSI Modern 14 Intel Core i3 12th Gen 1215U - (16 GB/512 GB SSD/Windows 11 Home) Modern 14 C12MO-444IN/...,https://www.flipkart.com/msi-modern-14-intel-core-i3-12th-gen-1215u-16-gb-512-gb-ssd-windows-11-home-c12mo-444in-c12mo-1248in-thin-light-laptop/p/itmef8f5c6fd8e76?pid=COMGPXFYFJPWCQDY&lid=LSTCOMGPXFYFJPWCQDYEHRQJO&marketplace=FLIPKART&store=6bo%2Fb5g&srno=b_22_516&otracker=browse&fm=organic&iid=e39230fb-742f-4b5b-99b3-a16741730fb0.COMGPXFYFJPWCQDY.SEARCH&ppt=None&ppn=None&ssid=3jzeshrv1c0000001764345793623,37990,4.4,163,https://rukminim2.flixcart.com/image/312/312/xif0q/computer/w/k/f/-original-imahg5fxvkwhyzth.jpeg?q=70,"MSI Modern 14 Intel Core i3 12th Gen 1215U - (16 GB/512 GB SSD/Windows 11 Home) Modern 14 C12MO-444IN/.... powered by Intel Core i3. 16GB DDR4 RAM. 512.0GB SSD. 14.0"" IPS display. weighs 1.4kg. running Windows 11 Home.",MSI,Urban Silver,Thin and Light Laptop,Intel,Core i3,16,DDR4,Intel,Integrated Graphics,FALSE,512,SSD,14,IPS,FALSE,1.4,,Windows 11 Home,FALSE,FALSE,TRUE,TRUE,TRUE
laptop,DELL 15 Intel Core i3 13th Gen 1305U - (16 GB/512 GB SSD/Windows 11 Home) OVN353025001RING1O Thin and ...,https://www.flipkart.com/dell-15-intel-core-i3-13th-gen-1305u-16-gb-512-gb-ssd-windows-11-home-ovn353025001ring1o-thin-light-laptop/p/itmb007cf7efac41?pid=COMHD99W94EPN2H2&lid=LSTCOMHD99W94EPN2H28GBQQL&marketplace=FLIPKART&store=6bo%2Fb5g&srno=b_22_517&otracker=browse&fm=organic&iid=en_yHX-TTXCrwZLm2i9NppICr5m-zeRsZxJF33kerjaZ3yFC1R_SI3JMtJ4LJ6qkjc7xmq-N3ckn5uu7Zz4vmIU_vUFjCTyOHoHZs-Z5_PS_w0%3D&ppt=None&ppn=None&ssid=3jzeshrv1c0000001764345793623,38990,4.2,31,https://rukminim2.flixcart.com/image/312/312/xif0q/computer/f/i/b/-original-imahgx8ws7ypyhmd.jpeg?q=70,"DELL 15 Intel Core i3 13th Gen 1305U - (16 GB/512 GB SSD/Windows 11 Home) OVN353025001RING1O Thin and .... powered by Intel Core i3. 16GB DDR4 RAM. 512.0GB SSD. 15.6"" HD display. weighs 1.66kg. running Windows 11 Home.",DELL,Titan Grey,Thin and Light Laptop,Intel,Core i3,16,DDR4,Intel,Integrated Graphics,FALSE,512,SSD,15.6,HD,FALSE,1.66,,Windows 11 Home,FALSE,FALSE,TRUE,TRUE,TRUE
laptop,Lenovo IdeaPad Slim 5 Co-Pilot Next Gen AI PC Full Metal Snapdragon X Plus - (16 GB/1 TB SSD/Windows 1...,https://www.flipkart.com/lenovo-ideapad-slim-5-co-pilot-next-gen-ai-pc-full-metal-snapdragon-x-plus-16-gb-1-tb-ssd-windows-11-home-14q8x9-thin-light-laptop/p/itm8a59041fc8c0f?pid=COMH4N9CZ7JKPQQC&lid=LSTCOMH4N9CZ7JKPQQCOFLXDU&marketplace=FLIPKART&store=6bo%2Fb5g&srno=b_22_518&otracker=browse&fm=organic&iid=en_yHX-TTXCrwZLm2i9NppICr5m-zeRsZxJF33kerjaZ3wtWYdnZfUr0A6c1agShGLgsQZOMXCSfQ57uU2tYWgzIvUFjCTyOHoHZs-Z5_PS_w0%3D&ppt=None&ppn=None&ssid=3jzeshrv1c0000001764345793623,57990,4.1,68,https://rukminim2.flixcart.com/image/312/312/xif0q/computer/6/l/r/-original-imahg5fxwyqndjhu.jpeg?q=70,"Lenovo IdeaPad Slim 5 Co-Pilot Next Gen AI PC Full Metal Snapdragon X Plus - (16 GB/1 TB SSD/Windows 1.... powered by Snapdragon X Plus. 16GB LPDDR5X RAM. 1024.0GB SSD. 14.0"" IPS display. weighs 1.48kg. running Windows 11 Home.",Lenovo,Cloud Grey,Thin and Light Laptop,Snapdragon,X Plus,16,LPDDR5X,Qualcomm,Adreno,FALSE,1024,SSD,14,IPS,FALSE,1.48,,Windows 11 Home,FALSE,FALSE,TRUE,TRUE,TRUE
laptop,DELL G15 Intel Core i5 13th Gen 13450HX - (16 GB/512 GB SSD/Windows 11 Home/6 GB Graphics/NVIDIA GeFor...,https://www.flipkart.com/dell-g15-intel-core-i5-13th-gen-13450hx-16-gb-512-gb-ssd-windows-11-home-6-graphics-nvidia-geforce-rtx-3050-120-hz-5530-gaming-laptop/p/itmd1b02da743465?pid=COMH8EPFG25GDHDC&lid=LSTCOMH8EPFG25GDHDCIFLZXS&marketplace=FLIPKART&store=6bo%2Fb5g&srno=b_22_519&otracker=browse&fm=organic&iid=e39230fb-742f-4b5b-99b3-a16741730fb0.COMH8EPFG25GDHDC.SEARCH&ppt=None&ppn=None&ssid=3jzeshrv1c0000001764345793623,78990,4.1,2,https://rukminim2.flixcart.com/image/312/312/xif0q/computer/y/z/v/-original-imahg5fttxt3pgcb.jpeg?q=70,"DELL G15 Intel Core i5 13th Gen 13450HX - (16 GB/512 GB SSD/Windows 11 Home/6 GB Graphics/NVIDIA GeFor.... powered by Intel Core i5. 16GB DDR5 RAM. 512.0GB SSD. NVIDIA RTX 3050 graphics. 15.6"" HD display. weighs 2.65kg. running Windows 11 Home.",DELL,Dark Shadow Gray With Black Thermal Shelf,Gaming Laptop,Intel,Core i5,16,DDR5,NVIDIA,RTX 3050,TRUE,512,SSD,15.6,HD,FALSE,2.65,,Windows 11 Home,TRUE,TRUE,TRUE,FALSE,FALSE
laptop,Acer Predator Helios 16 Intel Core i9 14th Gen 14900HX - (32 GB/1 TB SSD/Windows 11 Home/12 GB Graphic...,https://www.flipkart.com/acer-predator-helios-16-intel-core-i9-14th-gen-14900hx-32-gb-1-tb-ssd-windows-11-home-12-gb-graphics-nvidia-geforce-rtx-4080-ph16-72-gaming-laptop/p/itm34f68c296ce65?pid=COMGYSFGUBASFDY6&lid=LSTCOMGYSFGUBASFDY6RATW51&marketplace=FLIPKART&store=6bo%2Fb5g&srno=b_22_520&otracker=browse&fm=organic&iid=e39230fb-742f-4b5b-99b3-a16741730fb0.COMGYSFGUBASFDY6.SEARCH&ppt=None&ppn=None&ssid=3jzeshrv1c0000001764345793623,243099,4.6,2,https://rukminim2.flixcart.com/image/312/312/xif0q/computer/s/8/5/-original-imahg5fwyfxkcpjr.jpeg?q=70,"Acer Predator Helios 16 Intel Core i9 14th Gen 14900HX - (32 GB/1 TB SSD/Windows 11 Home/12 GB Graphic.... powered by Intel Core i9. 32GB DDR5 RAM. 1024.0GB SSD. NVIDIA RTX 4080 graphics. 16.0"" IPS display. weighs 2.65kg. running Windows 11 Home.",Acer,Abyssal Black,Gaming Laptop,Intel,Core i9,32,DDR5,NVIDIA,RTX 4080,TRUE,1024,SSD,16,IPS,FALSE,2.65,,Windows 11 Home,TRUE,TRUE,TRUE,FALSE,FALSE
laptop,ASUS Vivobook Go 15 AMD Ryzen 3 Quad Core 7320U - (8 GB/512 GB SSD/Windows 11 Home) E1504FA-NJ130WS | ...,https://www.flipkart.com/asus-vivobook-go-15-amd-ryzen-3-quad-core-7320u-8-gb-512-gb-ssd-windows-11-home-e1504fa-nj130ws-e1504fa-bq2322ws-thin-light-laptop/p/itm9af4f3b5de2ff?pid=COMH94992SQ8HYGZ&lid=LSTCOMH94992SQ8HYGZMHVF97&marketplace=FLIPKART&store=6bo%2Fb5g&srno=b_22_521&otracker=browse&fm=organic&iid=en_yHX-TTXCrwZLm2i9NppICr5m-zeRsZxJF33kerjaZ3yxciybevq65l5Hwetwax4UAZUylytcEKYA_kTv_pI5n_UFjCTyOHoHZs-Z5_PS_w0%3D&ppt=None&ppn=None&ssid=3jzeshrv1c0000001764345793623,30990,4.3,94,https://rukminim2.flixcart.com/image/312/312/xif0q/computer/m/y/o/-original-imahg5fxjta7gns7.jpeg?q=70,"ASUS Vivobook Go 15 AMD Ryzen 3 Quad Core 7320U - (8 GB/512 GB SSD/Windows 11 Home) E1504FA-NJ130WS | .... powered by AMD Ryzen 3. 8GB LPDDR5 RAM. 512.0GB SSD. AMD Radeon Amd graphics. 15.6"" Full HD display. weighs 1.63kg. running Windows 11 Home.",ASUS,Mixed Black,Thin and Light Laptop,AMD,Ryzen 3,8,LPDDR5,AMD,Radeon Amd,TRUE,512,SSD,15.6,Full HD,FALSE,1.63,,Windows 11 Home,TRUE,FALSE,FALSE,TRUE,TRUE
laptop,ASUS Vivobook Go 15 AMD Ryzen 5 Quad Core 7520U - (8 GB/512 GB SSD/Windows 11 Home) E1504FA-NJ132WS | ...,https://www.flipkart.com/asus-vivobook-go-15-amd-ryzen-5-quad-core-7520u-8-gb-512-gb-ssd-windows-11-home-e1504fa-nj132ws-e1504fa-nj521ws-thin-light-laptop/p/itm657eb80ea799a?pid=COMH9499JNGDGTZ5&lid=LSTCOMH9499JNGDGTZ5WJGUDN&marketplace=FLIPKART&store=6bo%2Fb5g&srno=b_22_522&otracker=browse&fm=organic&iid=en_yHX-TTXCrwZLm2i9NppICr5m-zeRsZxJF33kerjaZ3xX7eUOBsiUPf4SWc-ZPpBR6SUfh646hOdCc7fGVXNtA6V8WX5krIChubBlraAu4CQ%3D&ppt=None&ppn=None&ssid=3jzeshrv1c0000001764345793623,36990,4.2,49,https://rukminim2.flixcart.com/image/312/312/xif0q/computer/k/b/i/-original-imahg53xeuxqm6bv.jpeg?q=70,"ASUS Vivobook Go 15 AMD Ryzen 5 Quad Core 7520U - (8 GB/512 GB SSD/Windows 11 Home) E1504FA-NJ132WS | .... powered by AMD Ryzen 5. 8GB LPDDR5 RAM. 512.0GB SSD. AMD Radeon Amd graphics. 15.6"" Full HD display. weighs 1.63kg. running Windows 11 Home.",ASUS,Cool Silver,Thin and Light Laptop,AMD,Ryzen 5,8,LPDDR5,AMD,Radeon Amd,TRUE,512,SSD,15.6,Full HD,FALSE,1.63,,Windows 11 Home,TRUE,FALSE,FALSE,TRUE,TRUE
laptop,DELL Inspiron Intel Core i5 13th Gen 13450HX - (8 GB/512 GB SSD/Windows 11 Home/6 GB Graphics/NVIDIA G...,https://www.flipkart.com/dell-inspiron-intel-core-i5-13th-gen-13450hx-8-gb-512-gb-ssd-windows-11-home-6-graphics-nvidia-geforce-rtx-3050-g15-5530-gaming-laptop/p/itm2af1ddd730862?pid=COMGX36TQYX3GVG8&lid=LSTCOMGX36TQYX3GVG8YBG14U&marketplace=FLIPKART&store=6bo%2Fb5g&srno=b_22_523&otracker=browse&fm=organic&iid=e39230fb-742f-4b5b-99b3-a16741730fb0.COMGX36TQYX3GVG8.SEARCH&ppt=None&ppn=None&ssid=3jzeshrv1c0000001764345793623,71490,4.1,2,https://rukminim2.flixcart.com/image/312/312/xif0q/computer/1/i/k/-original-imahcyp7k9hthhux.jpeg?q=70,"DELL Inspiron Intel Core i5 13th Gen 13450HX - (8 GB/512 GB SSD/Windows 11 Home/6 GB Graphics/NVIDIA G.... powered by Intel Core i5. 8GB DDR5 RAM. 512.0GB SSD. NVIDIA RTX 3050 graphics. 15.6"" HD display. weighs 2.65kg. running Windows 11 Home.",DELL,Dark Shadow Gray With Black Thermal Shelf,Gaming Laptop,Intel,Core i5,8,DDR5,NVIDIA,RTX 3050,TRUE,512,SSD,15.6,HD,FALSE,2.65,,Windows 11 Home,TRUE,FALSE,FALSE,FALSE,FALSE
laptop,DELL Inspiron Intel Core i5 13th Gen 13450HX - (16 GB/512 GB SSD/Windows 11 Home/6 GB Graphics/NVIDIA ...,https://www.flipkart.com/dell-inspiron-intel-core-i5-13th-gen-13450hx-16-gb-512-gb-ssd-windows-11-home-6-graphics-nvidia-geforce-rtx-3050-g15-5530-gaming-laptop/p/itm2af1ddd730862?pid=COMGX36TDKDZ8AF8&lid=LSTCOMGX36TDKDZ8AF8PEN6EZ&marketplace=FLIPKART&store=6bo%2Fb5g&srno=b_22_524&otracker=browse&fm=organic&iid=e39230fb-742f-4b5b-99b3-a16741730fb0.COMGX36TDKDZ8AF8.SEARCH&ppt=None&ppn=None&ssid=3jzeshrv1c0000001764345793623,79890,4.2,37,https://rukminim2.flixcart.com/image/312/312/xif0q/computer/1/i/k/-original-imahcyp7k9hthhux.jpeg?q=70,"DELL Inspiron Intel Core i5 13th Gen 13450HX - (16 GB/512 GB SSD/Windows 11 Home/6 GB Graphics/NVIDIA .... powered by Intel Core i5. 16GB DDR5 RAM. 512.0GB SSD. NVIDIA RTX 3050 graphics. 15.6"" HD display. weighs 2.65kg. running Windows 11 Home.",DELL,Dark Shadow Gray With Black Thermal Shelf,Gaming Laptop,Intel,Core i5,16,DDR5,NVIDIA,RTX 3050,TRUE,512,SSD,15.6,HD,FALSE,2.65,,Windows 11 Home,TRUE,TRUE,TRUE,FALSE,FALSE
laptop,"ASUS Vivobook S16 OLED (2025) with Backlit Keyboard, Metal Body*, Qualcomm Snapdragon X - (16 GB/512 G...",https://www.flipkart.com/asus-vivobook-s16-oled-2025-backlit-keyboard-metal-body-qualcomm-snapdragon-x-16-gb-512-gb-ssd-windows-11-home-s3607qa-sh078ws-thin-light-laptop/p/itm252509f1beb81?pid=COMHCQ5EYNZ2HRWW&lid=LSTCOMHCQ5EYNZ2HRWWUYQZ3F&marketplace=FLIPKART&store=6bo%2Fb5g&srno=b_22_525&otracker=browse&fm=organic&iid=en_yHX-TTXCrwZLm2i9NppICr5m-zeRsZxJF33kerjaZ3yVIsXaAGuTBvthZOPirJJIG2amLjs3IPadBpBV9DWtaw891ypMzu4_aryI8_sihJ8%3D&ppt=None&ppn=None&ssid=3jzeshrv1c0000001764345793623,71990,4.4,51,https://rukminim2.flixcart.com/image/312/312/xif0q/computer/g/4/k/-original-imahfn3geekjdudx.jpeg?q=70,"ASUS Vivobook S16 OLED (2025) with Backlit Keyboard, Metal Body*, Qualcomm Snapdragon X - (16 GB/512 G.... powered by Qualcomm Snapdragon X. 16GB LPDDR5X RAM. 512.0GB SSD. 16.0"" Full HD display. weighs 1.74kg. running Windows 11 Home.",ASUS,Pink,Thin and Light Laptop,Qualcomm,Snapdragon X,16,LPDDR5X,Qualcomm,Adreno,FALSE,512,SSD,16,Full HD,FALSE,1.74,,Windows 11 Home,FALSE,FALSE,TRUE,TRUE,TRUE
laptop,ASUS TUF Gaming F16 (2025) with Office 2024 + M365 Basic* Intel Core i7 14th Gen 14650HX - (32 GB/1 TB...,https://www.flipkart.com/asus-tuf-gaming-f16-2025-office-2024-m365-basic-intel-core-i7-14th-gen-14650hx-32-gb-1-tb-ssd-windows-11-home-8-gb-graphics-nvidia-geforce-rtx-5070-165-hz-fx688jpr-qt043ws-laptop/p/itm8c23f3b4e57ad?pid=COMHCQ4K6VFCWQ2B&lid=LSTCOMHCQ4K6VFCWQ2BPWVELZ&marketplace=FLIPKART&store=6bo%2Fb5g&srno=b_22_526&otracker=browse&fm=organic&iid=e39230fb-742f-4b5b-99b3-a16741730fb0.COMHCQ4K6VFCWQ2B.SEARCH&ppt=None&ppn=None&ssid=3jzeshrv1c0000001764345793623,169990,5,0,https://rukminim2.flixcart.com/image/312/312/xif0q/computer/t/k/c/-original-imahcz6cwtkcvarr.jpeg?q=70,"ASUS TUF Gaming F16 (2025) with Office 2024 + M365 Basic* Intel Core i7 14th Gen 14650HX - (32 GB/1 TB.... powered by Intel Core i7. 32GB DDR5 RAM. 1024.0GB SSD. NVIDIA RTX 5070 graphics. 16.0"" IPS display. weighs 2.2kg. running Windows 11 Home.",ASUS,Jaeger Gray,Gaming Laptop,Intel,Core i7,32,DDR5,NVIDIA,RTX 5070,TRUE,1024,SSD,16,IPS,FALSE,2.2,,Windows 11 Home,TRUE,TRUE,TRUE,TRUE,FALSE
laptop,"ASUS Vivobook S14 Flip (2025) with Office 2024 + M365 Basic*, Backlit Keyboard, Intel Core i5 13th Gen...",https://www.flipkart.com/asus-vivobook-s14-flip-2025-office-2024-m365-basic-backlit-keyboard-intel-core-i5-13th-gen-13420h-16-gb-512-gb-ssd-windows-11-home-tp3402vao-lz612ws-2-1-laptop/p/itme494b3629a714?pid=COMH9SJ9VAJ7ZD99&lid=LSTCOMH9SJ9VAJ7ZD99ZNVNMB&marketplace=FLIPKART&store=6bo%2Fb5g&srno=b_22_527&otracker=browse&fm=organic&iid=en_yHX-TTXCrwZLm2i9NppICr5m-zeRsZxJF33kerjaZ3y6ufiVp0rN6XnhFDqQGeAtgu1VHW1OrbMooQVsEbPVPRhTy0lUJ14SzoMSv_CzLF0%3D&ppt=None&ppn=None&ssid=3jzeshrv1c0000001764345793623,63990,4.4,51,https://rukminim2.flixcart.com/image/312/312/xif0q/computer/a/s/e/-original-imahg4ut9hnhkwhg.jpeg?q=70,"ASUS Vivobook S14 Flip (2025) with Office 2024 + M365 Basic*, Backlit Keyboard, Intel Core i5 13th Gen.... powered by Intel Core i5. 16GB DDR4 RAM. 512.0GB SSD. 14.0"" IPS display. weighs 1.65kg. running Windows 11 Home.",ASUS,Transparent Silver,2 in 1 Laptop,Intel,Core i5,16,DDR4,Intel,Integrated Graphics,FALSE,512,SSD,14,IPS,FALSE,1.65,,Windows 11 Home,FALSE,FALSE,TRUE,TRUE,TRUE
laptop,HP 15 Intel Core i5 13th Gen 1334U - (16 GB/512 GB SSD/Windows 11 Home) 15-fd0576TU / 15-fd0467TU Thin...,https://www.flipkart.com/hp-15-intel-core-i5-13th-gen-1334u-16-gb-512-gb-ssd-windows-11-home-15-fd0576tu-15-fd0467tu-thin-light-laptop/p/itm3d552029526ba?pid=COMH8QXWHJRQKR6P&lid=LSTCOMH8QXWHJRQKR6PW3FWJH&marketplace=FLIPKART&store=6bo%2Fb5g&srno=b_22_528&otracker=browse&fm=organic&iid=en_yHX-TTXCrwZLm2i9NppICr5m-zeRsZxJF33kerjaZ3xnkdlW3tiWttVXtDhnxHS8GlnOP_OGkjFhOzyTBchepn3Gaq_wzx4HJysDmGalzMk%3D&ppt=None&ppn=None&ssid=3jzeshrv1c0000001764345793623,54990,4.2,45,https://rukminim2.flixcart.com/image/312/312/xif0q/computer/t/v/8/-original-imahg5fxfpvjasap.jpeg?q=70,"HP 15 Intel Core i5 13th Gen 1334U - (16 GB/512 GB SSD/Windows 11 Home) 15-fd0576TU / 15-fd0467TU Thin.... powered by Intel Core i5. 16GB DDR4 RAM. 512.0GB SSD. 15.6"" Full HD display. weighs 1.59kg. running Windows 11 Home.",HP,Silver,Thin and Light Laptop,Intel,Core i5,16,DDR4,Intel,Iris Xe,FALSE,512,SSD,15.6,Full HD,FALSE,1.59,,Windows 11 Home,FALSE,FALSE,TRUE,TRUE,TRUE
laptop,ASUS Vivobook Go 14 AMD Ryzen 3 Quad Core 7320U - (8 GB/512 GB SSD/Windows 11 Home) E1404FA-NK322WS Th...,https://www.flipkart.com/asus-vivobook-go-14-amd-ryzen-3-quad-core-7320u-8-gb-512-gb-ssd-windows-11-home-e1404fa-nk322ws-thin-light-laptop/p/itmd6733f7332771?pid=COMGMGXFQ3QGPJCV&lid=LSTCOMGMGXFQ3QGPJCVVLS4GR&marketplace=FLIPKART&store=6bo%2Fb5g&srno=b_23_529&otracker=browse&fm=organic&iid=19a827ff-b385-4983-8389-c99532f30ac5.COMGMGXFQ3QGPJCV.SEARCH&ppt=None&ppn=None&ssid=scmqghtpw00000001764345801636,32990,4.4,9,https://rukminim2.flixcart.com/image/312/312/xif0q/computer/u/9/6/-original-imagpxgq3wcnwpwv.jpeg?q=70,"ASUS Vivobook Go 14 AMD Ryzen 3 Quad Core 7320U - (8 GB/512 GB SSD/Windows 11 Home) E1404FA-NK322WS Th.... powered by AMD Ryzen 3. 8GB LPDDR5 RAM. 512.0GB SSD. AMD Radeon Amd graphics. 14.0"" HD display. weighs 1.38kg. running Windows 11 Home.",ASUS,Mixed Black,Thin and Light Laptop,AMD,Ryzen 3,8,LPDDR5,AMD,Radeon Amd,TRUE,512,SSD,14,HD,FALSE,1.38,,Windows 11 Home,TRUE,FALSE,FALSE,TRUE,TRUE
laptop,Acer Aspire 3 Intel Core i3 12th Gen 1215U - (8 GB/512 GB SSD/Windows 11 Home) A325-51 Thin and Light ...,https://www.flipkart.com/acer-aspire-3-intel-core-i3-12th-gen-1215u-8-gb-512-gb-ssd-windows-11-home-a325-51-thin-light-laptop/p/itm05f023c6da5dc?pid=COMH8QGJ4ZZGHANE&lid=LSTCOMH8QGJ4ZZGHANEGKCBHA&marketplace=FLIPKART&store=6bo%2Fb5g&srno=b_23_530&otracker=browse&fm=organic&iid=19a827ff-b385-4983-8389-c99532f30ac5.COMH8QGJ4ZZGHANE.SEARCH&ppt=None&ppn=None&ssid=scmqghtpw00000001764345801636,33990,4.2,2,https://rukminim2.flixcart.com/image/312/312/xif0q/computer/1/s/i/a325-51-thin-and-light-laptop-acer-original-imah8pycwewhxge2.jpeg?q=70,"Acer Aspire 3 Intel Core i3 12th Gen 1215U - (8 GB/512 GB SSD/Windows 11 Home) A325-51 Thin and Light .... powered by Intel Core i3. 8GB DDR4 RAM. 512.0GB SSD. 15.6"" IPS display. weighs 1.78kg. running Windows 11 Home.",Acer,Steel Gray,Thin and Light Laptop,Intel,Core i3,8,DDR4,Intel,Integrated Graphics,FALSE,512,SSD,15.6,IPS,FALSE,1.78,,Windows 11 Home,FALSE,FALSE,FALSE,TRUE,TRUE
laptop,Samsung Galaxy Book4 Edge Series Copilot AI-PC Full Metal Chasis Qualcomm Snapdragon X - (16 GB/512 GB...,https://www.flipkart.com/samsung-galaxy-book4-edge-series-copilot-ai-pc-full-metal-chasis-qualcomm-snapdragon-x-16-gb-512-gb-ssd-windows-11-home-np750xqb-ka1in-thin-light-laptop/p/itm1d61ec8d90cc7?pid=COMHE4ATFWNVHXHS&lid=LSTCOMHE4ATFWNVHXHSIHS0FO&marketplace=FLIPKART&store=6bo%2Fb5g&srno=b_23_531&otracker=browse&fm=organic&iid=en_DPIpQw4S-1cmPLHt87mLjlMetOrua_vgX6SSrmp5XEGNv6Pyj1opErPVfTmZbrjb_lVT3mDZ57aAKquXI1m8ovUFjCTyOHoHZs-Z5_PS_w0%3D&ppt=None&ppn=None&ssid=scmqghtpw00000001764345801636,64990,4.4,128,https://rukminim2.flixcart.com/image/312/312/xif0q/computer/a/g/p/-original-imahgwkqughzkwt3.jpeg?q=70,"Samsung Galaxy Book4 Edge Series Copilot AI-PC Full Metal Chasis Qualcomm Snapdragon X - (16 GB/512 GB.... powered by Qualcomm Snapdragon X. 16GB LPDDR5X RAM. 512.0GB SSD. 15.6"" HD display. weighs 1.55kg. running Windows 11 Home.",Samsung,Sapphire Blue,Thin and Light Laptop,Qualcomm,Snapdragon X,16,LPDDR5X,Qualcomm,Adreno,FALSE,512,SSD,15.6,HD,FALSE,1.55,,Windows 11 Home,FALSE,FALSE,TRUE,TRUE,TRUE
laptop,"ASUS Vivobook 15 (2025) with Office 2024 + M365 Basic*, Intel Core i3 13th Gen 1315U - (8 GB/512 GB SS...",https://www.flipkart.com/asus-vivobook-15-2025-office-2024-m365-basic-intel-core-i3-13th-gen-1315u-8-gb-512-gb-ssd-windows-11-home-x1504va-nj3700ws-thin-light-laptop/p/itmf31c79724a398?pid=COMHCQ5ECZZV6THK&lid=LSTCOMHCQ5ECZZV6THKTW8YMF&marketplace=FLIPKART&store=6bo%2Fb5g&srno=b_23_532&otracker=browse&fm=organic&iid=en_DPIpQw4S-1cmPLHt87mLjlMetOrua_vgX6SSrmp5XEGxmomkA0EcGlQIPCXi2uqb33jN4jhGgPcCWMhB0VVnE_UFjCTyOHoHZs-Z5_PS_w0%3D&ppt=None&ppn=None&ssid=scmqghtpw00000001764345801636,34990,4.3,163,https://rukminim2.flixcart.com/image/312/312/xif0q/computer/b/l/v/-original-imahgfdffszmurd7.jpeg?q=70,"ASUS Vivobook 15 (2025) with Office 2024 + M365 Basic*, Intel Core i3 13th Gen 1315U - (8 GB/512 GB SS.... powered by Intel Core i3. 8GB DDR4 RAM. 512.0GB SSD. 15.6"" Full HD display. weighs 1.7kg. running Windows 11 Home.",ASUS,Terra Cotta,Thin and Light Laptop,Intel,Core i3,8,DDR4,Intel,Integrated Graphics,FALSE,512,SSD,15.6,Full HD,FALSE,1.7,,Windows 11 Home,FALSE,FALSE,FALSE,TRUE,TRUE
laptop,Lenovo LOQ Essential Intel Core i5 12th Gen 12450HX - (12 GB/512 GB SSD/Windows 11 Home/4 GB Graphics/...,https://www.flipkart.com/lenovo-loq-essential-intel-core-i5-12th-gen-12450hx-12-gb-512-gb-ssd-windows-11-home-4-graphics-nvidia-geforce-rtx-2050-83lk0032in-gaming-laptop/p/itmb98c915de0a7b?pid=COMHA9FKKVPVFRD5&lid=LSTCOMHA9FKKVPVFRD5SF4OVF&marketplace=FLIPKART&store=6bo%2Fb5g&srno=b_23_533&otracker=browse&fm=organic&iid=19a827ff-b385-4983-8389-c99532f30ac5.COMHA9FKKVPVFRD5.SEARCH&ppt=None&ppn=None&ssid=scmqghtpw00000001764345801636,61490,4,0,https://rukminim2.flixcart.com/image/312/312/xif0q/computer/y/u/t/-original-imahfkh3czhsh63w.jpeg?q=70,"Lenovo LOQ Essential Intel Core i5 12th Gen 12450HX - (12 GB/512 GB SSD/Windows 11 Home/4 GB Graphics/.... powered by Intel Core i5. 12GB DDR5 RAM. 512.0GB SSD. NVIDIA RTX 2050 graphics. 15.6"" IPS display. weighs 1.77kg. running Windows 11 Home.",Lenovo,Luna Grey,Gaming Laptop,Intel,Core i5,12,DDR5,NVIDIA,RTX 2050,TRUE,512,SSD,15.6,IPS,FALSE,1.77,,Windows 11 Home,TRUE,FALSE,FALSE,TRUE,TRUE
laptop,Lenovo IdeaPad Slim 3 Intel Core i7 12th Gen 1255U - (16 GB/512 GB SSD/Windows 11 Home) 15IAU7 Thin an...,https://www.flipkart.com/lenovo-ideapad-slim-3-intel-core-i7-12th-gen-1255u-16-gb-512-gb-ssd-windows-11-home-15iau7-thin-light-laptop/p/itm58722d471ef90?pid=COMGVQ2YZYNBBHVJ&lid=LSTCOMGVQ2YZYNBBHVJBNDRAZ&marketplace=FLIPKART&store=6bo%2Fb5g&srno=b_23_534&otracker=browse&fm=organic&iid=19a827ff-b385-4983-8389-c99532f30ac5.COMGVQ2YZYNBBHVJ.SEARCH&ppt=None&ppn=None&ssid=scmqghtpw00000001764345801636,62020,4.1,7,https://rukminim2.flixcart.com/image/312/312/xif0q/computer/u/5/x/-original-imahex3tssc6uzsz.jpeg?q=70,"Lenovo IdeaPad Slim 3 Intel Core i7 12th Gen 1255U - (16 GB/512 GB SSD/Windows 11 Home) 15IAU7 Thin an.... powered by Intel Core i7. 16GB DDR4 RAM. 512.0GB SSD. 15.6"" IPS display. weighs 1.63kg. running Windows 11 Home.",Lenovo,Arctic Grey,Thin and Light Laptop,Intel,Core i7,16,DDR4,Intel,Iris Xe,FALSE,512,SSD,15.6,IPS,FALSE,1.63,,Windows 11 Home,FALSE,FALSE,TRUE,TRUE,TRUE
laptop,Lenovo IdeaPad Slim 3 Next Gen AI PC WUXGA IPS Copilot + PC Qualcomm Snapdragon X - (16 GB/512 GB SSD/...,https://www.flipkart.com/lenovo-ideapad-slim-3-next-gen-ai-pc-wuxga-ips-copilot-qualcomm-snapdragon-x-16-gb-512-gb-ssd-windows-11-home-15q8x10-thin-light-laptop/p/itm097ac7e15511b?pid=COMHDMJYDGBTMJXG&lid=LSTCOMHDMJYDGBTMJXG112MJM&marketplace=FLIPKART&store=6bo%2Fb5g&srno=b_23_535&otracker=browse&fm=organic&iid=en_DPIpQw4S-1cmPLHt87mLjlMetOrua_vgX6SSrmp5XEGsjGex2QiXn7Py755TFQ6-NwAKNkUyoQ8jObELuPEQTPUFjCTyOHoHZs-Z5_PS_w0%3D&ppt=None&ppn=None&ssid=scmqghtpw00000001764345801636,49990,4.3,27,https://rukminim2.flixcart.com/image/312/312/xif0q/computer/d/z/z/-original-imahgfdfx3hhguyc.jpeg?q=70,"Lenovo IdeaPad Slim 3 Next Gen AI PC WUXGA IPS Copilot + PC Qualcomm Snapdragon X - (16 GB/512 GB SSD/.... powered by Qualcomm Snapdragon X. 16GB LPDDR5X RAM. 512.0GB SSD. 15.3"" IPS display. weighs 1.55kg. running Windows 11 Home.",Lenovo,Luna Grey,Thin and Light Laptop,Qualcomm,Snapdragon X,16,LPDDR5X,Qualcomm,Adreno,FALSE,512,SSD,15.3,IPS,FALSE,1.55,50,Windows 11 Home,FALSE,FALSE,TRUE,TRUE,TRUE
laptop,Acer Predator Helios Neo 16 Intel Core i7 14th Gen 14700HX - (16 GB/1 TB SSD/Windows 11 Home/6 GB Grap...,https://www.flipkart.com/acer-predator-helios-neo-16-intel-core-i7-14th-gen-14700hx-16-gb-1-tb-ssd-windows-11-home-6-gb-graphics-nvidia-geforce-rtx-4050-phn16-72-77gz-gaming-laptop/p/itm34f68c296ce65?pid=COMGZKFB3ZTQGRT4&lid=LSTCOMGZKFB3ZTQGRT4YMVGPV&marketplace=FLIPKART&store=6bo%2Fb5g&srno=b_23_536&otracker=browse&fm=organic&iid=19a827ff-b385-4983-8389-c99532f30ac5.COMGZKFB3ZTQGRT4.SEARCH&ppt=None&ppn=None&ssid=scmqghtpw00000001764345801636,124000,4.4,54,https://rukminim2.flixcart.com/image/312/312/xif0q/computer/8/2/1/-original-imahg5fybr8jyg6f.jpeg?q=70,"Acer Predator Helios Neo 16 Intel Core i7 14th Gen 14700HX - (16 GB/1 TB SSD/Windows 11 Home/6 GB Grap.... powered by Intel Core i7. 16GB DDR5 RAM. 1024.0GB SSD. NVIDIA RTX 4050 graphics. 16.0"" IPS display. weighs 2.8kg. running Windows 11 Home.",Acer,Abyssal Black,Gaming Laptop,Intel,Core i7,16,DDR5,NVIDIA,RTX 4050,TRUE,1024,SSD,16,IPS,FALSE,2.8,,Windows 11 Home,TRUE,TRUE,TRUE,FALSE,FALSE
laptop,Acer Aspire 3 Intel Core i3 13th Gen 1305U - (8 GB/512 GB SSD/Windows 11 Home) A324-53 Thin and Light ...,https://www.flipkart.com/acer-aspire-3-intel-core-i3-13th-gen-1305u-8-gb-512-gb-ssd-windows-11-home-a324-53-thin-light-laptop/p/itma6a6812aa712e?pid=COMH4B6CGTPNVJW9&lid=LSTCOMH4B6CGTPNVJW9JOF4ZC&marketplace=FLIPKART&store=6bo%2Fb5g&srno=b_23_537&otracker=browse&fm=organic&iid=en_DPIpQw4S-1cmPLHt87mLjlMetOrua_vgX6SSrmp5XEEwjF5D8cvKPTQLyZf_c6dCp5iBsv_cHJc2xbWysDCSOfUFjCTyOHoHZs-Z5_PS_w0%3D&ppt=None&ppn=None&ssid=scmqghtpw00000001764345801636,30990,4.3,233,https://rukminim2.flixcart.com/image/312/312/xif0q/computer/r/p/w/-original-imahg5fxzmyzbkv8.jpeg?q=70,"Acer Aspire 3 Intel Core i3 13th Gen 1305U - (8 GB/512 GB SSD/Windows 11 Home) A324-53 Thin and Light .... powered by Intel Core i3. 8GB DDR4 RAM. 512.0GB SSD. 14.0"" HD display. weighs 1.45kg. running Windows 11 Home.",Acer,Steel Gray,Thin and Light Laptop,Intel,Core i3,8,DDR4,Intel,Integrated Graphics,FALSE,512,SSD,14,HD,FALSE,1.45,,Windows 11 Home,FALSE,FALSE,FALSE,TRUE,TRUE
laptop,"ASUS Vivobook 15 (2025) (i5 14th Gen) with MSO 2024 + M365 Basic*, Backlit Keyboard, Intel Core 5 120U...",https://www.flipkart.com/asus-vivobook-15-2025-i5-14th-gen-mso-2024-m365-basic-backlit-keyboard-intel-core-5-120u-16-gb-512-gb-ssd-windows-11-home-x1504vap-nj2862ws-thin-light-laptop/p/itm509f174cc1a04?pid=COMHDG7CFDWVKYMZ&lid=LSTCOMHDG7CFDWVKYMZSDYMWT&marketplace=FLIPKART&store=6bo%2Fb5g&srno=b_23_538&otracker=browse&fm=organic&iid=en_DPIpQw4S-1cmPLHt87mLjlMetOrua_vgX6SSrmp5XEGBtWaOlDPPdgFAZSHAPM4fsPdAy3Tmi2TEYPIlS-D4zPUFjCTyOHoHZs-Z5_PS_w0%3D&ppt=None&ppn=None&ssid=scmqghtpw00000001764345801636,49990,4.3,79,https://rukminim2.flixcart.com/image/312/312/xif0q/computer/k/u/e/-original-imahcd8gzqjnp2vv.jpeg?q=70,"ASUS Vivobook 15 (2025) (i5 14th Gen) with MSO 2024 + M365 Basic*, Backlit Keyboard, Intel Core 5 120U.... powered by Intel Core 5. 16GB DDR4 RAM. 512.0GB SSD. 15.6"" Full HD display. weighs 1.7kg. running Windows 11 Home.",ASUS,Cool Silver,Thin and Light Laptop,Intel,Core 5,16,DDR4,Intel,Integrated Graphics,FALSE,512,SSD,15.6,Full HD,FALSE,1.7,,Windows 11 Home,FALSE,FALSE,TRUE,TRUE,TRUE
laptop,Lenovo IdeaPad Slim 5 WUXGA OLED Copilot+PC Full Metal Body AMD Ryzen AI 7 Octa Core AI 7 350 - (24 GB...,https://www.flipkart.com/lenovo-ideapad-slim-5-wuxga-oled-copilot-pc-full-metal-body-amd-ryzen-ai-7-octa-core-350-24-gb-1-tb-ssd-windows-11-home-14akp10-thin-light-laptop/p/itm078f4ceaf6192?pid=COMHBFFKZE2ND7PV&lid=LSTCOMHBFFKZE2ND7PVQSFE7T&marketplace=FLIPKART&store=6bo%2Fb5g&srno=b_23_539&otracker=browse&fm=organic&iid=19a827ff-b385-4983-8389-c99532f30ac5.COMHBFFKZE2ND7PV.SEARCH&ppt=None&ppn=None&ssid=scmqghtpw00000001764345801636,82990,4.6,4,https://rukminim2.flixcart.com/image/312/312/xif0q/computer/m/j/s/-original-imahg4uswmhhkkg4.jpeg?q=70,"Lenovo IdeaPad Slim 5 WUXGA OLED Copilot+PC Full Metal Body AMD Ryzen AI 7 Octa Core AI 7 350 - (24 GB.... powered by AMD AMD Processor. 24GB DDR5 RAM. 1024.0GB SSD. AMD Radeon Amd graphics. 14.0"" OLED display. weighs 1.39kg. running Windows 11 Home.",Lenovo,Luna Grey,Thin and Light Laptop,AMD,AMD Processor,24,DDR5,AMD,Radeon Amd,TRUE,1024,SSD,14,OLED,FALSE,1.39,60,Windows 11 Home,TRUE,TRUE,TRUE,TRUE,TRUE
laptop,Lenovo IdeaPad Slim 3 WUXGA IPS Intel Core i5 13th Gen 13420H - (16 GB/512 GB SSD/Windows 11 Home) 15I...,https://www.flipkart.com/lenovo-ideapad-slim-3-wuxga-ips-intel-core-i5-13th-gen-13420h-16-gb-512-gb-ssd-windows-11-home-15irh10-thin-light-laptop/p/itm141f9075d4f0c?pid=COMHCQ52RHHN92ZF&lid=LSTCOMHCQ52RHHN92ZFEZIX8J&marketplace=FLIPKART&store=6bo%2Fb5g&srno=b_23_540&otracker=browse&fm=organic&iid=19a827ff-b385-4983-8389-c99532f30ac5.COMHCQ52RHHN92ZF.SEARCH&ppt=None&ppn=None&ssid=scmqghtpw00000001764345801636,61990,4.3,3,https://rukminim2.flixcart.com/image/312/312/xif0q/computer/v/p/0/-original-imahex3ugzs2fhzj.jpeg?q=70,"Lenovo IdeaPad Slim 3 WUXGA IPS Intel Core i5 13th Gen 13420H - (16 GB/512 GB SSD/Windows 11 Home) 15I.... powered by Intel Core i5. 16GB DDR5 RAM. 512.0GB SSD. 15.3"" IPS display. weighs 1.59kg. running Windows 11 Home.",Lenovo,Luna Grey,Thin and Light Laptop,Intel,Core i5,16,DDR5,Intel,Integrated Graphics,FALSE,512,SSD,15.3,IPS,FALSE,1.59,,Windows 11 Home,FALSE,FALSE,TRUE,TRUE,TRUE
laptop,DELL 15 Intel Core i3 13th Gen 1305U - (16 GB/512 GB SSD/Windows 11 Home) OVN353025001RING1O Thin and ...,https://www.flipkart.com/dell-15-intel-core-i3-13th-gen-1305u-16-gb-512-gb-ssd-windows-11-home-ovn353025001ring1o-thin-light-laptop/p/itmb007cf7efac41?pid=COMHD99W94EPN2H2&lid=LSTCOMHD99W94EPN2H28GBQQL&marketplace=FLIPKART&store=6bo%2Fb5g&srno=b_23_541&otracker=browse&fm=organic&iid=en_DPIpQw4S-1cmPLHt87mLjlMetOrua_vgX6SSrmp5XEHAfLhhmtlAZkxnOiJR1Q--WBnJBIXtLIjEBwfbAtt7l_UFjCTyOHoHZs-Z5_PS_w0%3D&ppt=None&ppn=None&ssid=scmqghtpw00000001764345801636,38990,4.2,31,https://rukminim2.flixcart.com/image/312/312/xif0q/computer/f/i/b/-original-imahgx8ws7ypyhmd.jpeg?q=70,"DELL 15 Intel Core i3 13th Gen 1305U - (16 GB/512 GB SSD/Windows 11 Home) OVN353025001RING1O Thin and .... powered by Intel Core i3. 16GB DDR4 RAM. 512.0GB SSD. 15.6"" HD display. weighs 1.66kg. running Windows 11 Home.",DELL,Titan Grey,Thin and Light Laptop,Intel,Core i3,16,DDR4,Intel,Integrated Graphics,FALSE,512,SSD,15.6,HD,FALSE,1.66,,Windows 11 Home,FALSE,FALSE,TRUE,TRUE,TRUE
laptop,Lenovo IdeaPad Slim 5 Co-Pilot Next Gen AI PC Full Metal Snapdragon X Plus - (16 GB/1 TB SSD/Windows 1...,https://www.flipkart.com/lenovo-ideapad-slim-5-co-pilot-next-gen-ai-pc-full-metal-snapdragon-x-plus-16-gb-1-tb-ssd-windows-11-home-14q8x9-thin-light-laptop/p/itm8a59041fc8c0f?pid=COMH4N9CZ7JKPQQC&lid=LSTCOMH4N9CZ7JKPQQCOFLXDU&marketplace=FLIPKART&store=6bo%2Fb5g&srno=b_23_542&otracker=browse&fm=organic&iid=en_DPIpQw4S-1cmPLHt87mLjlMetOrua_vgX6SSrmp5XEGeEgKSKeEdL01kKa3ohL7LWjuanWzn_fwNsSOeIbWWJvUFjCTyOHoHZs-Z5_PS_w0%3D&ppt=None&ppn=None&ssid=scmqghtpw00000001764345801636,57990,4.1,68,https://rukminim2.flixcart.com/image/312/312/xif0q/computer/6/l/r/-original-imahg5fxwyqndjhu.jpeg?q=70,"Lenovo IdeaPad Slim 5 Co-Pilot Next Gen AI PC Full Metal Snapdragon X Plus - (16 GB/1 TB SSD/Windows 1.... powered by Snapdragon X Plus. 16GB LPDDR5X RAM. 1024.0GB SSD. 14.0"" IPS display. weighs 1.48kg. running Windows 11 Home.",Lenovo,Cloud Grey,Thin and Light Laptop,Snapdragon,X Plus,16,LPDDR5X,Qualcomm,Adreno,FALSE,1024,SSD,14,IPS,FALSE,1.48,,Windows 11 Home,FALSE,FALSE,TRUE,TRUE,TRUE
laptop,"ASUS Gaming V16 (2025) with Office 2024 + M365 Basic*, AI PC, (i7 14th gen) Intel Core 7 240H - (16 GB...",https://www.flipkart.com/asus-gaming-v16-2025-office-2024-m365-basic-ai-pc-i7-14th-gen-intel-core-7-240h-16-gb-512-gb-ssd-windows-11-home-6-graphics-nvidia-geforce-rtx-4050-144-hz-v3607vu-rp275ws-laptop/p/itm787b40d6e3a05?pid=COMH89EBHSUGNEQM&lid=LSTCOMH89EBHSUGNEQMA2CIQL&marketplace=FLIPKART&store=6bo%2Fb5g&srno=b_23_543&otracker=browse&fm=organic&iid=19a827ff-b385-4983-8389-c99532f30ac5.COMH89EBHSUGNEQM.SEARCH&ppt=None&ppn=None&ssid=scmqghtpw00000001764345801636,89990,4.3,4,https://rukminim2.flixcart.com/image/312/312/xif0q/computer/y/r/p/-original-imahgfdf5qzsphp7.jpeg?q=70,"ASUS Gaming V16 (2025) with Office 2024 + M365 Basic*, AI PC, (i7 14th gen) Intel Core 7 240H - (16 GB.... powered by Intel Core 7. 16GB DDR5 RAM. 512.0GB SSD. NVIDIA RTX 4050 graphics. 16.0"" Full HD display. weighs 1.95kg. running Windows 11 Home.",ASUS,Matte Black,Gaming Laptop,Intel,Core 7,16,DDR5,NVIDIA,RTX 4050,TRUE,512,SSD,16,Full HD,FALSE,1.95,,Windows 11 Home,TRUE,TRUE,TRUE,TRUE,TRUE
laptop,ASUS AMD Ryzen 5 Quad Core - (8 GB/512 GB SSD/Windows 11 Home) E1404FA-NK522WS Thin and Light Laptop,https://www.flipkart.com/asus-amd-ryzen-5-quad-core-8-gb-512-gb-ssd-windows-11-home-e1404fa-nk522ws-thin-light-laptop/p/itmd6733f7332771?pid=COMGZ2Y4SGZZBCFJ&lid=LSTCOMGZ2Y4SGZZBCFJ6KCKUI&marketplace=FLIPKART&store=6bo%2Fb5g&srno=b_23_544&otracker=browse&fm=organic&iid=19a827ff-b385-4983-8389-c99532f30ac5.COMGZ2Y4SGZZBCFJ.SEARCH&ppt=None&ppn=None&ssid=scmqghtpw00000001764345801636,37790,4.2,2,https://rukminim2.flixcart.com/image/312/312/xif0q/computer/u/9/6/-original-imagpxgq3wcnwpwv.jpeg?q=70,"ASUS AMD Ryzen 5 Quad Core - (8 GB/512 GB SSD/Windows 11 Home) E1404FA-NK522WS Thin and Light Laptop. powered by AMD Ryzen 5. 8GB LPDDR5 RAM. 512.0GB SSD. 14.0"" LCD display. running Windows 11 Home.",ASUS,Black,Thin and Light Laptop,AMD,Ryzen 5,8,LPDDR5,AMD,Radeon Graphics,FALSE,512,SSD,14,LCD,FALSE,,,Windows 11 Home,FALSE,FALSE,FALSE,FALSE,FALSE
laptop,ASUS Vivobook Go 15 AMD Ryzen 3 Quad Core 7320U - (8 GB/512 GB SSD/Windows 11 Home) E1504FA-NJ130WS | ...,https://www.flipkart.com/asus-vivobook-go-15-amd-ryzen-3-quad-core-7320u-8-gb-512-gb-ssd-windows-11-home-e1504fa-nj130ws-e1504fa-bq2322ws-thin-light-laptop/p/itm9af4f3b5de2ff?pid=COMH94992SQ8HYGZ&lid=LSTCOMH94992SQ8HYGZMHVF97&marketplace=FLIPKART&store=6bo%2Fb5g&srno=b_23_545&otracker=browse&fm=organic&iid=en_DPIpQw4S-1cmPLHt87mLjlMetOrua_vgX6SSrmp5XEGZ-tPiGYG4aqjg3l_nPnd-ELXLmukSLH7KQ9_ORAK8qfUFjCTyOHoHZs-Z5_PS_w0%3D&ppt=None&ppn=None&ssid=scmqghtpw00000001764345801636,30990,4.3,94,https://rukminim2.flixcart.com/image/312/312/xif0q/computer/m/y/o/-original-imahg5fxjta7gns7.jpeg?q=70,"ASUS Vivobook Go 15 AMD Ryzen 3 Quad Core 7320U - (8 GB/512 GB SSD/Windows 11 Home) E1504FA-NJ130WS | .... powered by AMD Ryzen 3. 8GB LPDDR5 RAM. 512.0GB SSD. AMD Radeon Amd graphics. 15.6"" Full HD display. weighs 1.63kg. running Windows 11 Home.",ASUS,Mixed Black,Thin and Light Laptop,AMD,Ryzen 3,8,LPDDR5,AMD,Radeon Amd,TRUE,512,SSD,15.6,Full HD,FALSE,1.63,,Windows 11 Home,TRUE,FALSE,FALSE,TRUE,TRUE
laptop,Acer Aspire 5 15 Intel Core i3 13th Gen 1305U - (8 GB/512 GB SSD/Windows 11 Home) A515-58M Thin and Li...,https://www.flipkart.com/acer-aspire-5-15-intel-core-i3-13th-gen-1305u-8-gb-512-gb-ssd-windows-11-home-a515-58m-thin-light-laptop/p/itm4285f066ed3a8?pid=COMGXMY52EEXCJMN&lid=LSTCOMGXMY52EEXCJMNN4TODC&marketplace=FLIPKART&store=6bo%2Fb5g&srno=b_23_546&otracker=browse&fm=organic&iid=19a827ff-b385-4983-8389-c99532f30ac5.COMGXMY52EEXCJMN.SEARCH&ppt=None&ppn=None&ssid=scmqghtpw00000001764345801636,39099,4.1,1,https://rukminim2.flixcart.com/image/312/312/xif0q/computer/m/l/0/-original-imahg4utu5efy4m8.jpeg?q=70,"Acer Aspire 5 15 Intel Core i3 13th Gen 1305U - (8 GB/512 GB SSD/Windows 11 Home) A515-58M Thin and Li.... powered by Intel Core i3. 8GB LPDDR5 RAM. 512.0GB SSD. 15.6"" HD display. weighs 1.75kg. running Windows 11 Home.",Acer,Steel Grey,Thin and Light Laptop,Intel,Core i3,8,LPDDR5,Intel,Integrated Graphics,FALSE,512,SSD,15.6,HD,FALSE,1.75,,Windows 11 Home,FALSE,FALSE,FALSE,TRUE,TRUE
laptop,ASUS Vivobook Go 15 AMD Ryzen 5 Quad Core 7520U - (8 GB/512 GB SSD/Windows 11 Home) E1504FA-NJ132WS | ...,https://www.flipkart.com/asus-vivobook-go-15-amd-ryzen-5-quad-core-7520u-8-gb-512-gb-ssd-windows-11-home-e1504fa-nj132ws-e1504fa-nj521ws-thin-light-laptop/p/itm657eb80ea799a?pid=COMH9499JNGDGTZ5&lid=LSTCOMH9499JNGDGTZ5WJGUDN&marketplace=FLIPKART&store=6bo%2Fb5g&srno=b_23_547&otracker=browse&fm=organic&iid=en_DPIpQw4S-1cmPLHt87mLjlMetOrua_vgX6SSrmp5XEGWPnefY7eti0NKnxhmWspaSUgykyDQJKYN_y9jM4Dl9_UFjCTyOHoHZs-Z5_PS_w0%3D&ppt=None&ppn=None&ssid=scmqghtpw00000001764345801636,36990,4.2,49,https://rukminim2.flixcart.com/image/312/312/xif0q/computer/k/b/i/-original-imahg53xeuxqm6bv.jpeg?q=70,"ASUS Vivobook Go 15 AMD Ryzen 5 Quad Core 7520U - (8 GB/512 GB SSD/Windows 11 Home) E1504FA-NJ132WS | .... powered by AMD Ryzen 5. 8GB LPDDR5 RAM. 512.0GB SSD. AMD Radeon Amd graphics. 15.6"" Full HD display. weighs 1.63kg. running Windows 11 Home.",ASUS,Cool Silver,Thin and Light Laptop,AMD,Ryzen 5,8,LPDDR5,AMD,Radeon Amd,TRUE,512,SSD,15.6,Full HD,FALSE,1.63,,Windows 11 Home,TRUE,FALSE,FALSE,TRUE,TRUE
laptop,"ASUS Vivobook S16 OLED (2025) with Backlit Keyboard, Metal Body*, Qualcomm Snapdragon X - (16 GB/512 G...",https://www.flipkart.com/asus-vivobook-s16-oled-2025-backlit-keyboard-metal-body-qualcomm-snapdragon-x-16-gb-512-gb-ssd-windows-11-home-s3607qa-sh078ws-thin-light-laptop/p/itm252509f1beb81?pid=COMHCQ5EYNZ2HRWW&lid=LSTCOMHCQ5EYNZ2HRWWUYQZ3F&marketplace=FLIPKART&store=6bo%2Fb5g&srno=b_23_548&otracker=browse&fm=organic&iid=en_DPIpQw4S-1cmPLHt87mLjlMetOrua_vgX6SSrmp5XEFo8qzPz02mAA2N0xEixq1VG2amLjs3IPadBpBV9DWta6V8WX5krIChubBlraAu4CQ%3D&ppt=None&ppn=None&ssid=scmqghtpw00000001764345801636,71990,4.4,51,https://rukminim2.flixcart.com/image/312/312/xif0q/computer/g/4/k/-original-imahfn3geekjdudx.jpeg?q=70,"ASUS Vivobook S16 OLED (2025) with Backlit Keyboard, Metal Body*, Qualcomm Snapdragon X - (16 GB/512 G.... powered by Qualcomm Snapdragon X. 16GB LPDDR5X RAM. 512.0GB SSD. 16.0"" Full HD display. weighs 1.74kg. running Windows 11 Home.",ASUS,Pink,Thin and Light Laptop,Qualcomm,Snapdragon X,16,LPDDR5X,Qualcomm,Adreno,FALSE,512,SSD,16,Full HD,FALSE,1.74,,Windows 11 Home,FALSE,FALSE,TRUE,TRUE,TRUE
laptop,HP G Series Intel Core i3 10th Gen 1005G1 - (4 GB/512 GB SSD/Windows 10 Home) 250 G8 Thin and Light La...,https://www.flipkart.com/hp-g-series-intel-core-i3-10th-gen-1005g1-4-gb-512-gb-ssd-windows-10-home-250-g8-thin-light-laptop/p/itm9015dcea94ace?pid=COMG2ZZZ57RSWQUG&lid=LSTCOMG2ZZZ57RSWQUGTOGUTW&marketplace=FLIPKART&store=6bo%2Fb5g&srno=b_23_549&otracker=browse&fm=organic&iid=19a827ff-b385-4983-8389-c99532f30ac5.COMG2ZZZ57RSWQUG.SEARCH&ppt=None&ppn=None&ssid=scmqghtpw00000001764345801636,35800,4.3,12,https://rukminim2.flixcart.com/image/312/312/kolsscw0/computer/s/x/d/250-g8-thin-and-light-laptop-hp-original-imag3f4kmcvnhkz9.jpeg?q=70,"HP G Series Intel Core i3 10th Gen 1005G1 - (4 GB/512 GB SSD/Windows 10 Home) 250 G8 Thin and Light La.... powered by Intel Core i3. 4GB DDR4 RAM. 512.0GB SSD. 15.6"" HD display. weighs 1.74kg. running Windows 10 Home.",HP,Dark Ash Silver,Thin and Light Laptop,Intel,Core i3,4,DDR4,Intel,Integrated Graphics,FALSE,512,SSD,15.6,HD,FALSE,1.74,,Windows 10 Home,FALSE,FALSE,FALSE,FALSE,FALSE
laptop,Lenovo Yoga Slim 7 WUXGA OLED AI PC Intel Core Ultra 7 155H - (32 GB/1 TB SSD/Windows 11 Home) 14IMH9 ...,https://www.flipkart.com/lenovo-yoga-slim-7-wuxga-oled-ai-pc-intel-core-ultra-155h-32-gb-1-tb-ssd-windows-11-home-14imh9-thin-light-laptop/p/itm77304edff3814?pid=COMGXMY5HUH8RERC&lid=LSTCOMGXMY5HUH8RERCZ4QD8N&marketplace=FLIPKART&store=6bo%2Fb5g&srno=b_23_550&otracker=browse&fm=organic&iid=19a827ff-b385-4983-8389-c99532f30ac5.COMGXMY5HUH8RERC.SEARCH&ppt=None&ppn=None&ssid=scmqghtpw00000001764345801636,103890,4.3,5,https://rukminim2.flixcart.com/image/312/312/xif0q/computer/x/t/z/-original-imahg5fxzjtg4szc.jpeg?q=70,"Lenovo Yoga Slim 7 WUXGA OLED AI PC Intel Core Ultra 7 155H - (32 GB/1 TB SSD/Windows 11 Home) 14IMH9 .... powered by Intel Core Ultra 7. 32GB LPDDR5X RAM. 1024.0GB SSD. 14.0"" OLED display. weighs 1.39kg. running Windows 11 Home.",Lenovo,Luna Grey,Thin and Light Laptop,Intel,Core Ultra 7,32,LPDDR5X,Intel,Integrated Graphics,FALSE,1024,SSD,14,OLED,FALSE,1.39,,Windows 11 Home,FALSE,TRUE,TRUE,TRUE,TRUE
laptop,"ASUS Vivobook S14 Flip (2025) with Office 2024 + M365 Basic*, Backlit Keyboard, Intel Core i5 13th Gen...",https://www.flipkart.com/asus-vivobook-s14-flip-2025-office-2024-m365-basic-backlit-keyboard-intel-core-i5-13th-gen-13420h-16-gb-512-gb-ssd-windows-11-home-tp3402vao-lz612ws-2-1-laptop/p/itme494b3629a714?pid=COMH9SJ9VAJ7ZD99&lid=LSTCOMH9SJ9VAJ7ZD99ZNVNMB&marketplace=FLIPKART&store=6bo%2Fb5g&srno=b_23_551&otracker=browse&fm=organic&iid=en_DPIpQw4S-1cmPLHt87mLjlMetOrua_vgX6SSrmp5XEHqALENYxLDjd1MYLBi7PIe3JJreNqE10axEDA06lGYnA891ypMzu4_aryI8_sihJ8%3D&ppt=None&ppn=None&ssid=scmqghtpw00000001764345801636,63990,4.4,51,https://rukminim2.flixcart.com/image/312/312/xif0q/computer/a/s/e/-original-imahg4ut9hnhkwhg.jpeg?q=70,"ASUS Vivobook S14 Flip (2025) with Office 2024 + M365 Basic*, Backlit Keyboard, Intel Core i5 13th Gen.... powered by Intel Core i5. 16GB DDR4 RAM. 512.0GB SSD. 14.0"" IPS display. weighs 1.65kg. running Windows 11 Home.",ASUS,Transparent Silver,2 in 1 Laptop,Intel,Core i5,16,DDR4,Intel,Integrated Graphics,FALSE,512,SSD,14,IPS,FALSE,1.65,,Windows 11 Home,FALSE,FALSE,TRUE,TRUE,TRUE
laptop,HP 15 Intel Core i5 13th Gen 1334U - (16 GB/512 GB SSD/Windows 11 Home) 15-fd0576TU / 15-fd0467TU Thin...,https://www.flipkart.com/hp-15-intel-core-i5-13th-gen-1334u-16-gb-512-gb-ssd-windows-11-home-15-fd0576tu-15-fd0467tu-thin-light-laptop/p/itm3d552029526ba?pid=COMH8QXWHJRQKR6P&lid=LSTCOMH8QXWHJRQKR6PW3FWJH&marketplace=FLIPKART&store=6bo%2Fb5g&srno=b_23_552&otracker=browse&fm=organic&iid=en_DPIpQw4S-1cmPLHt87mLjlMetOrua_vgX6SSrmp5XEE247HbQQRKZeeE3FtvEOhGOQ4yeMQ7k9OzDYgchIoHfhhTy0lUJ14SzoMSv_CzLF0%3D&ppt=None&ppn=None&ssid=scmqghtpw00000001764345801636,54990,4.2,45,https://rukminim2.flixcart.com/image/312/312/xif0q/computer/t/v/8/-original-imahg5fxfpvjasap.jpeg?q=70,"HP 15 Intel Core i5 13th Gen 1334U - (16 GB/512 GB SSD/Windows 11 Home) 15-fd0576TU / 15-fd0467TU Thin.... powered by Intel Core i5. 16GB DDR4 RAM. 512.0GB SSD. 15.6"" Full HD display. weighs 1.59kg. running Windows 11 Home.",HP,Silver,Thin and Light Laptop,Intel,Core i5,16,DDR4,Intel,Iris Xe,FALSE,512,SSD,15.6,Full HD,FALSE,1.59,,Windows 11 Home,FALSE,FALSE,TRUE,TRUE,TRUE
laptop,Lenovo IdeaPad 5 2-in-1 Core 5 120U WUXGA IPS Intel Core 5 120U - (16 GB/512 GB SSD/Windows 11 Home) 1...,https://www.flipkart.com/lenovo-ideapad-5-2-in-1-core-120u-wuxga-ips-intel-16-gb-512-gb-ssd-windows-11-home-14iru9-2-1-laptop/p/itm0d1ffafece259?pid=COMHYVZSGZPKCNFZ&lid=LSTCOMHYVZSGZPKCNFZNXYKL5&marketplace=FLIPKART&store=6bo%2Fb5g&srno=b_24_553&otracker=browse&fm=organic&iid=3365afdb-26c8-436b-b456-e5ce7696af6d.COMHYVZSGZPKCNFZ.SEARCH&ppt=None&ppn=None&ssid=j2u9nps4xs0000001764345809556,69990,4.6,0,https://rukminim2.flixcart.com/image/312/312/xif0q/computer/u/p/n/-original-imahg52ngsj9kgm3.jpeg?q=70,"Lenovo IdeaPad 5 2-in-1 Core 5 120U WUXGA IPS Intel Core 5 120U - (16 GB/512 GB SSD/Windows 11 Home) 1.... powered by Intel Core 5. 16GB LPDDR5X RAM. 512.0GB SSD. 14.0"" IPS display. weighs 1.6kg. running Windows 11 Home.",Lenovo,Luna Grey,2 in 1 Laptop,Intel,Core 5,16,LPDDR5X,Intel,Integrated Graphics,FALSE,512,SSD,14,IPS,TRUE,1.6,,Windows 11 Home,FALSE,FALSE,TRUE,TRUE,TRUE
laptop,ASUS Vivobook 16 Intel Core i3 13th Gen 1315U - (8 GB/512 GB SSD/Windows 11 Home) X1605VAB-MB322WS Thi...,https://www.flipkart.com/asus-vivobook-16-intel-core-i3-13th-gen-1315u-8-gb-512-gb-ssd-windows-11-home-x1605vab-mb322ws-thin-light-laptop/p/itm5a5877d3c5fb1?pid=COMGZDQJCTDUXGTX&lid=LSTCOMGZDQJCTDUXGTX8EOU8W&marketplace=FLIPKART&store=6bo%2Fb5g&srno=b_24_554&otracker=browse&fm=organic&iid=3365afdb-26c8-436b-b456-e5ce7696af6d.COMGZDQJCTDUXGTX.SEARCH&ppt=None&ppn=None&ssid=j2u9nps4xs0000001764345809556,47800,4.3,26,https://rukminim2.flixcart.com/image/312/312/xif0q/computer/3/6/j/-original-imagpxgqfz7djerv.jpeg?q=70,"ASUS Vivobook 16 Intel Core i3 13th Gen 1315U - (8 GB/512 GB SSD/Windows 11 Home) X1605VAB-MB322WS Thi.... powered by Intel Core i3. 8GB DDR4 RAM. 512.0GB SSD. 16.0"" IPS display. weighs 1.88kg. running Windows 11 Home.",ASUS,Transparent Silver,Thin and Light Laptop,Intel,Core i3,8,DDR4,Intel,Integrated Graphics,FALSE,512,SSD,16,IPS,FALSE,1.88,,Windows 11 Home,FALSE,FALSE,FALSE,TRUE,TRUE
laptop,Samsung Galaxy Book4 Edge Series Copilot AI-PC Full Metal Chasis Qualcomm Snapdragon X - (16 GB/512 GB...,https://www.flipkart.com/samsung-galaxy-book4-edge-series-copilot-ai-pc-full-metal-chasis-qualcomm-snapdragon-x-16-gb-512-gb-ssd-windows-11-home-np750xqb-ka1in-thin-light-laptop/p/itm1d61ec8d90cc7?pid=COMHE4ATFWNVHXHS&lid=LSTCOMHE4ATFWNVHXHSIHS0FO&marketplace=FLIPKART&store=6bo%2Fb5g&srno=b_24_555&otracker=browse&fm=organic&iid=en_PyY_jjP6MFfotS3y3KcvEMNT9y8uPS178XGvUra_3PFmVCbYxU0NBWNDzhj_halFl3LVU23Rn5TEHCp33wMSfvUFjCTyOHoHZs-Z5_PS_w0%3D&ppt=None&ppn=None&ssid=j2u9nps4xs0000001764345809556,64990,4.4,128,https://rukminim2.flixcart.com/image/312/312/xif0q/computer/a/g/p/-original-imahgwkqughzkwt3.jpeg?q=70,"Samsung Galaxy Book4 Edge Series Copilot AI-PC Full Metal Chasis Qualcomm Snapdragon X - (16 GB/512 GB.... powered by Qualcomm Snapdragon X. 16GB LPDDR5X RAM. 512.0GB SSD. 15.6"" HD display. weighs 1.55kg. running Windows 11 Home.",Samsung,Sapphire Blue,Thin and Light Laptop,Qualcomm,Snapdragon X,16,LPDDR5X,Qualcomm,Adreno,FALSE,512,SSD,15.6,HD,FALSE,1.55,,Windows 11 Home,FALSE,FALSE,TRUE,TRUE,TRUE
laptop,HP Pavilion AMD Ryzen 5 Hexa Core 5625U - (8 GB/512 GB SSD/Windows 11 Home) 14-EC1003AU Thin and Light...,https://www.flipkart.com/hp-pavilion-amd-ryzen-5-hexa-core-5625u-8-gb-512-gb-ssd-windows-11-home-14-ec1003au-thin-light-laptop/p/itm912983975b3d8?pid=COMGCGSTVVGKQTVA&lid=LSTCOMGCGSTVVGKQTVALLALCS&marketplace=FLIPKART&store=6bo%2Fb5g&srno=b_24_556&otracker=browse&fm=organic&iid=3365afdb-26c8-436b-b456-e5ce7696af6d.COMGCGSTVVGKQTVA.SEARCH&ppt=None&ppn=None&ssid=j2u9nps4xs0000001764345809556,49423,4.3,103,https://rukminim2.flixcart.com/image/312/312/xif0q/computer/i/0/t/-original-imahg4utpmg9ztym.jpeg?q=70,"HP Pavilion AMD Ryzen 5 Hexa Core 5625U - (8 GB/512 GB SSD/Windows 11 Home) 14-EC1003AU Thin and Light.... powered by AMD Ryzen 5. 8GB DDR4 RAM. 512.0GB SSD. AMD Radeon Radeon graphics. 14.0"" IPS display. weighs 1.41kg. running Windows 11 Home.",HP,Natural Silver,Thin and Light Laptop,AMD,Ryzen 5,8,DDR4,AMD,Radeon Radeon,TRUE,512,SSD,14,IPS,FALSE,1.41,,Windows 11 Home,TRUE,FALSE,FALSE,TRUE,TRUE
laptop,"ASUS Vivobook 15 (2025) with Office 2024 + M365 Basic*, Intel Core i3 13th Gen 1315U - (8 GB/512 GB SS...",https://www.flipkart.com/asus-vivobook-15-2025-office-2024-m365-basic-intel-core-i3-13th-gen-1315u-8-gb-512-gb-ssd-windows-11-home-x1504va-nj3700ws-thin-light-laptop/p/itmf31c79724a398?pid=COMHCQ5ECZZV6THK&lid=LSTCOMHCQ5ECZZV6THKTW8YMF&marketplace=FLIPKART&store=6bo%2Fb5g&srno=b_24_557&otracker=browse&fm=organic&iid=en_PyY_jjP6MFfotS3y3KcvEMNT9y8uPS178XGvUra_3PFSXu8ttvVCpxwRmZ0vbJzj33jN4jhGgPcCWMhB0VVnE_UFjCTyOHoHZs-Z5_PS_w0%3D&ppt=None&ppn=None&ssid=j2u9nps4xs0000001764345809556,34990,4.3,163,https://rukminim2.flixcart.com/image/312/312/xif0q/computer/b/l/v/-original-imahgfdffszmurd7.jpeg?q=70,"ASUS Vivobook 15 (2025) with Office 2024 + M365 Basic*, Intel Core i3 13th Gen 1315U - (8 GB/512 GB SS.... powered by Intel Core i3. 8GB DDR4 RAM. 512.0GB SSD. 15.6"" Full HD display. weighs 1.7kg. running Windows 11 Home.",ASUS,Terra Cotta,Thin and Light Laptop,Intel,Core i3,8,DDR4,Intel,Integrated Graphics,FALSE,512,SSD,15.6,Full HD,FALSE,1.7,,Windows 11 Home,FALSE,FALSE,FALSE,TRUE,TRUE
laptop,Lenovo IdeaPad Slim 3 Next Gen AI PC WUXGA IPS Copilot + PC Qualcomm Snapdragon X - (16 GB/512 GB SSD/...,https://www.flipkart.com/lenovo-ideapad-slim-3-next-gen-ai-pc-wuxga-ips-copilot-qualcomm-snapdragon-x-16-gb-512-gb-ssd-windows-11-home-15q8x10-thin-light-laptop/p/itm097ac7e15511b?pid=COMHDMJYDGBTMJXG&lid=LSTCOMHDMJYDGBTMJXG112MJM&marketplace=FLIPKART&store=6bo%2Fb5g&srno=b_24_558&otracker=browse&fm=organic&iid=en_PyY_jjP6MFfotS3y3KcvEMNT9y8uPS178XGvUra_3PEz8OtIsp-djgoPq6ItllrxNwAKNkUyoQ8jObELuPEQTPUFjCTyOHoHZs-Z5_PS_w0%3D&ppt=None&ppn=None&ssid=j2u9nps4xs0000001764345809556,49990,4.3,27,https://rukminim2.flixcart.com/image/312/312/xif0q/computer/d/z/z/-original-imahgfdfx3hhguyc.jpeg?q=70,"Lenovo IdeaPad Slim 3 Next Gen AI PC WUXGA IPS Copilot + PC Qualcomm Snapdragon X - (16 GB/512 GB SSD/.... powered by Qualcomm Snapdragon X. 16GB LPDDR5X RAM. 512.0GB SSD. 15.3"" IPS display. weighs 1.55kg. running Windows 11 Home.",Lenovo,Luna Grey,Thin and Light Laptop,Qualcomm,Snapdragon X,16,LPDDR5X,Qualcomm,Adreno,FALSE,512,SSD,15.3,IPS,FALSE,1.55,50,Windows 11 Home,FALSE,FALSE,TRUE,TRUE,TRUE
laptop,HP Intel Core i5 13th Gen - (16 GB/512 GB SSD/Windows 11 Home/Intel Integrated intel hd) 14-ek1074TU 2...,https://www.flipkart.com/hp-intel-core-i5-13th-gen-16-gb-512-gb-ssd-windows-11-home-intel-integrated-hd-14-ek1074tu-2-1-gaming-laptop/p/itm52734005494bf?pid=COMGU4EGRV4S6EAM&lid=LSTCOMGU4EGRV4S6EAMJV5VW2&marketplace=FLIPKART&store=6bo%2Fb5g&srno=b_24_559&otracker=browse&fm=organic&iid=3365afdb-26c8-436b-b456-e5ce7696af6d.COMGU4EGRV4S6EAM.SEARCH&ppt=None&ppn=None&ssid=j2u9nps4xs0000001764345809556,70499,4.3,4,https://rukminim2.flixcart.com/image/312/312/xif0q/computer/f/z/a/14-ek1010tu-thin-and-light-laptop-hp-original-imagnksxpampc2fe.jpeg?q=70,"HP Intel Core i5 13th Gen - (16 GB/512 GB SSD/Windows 11 Home/Intel Integrated intel hd) 14-ek1074TU 2.... powered by Intel Core i5. 16GB DDR4 RAM. 512.0GB SSD. 14.0"" LCD display. running Windows 11 Home.",HP,Silver,2 in 1 Gaming Laptop,Intel,Core i5,16,DDR4,Intel,Integrated Graphics,FALSE,512,SSD,14,LCD,FALSE,,,Windows 11 Home,FALSE,FALSE,TRUE,FALSE,FALSE
laptop,Lenovo LOQ Intel Core i7 13th Gen 13650HX - (24 GB/512 GB SSD/Windows 11 Home/8 GB Graphics/NVIDIA GeF...,https://www.flipkart.com/lenovo-loq-intel-core-i7-13th-gen-13650hx-24-gb-512-gb-ssd-windows-11-home-8-graphics-nvidia-geforce-rtx-4060-15irx9-gaming-laptop/p/itme3e94a3f73f71?pid=COMHYXV9QNDKU8KM&lid=LSTCOMHYXV9QNDKU8KMP9ZWKE&marketplace=FLIPKART&store=6bo%2Fb5g&srno=b_24_560&otracker=browse&fm=organic&iid=3365afdb-26c8-436b-b456-e5ce7696af6d.COMHYXV9QNDKU8KM.SEARCH&ppt=None&ppn=None&ssid=j2u9nps4xs0000001764345809556,132990,4.3,29,https://rukminim2.flixcart.com/image/312/312/xif0q/computer/p/h/b/-original-imahg5fxwz6gbtzg.jpeg?q=70,"Lenovo LOQ Intel Core i7 13th Gen 13650HX - (24 GB/512 GB SSD/Windows 11 Home/8 GB Graphics/NVIDIA GeF.... powered by Intel Core i7. 24GB DDR5 RAM. 512.0GB SSD. NVIDIA RTX 4060 graphics. 15.6"" IPS display. weighs 2.38kg. running Windows 11 Home.",Lenovo,Luna Grey,Gaming Laptop,Intel,Core i7,24,DDR5,NVIDIA,RTX 4060,TRUE,512,SSD,15.6,IPS,FALSE,2.38,,Windows 11 Home,TRUE,TRUE,TRUE,TRUE,FALSE
laptop,Acer Aspire 3 Intel Core i3 13th Gen 1305U - (8 GB/512 GB SSD/Windows 11 Home) A324-53 Thin and Light ...,https://www.flipkart.com/acer-aspire-3-intel-core-i3-13th-gen-1305u-8-gb-512-gb-ssd-windows-11-home-a324-53-thin-light-laptop/p/itma6a6812aa712e?pid=COMH4B6CGTPNVJW9&lid=LSTCOMH4B6CGTPNVJW9JOF4ZC&marketplace=FLIPKART&store=6bo%2Fb5g&srno=b_24_561&otracker=browse&fm=organic&iid=en_PyY_jjP6MFfotS3y3KcvEMNT9y8uPS178XGvUra_3PGijlpN1g4IRCz0hUOErdItp5iBsv_cHJc2xbWysDCSOfUFjCTyOHoHZs-Z5_PS_w0%3D&ppt=None&ppn=None&ssid=j2u9nps4xs0000001764345809556,30990,4.3,233,https://rukminim2.flixcart.com/image/312/312/xif0q/computer/r/p/w/-original-imahg5fxzmyzbkv8.jpeg?q=70,"Acer Aspire 3 Intel Core i3 13th Gen 1305U - (8 GB/512 GB SSD/Windows 11 Home) A324-53 Thin and Light .... powered by Intel Core i3. 8GB DDR4 RAM. 512.0GB SSD. 14.0"" HD display. weighs 1.45kg. running Windows 11 Home.",Acer,Steel Gray,Thin and Light Laptop,Intel,Core i3,8,DDR4,Intel,Integrated Graphics,FALSE,512,SSD,14,HD,FALSE,1.45,,Windows 11 Home,FALSE,FALSE,FALSE,TRUE,TRUE
laptop,"ASUS Vivobook 15 (2025) (i5 14th Gen) with MSO 2024 + M365 Basic*, Backlit Keyboard, Intel Core 5 120U...",https://www.flipkart.com/asus-vivobook-15-2025-i5-14th-gen-mso-2024-m365-basic-backlit-keyboard-intel-core-5-120u-16-gb-512-gb-ssd-windows-11-home-x1504vap-nj2862ws-thin-light-laptop/p/itm509f174cc1a04?pid=COMHDG7CFDWVKYMZ&lid=LSTCOMHDG7CFDWVKYMZSDYMWT&marketplace=FLIPKART&store=6bo%2Fb5g&srno=b_24_562&otracker=browse&fm=organic&iid=en_PyY_jjP6MFfotS3y3KcvEMNT9y8uPS178XGvUra_3PGG8TS96phgGW7Tro2TLVV5sPdAy3Tmi2TEYPIlS-D4zPUFjCTyOHoHZs-Z5_PS_w0%3D&ppt=None&ppn=None&ssid=j2u9nps4xs0000001764345809556,49990,4.3,79,https://rukminim2.flixcart.com/image/312/312/xif0q/computer/k/u/e/-original-imahcd8gzqjnp2vv.jpeg?q=70,"ASUS Vivobook 15 (2025) (i5 14th Gen) with MSO 2024 + M365 Basic*, Backlit Keyboard, Intel Core 5 120U.... powered by Intel Core 5. 16GB DDR4 RAM. 512.0GB SSD. 15.6"" Full HD display. weighs 1.7kg. running Windows 11 Home.",ASUS,Cool Silver,Thin and Light Laptop,Intel,Core 5,16,DDR4,Intel,Integrated Graphics,FALSE,512,SSD,15.6,Full HD,FALSE,1.7,,Windows 11 Home,FALSE,FALSE,TRUE,TRUE,TRUE
laptop,DELL Latitude 3540 (2025) Intel Core i3 12th Gen 1215U - (16 GB/512 GB SSD/Windows 11 Home) Latitude 3...,https://www.flipkart.com/dell-latitude-3540-2025-intel-core-i3-12th-gen-1215u-16-gb-512-gb-ssd-windows-11-home-thin-light-laptop/p/itm7f265faf0871e?pid=COMH96VZAERCSPPP&lid=LSTCOMH96VZAERCSPPPPSK4DL&marketplace=FLIPKART&store=6bo%2Fb5g&srno=b_24_563&otracker=browse&fm=organic&iid=3365afdb-26c8-436b-b456-e5ce7696af6d.COMH96VZAERCSPPP.SEARCH&ppt=None&ppn=None&ssid=j2u9nps4xs0000001764345809556,37990,4.2,15,https://rukminim2.flixcart.com/image/312/312/xif0q/computer/d/s/o/latitude-3540-thin-and-light-laptop-dell-original-imah9fhmbxbaevgj.jpeg?q=70,"DELL Latitude 3540 (2025) Intel Core i3 12th Gen 1215U - (16 GB/512 GB SSD/Windows 11 Home) Latitude 3.... powered by Intel Core i3. 16GB DDR4 RAM. 512.0GB SSD. 15.6"" HD display. weighs 1.6kg. running Windows 11 Home.",DELL,Smoky Black,Thin and Light Laptop,Intel,Core i3,16,DDR4,Intel,Integrated Graphics,FALSE,512,SSD,15.6,HD,TRUE,1.6,,Windows 11 Home,FALSE,FALSE,TRUE,TRUE,TRUE
laptop,Acer Extensa 15 AMD Ryzen 3 Quad Core 7320U - (8 GB/256 GB SSD/Windows 11 Home) EX215-23 Thin and Ligh...,https://www.flipkart.com/acer-extensa-15-amd-ryzen-3-quad-core-7320u-8-gb-256-gb-ssd-windows-11-home-ex215-23-thin-light-laptop/p/itm40e593d3ea893?pid=COMGPWFUDTBPVFGA&lid=LSTCOMGPWFUDTBPVFGAORMNDX&marketplace=FLIPKART&store=6bo%2Fb5g&srno=b_24_564&otracker=browse&fm=organic&iid=3365afdb-26c8-436b-b456-e5ce7696af6d.COMGPWFUDTBPVFGA.SEARCH&ppt=None&ppn=None&ssid=j2u9nps4xs0000001764345809556,31990,4.1,22,https://rukminim2.flixcart.com/image/312/312/xif0q/computer/y/l/p/-original-imagqmqjv5cyvbup.jpeg?q=70,"Acer Extensa 15 AMD Ryzen 3 Quad Core 7320U - (8 GB/256 GB SSD/Windows 11 Home) EX215-23 Thin and Ligh.... powered by AMD Ryzen 3. 8GB LPDDR5 RAM. 256.0GB SSD. AMD Radeon Amd graphics. 15.6"" HD display. weighs 1.78kg. running Windows 11 Home.",Acer,Steel Gray,Thin and Light Laptop,AMD,Ryzen 3,8,LPDDR5,AMD,Radeon Amd,TRUE,256,SSD,15.6,HD,FALSE,1.78,,Windows 11 Home,TRUE,FALSE,FALSE,TRUE,TRUE
laptop,MOTOROLA Motobook 60 Full Metal OLED (i5 14th Gen) Intel Core 5 (Series 2) 210H - (16 GB/512 GB SSD/Wi...,https://www.flipkart.com/motorola-motobook-60-full-metal-oled-i5-14th-gen-intel-core-5-series-2-210h-16-gb-512-gb-ssd-windows-11-home-14irh10r-thin-light-laptop/p/itme7b254581c42e?pid=COMHAUZW4MMNNCGT&lid=LSTCOMHAUZW4MMNNCGTEVATRK&marketplace=FLIPKART&store=6bo%2Fb5g&srno=b_24_565&otracker=browse&fm=organic&iid=en_PyY_jjP6MFfotS3y3KcvEMNT9y8uPS178XGvUra_3PHpEGcW3U6TWrw8qi1rKYdPTtQ3kAa7GWVHZmlPP8GfYQ%3D%3D&ppt=None&ppn=None&ssid=j2u9nps4xs0000001764345809556,49990,4.4,200,https://rukminim2.flixcart.com/image/312/312/xif0q/computer/g/r/p/-original-imahg5ftvnmqhgqp.jpeg?q=70,"MOTOROLA Motobook 60 Full Metal OLED (i5 14th Gen) Intel Core 5 (Series 2) 210H - (16 GB/512 GB SSD/Wi.... powered by Intel Core 5 (Series 2). 16GB DDR5 RAM. 512.0GB SSD. 14.0"" OLED display. weighs 1.4kg. running Windows 11 Home.",MOTOROLA,PANTONE Bronze Green,Thin and Light Laptop,Intel,Core 5 (Series 2),16,DDR5,Intel,Integrated Graphics,FALSE,512,SSD,14,OLED,FALSE,1.4,,Windows 11 Home,FALSE,FALSE,TRUE,TRUE,TRUE
laptop,ASUS Vivobook Go 14 AMD Ryzen 3 Quad Core 7320U - (8 GB/512 GB SSD/Windows 11 Home) E1404FA-NK321WS Th...,https://www.flipkart.com/asus-vivobook-go-14-amd-ryzen-3-quad-core-7320u-8-gb-512-gb-ssd-windows-11-home-e1404fa-nk321ws-thin-light-laptop/p/itmc5f8cb8e52c33?pid=COMGSHS5YSKJ7GQP&lid=LSTCOMGSHS5YSKJ7GQPV98GWN&marketplace=FLIPKART&store=6bo%2Fb5g&srno=b_24_566&otracker=browse&fm=organic&iid=3365afdb-26c8-436b-b456-e5ce7696af6d.COMGSHS5YSKJ7GQP.SEARCH&ppt=None&ppn=None&ssid=j2u9nps4xs0000001764345809556,32190,4.2,12,https://rukminim2.flixcart.com/image/312/312/xif0q/computer/r/k/i/vivobook-go-14-laptop-asus-original-imagzmvfu8yzbcud.jpeg?q=70,"ASUS Vivobook Go 14 AMD Ryzen 3 Quad Core 7320U - (8 GB/512 GB SSD/Windows 11 Home) E1404FA-NK321WS Th.... powered by AMD Ryzen 3. 8GB LPDDR5 RAM. 512.0GB SSD. AMD Radeon Amd graphics. 14.1"" HD display. weighs 1.38kg. running Windows 11 Home.",ASUS,Silver,Thin and Light Laptop,AMD,Ryzen 3,8,LPDDR5,AMD,Radeon Amd,TRUE,512,SSD,14.1,HD,FALSE,1.38,,Windows 11 Home,TRUE,FALSE,FALSE,TRUE,TRUE
laptop,DELL 15 Intel Core i3 13th Gen 1305U - (16 GB/512 GB SSD/Windows 11 Home) OVN353025001RING1O Thin and ...,https://www.flipkart.com/dell-15-intel-core-i3-13th-gen-1305u-16-gb-512-gb-ssd-windows-11-home-ovn353025001ring1o-thin-light-laptop/p/itmb007cf7efac41?pid=COMHD99W94EPN2H2&lid=LSTCOMHD99W94EPN2H28GBQQL&marketplace=FLIPKART&store=6bo%2Fb5g&srno=b_24_567&otracker=browse&fm=organic&iid=en_PyY_jjP6MFfotS3y3KcvEMNT9y8uPS178XGvUra_3PHgnLydfJoUc1ey_uvobasvhn0uaKkgWn3tpmatqZbcEfUFjCTyOHoHZs-Z5_PS_w0%3D&ppt=None&ppn=None&ssid=j2u9nps4xs0000001764345809556,38990,4.2,31,https://rukminim2.flixcart.com/image/312/312/xif0q/computer/f/i/b/-original-imahgx8ws7ypyhmd.jpeg?q=70,"DELL 15 Intel Core i3 13th Gen 1305U - (16 GB/512 GB SSD/Windows 11 Home) OVN353025001RING1O Thin and .... powered by Intel Core i3. 16GB DDR4 RAM. 512.0GB SSD. 15.6"" HD display. weighs 1.66kg. running Windows 11 Home.",DELL,Titan Grey,Thin and Light Laptop,Intel,Core i3,16,DDR4,Intel,Integrated Graphics,FALSE,512,SSD,15.6,HD,FALSE,1.66,,Windows 11 Home,FALSE,FALSE,TRUE,TRUE,TRUE
laptop,Lenovo IdeaPad Slim 5 Co-Pilot Next Gen AI PC Full Metal Snapdragon X Plus - (16 GB/1 TB SSD/Windows 1...,https://www.flipkart.com/lenovo-ideapad-slim-5-co-pilot-next-gen-ai-pc-full-metal-snapdragon-x-plus-16-gb-1-tb-ssd-windows-11-home-14q8x9-thin-light-laptop/p/itm8a59041fc8c0f?pid=COMH4N9CZ7JKPQQC&lid=LSTCOMH4N9CZ7JKPQQCOFLXDU&marketplace=FLIPKART&store=6bo%2Fb5g&srno=b_24_568&otracker=browse&fm=organic&iid=en_PyY_jjP6MFfotS3y3KcvEMNT9y8uPS178XGvUra_3PHwvCEm6TQdbKFaNqxVIycQmHEXmeLQL2cKi8ce-UIJ0PUFjCTyOHoHZs-Z5_PS_w0%3D&ppt=None&ppn=None&ssid=j2u9nps4xs0000001764345809556,57990,4.1,68,https://rukminim2.flixcart.com/image/312/312/xif0q/computer/6/l/r/-original-imahg5fxwyqndjhu.jpeg?q=70,"Lenovo IdeaPad Slim 5 Co-Pilot Next Gen AI PC Full Metal Snapdragon X Plus - (16 GB/1 TB SSD/Windows 1.... powered by Snapdragon X Plus. 16GB LPDDR5X RAM. 1024.0GB SSD. 14.0"" IPS display. weighs 1.48kg. running Windows 11 Home.",Lenovo,Cloud Grey,Thin and Light Laptop,Snapdragon,X Plus,16,LPDDR5X,Qualcomm,Adreno,FALSE,1024,SSD,14,IPS,FALSE,1.48,,Windows 11 Home,FALSE,FALSE,TRUE,TRUE,TRUE
laptop,"HP Professional 14, Intel Core i5 13th Gen -1334U Turbo Boost with Finger Print and Backlit Keyboard -...",https://www.flipkart.com/hp-professional-14-intel-core-i5-13th-gen-1334u-turbo-boost-finger-print-backlit-keyboard-32-gb-512-gb-ssd-windows-11-pro-240-g10-notebook/p/itmc73d084afb520?pid=COMHDG7CGNMFGZGK&lid=LSTCOMHDG7CGNMFGZGKPOSQIM&marketplace=FLIPKART&store=6bo%2Fb5g&srno=b_24_569&otracker=browse&fm=organic&iid=3365afdb-26c8-436b-b456-e5ce7696af6d.COMHDG7CGNMFGZGK.SEARCH&ppt=None&ppn=None&ssid=j2u9nps4xs0000001764345809556,54490,4,2,https://rukminim2.flixcart.com/image/312/312/xif0q/computer/v/q/d/240-g10-notebook-hp-original-imahdg47ngbaqyjy.jpeg?q=70,"HP Professional 14, Intel Core i5 13th Gen -1334U Turbo Boost with Finger Print and Backlit Keyboard -.... powered by Intel Core i5. 32GB DDR4 RAM. 512.0GB SSD. 14.0"" HD display. weighs 1.54kg. running Windows 11 Pro.",HP,Silver,Notebook,Intel,Core i5,32,DDR4,Intel,Iris Xe,FALSE,512,SSD,14,HD,FALSE,1.54,,Windows 11 Pro,FALSE,TRUE,TRUE,TRUE,TRUE
laptop,"DELL 14 Next Gen AI PC Backlit Keyboard, Fingerprint reader Intel Core Ultra 5 226V - (16 GB/512 GB SS...",https://www.flipkart.com/dell-14-next-gen-ai-pc-backlit-keyboard-fingerprint-reader-intel-core-ultra-5-226v-16-gb-512-gb-ssd-windows-11-home-db14250-plus-2-1-db04250-thin-light-laptop/p/itmd5a3fea5e96f8?pid=COMHDGD5HGDVUX9R&lid=LSTCOMHDGD5HGDVUX9R7KCGYX&marketplace=FLIPKART&store=6bo%2Fb5g&srno=b_24_570&otracker=browse&fm=organic&iid=3365afdb-26c8-436b-b456-e5ce7696af6d.COMHDGD5HGDVUX9R.SEARCH&ppt=None&ppn=None&ssid=j2u9nps4xs0000001764345809556,76990,4.4,2,https://rukminim2.flixcart.com/image/312/312/xif0q/computer/e/k/c/-original-imahgx8wzw8hphzh.jpeg?q=70,"DELL 14 Next Gen AI PC Backlit Keyboard, Fingerprint reader Intel Core Ultra 5 226V - (16 GB/512 GB SS.... powered by Intel Core Ultra 5. 16GB LPDDR5X RAM. 512.0GB SSD. 14.0"" Full HD display. weighs 1.61kg. running Windows 11 Home.",DELL,Ice Blue,Thin and Light Laptop,Intel,Core Ultra 5,16,LPDDR5X,Intel,Integrated Graphics,FALSE,512,SSD,14,Full HD,TRUE,1.61,,Windows 11 Home,FALSE,FALSE,TRUE,TRUE,TRUE
laptop,ASUS Vivobook Go 15 AMD Ryzen 3 Quad Core 7320U - (8 GB/512 GB SSD/Windows 11 Home) E1504FA-NJ130WS | ...,https://www.flipkart.com/asus-vivobook-go-15-amd-ryzen-3-quad-core-7320u-8-gb-512-gb-ssd-windows-11-home-e1504fa-nj130ws-e1504fa-bq2322ws-thin-light-laptop/p/itm9af4f3b5de2ff?pid=COMH94992SQ8HYGZ&lid=LSTCOMH94992SQ8HYGZMHVF97&marketplace=FLIPKART&store=6bo%2Fb5g&srno=b_24_571&otracker=browse&fm=organic&iid=en_PyY_jjP6MFfotS3y3KcvEMNT9y8uPS178XGvUra_3PG-QPFuDBOK6vZFUMpkWhieAZUylytcEKYA_kTv_pI5n_UFjCTyOHoHZs-Z5_PS_w0%3D&ppt=None&ppn=None&ssid=j2u9nps4xs0000001764345809556,30990,4.3,94,https://rukminim2.flixcart.com/image/312/312/xif0q/computer/m/y/o/-original-imahg5fxjta7gns7.jpeg?q=70,"ASUS Vivobook Go 15 AMD Ryzen 3 Quad Core 7320U - (8 GB/512 GB SSD/Windows 11 Home) E1504FA-NJ130WS | .... powered by AMD Ryzen 3. 8GB LPDDR5 RAM. 512.0GB SSD. AMD Radeon Amd graphics. 15.6"" Full HD display. weighs 1.63kg. running Windows 11 Home.",ASUS,Mixed Black,Thin and Light Laptop,AMD,Ryzen 3,8,LPDDR5,AMD,Radeon Amd,TRUE,512,SSD,15.6,Full HD,FALSE,1.63,,Windows 11 Home,TRUE,FALSE,FALSE,TRUE,TRUE
laptop,ASUS Vivobook Go 15 AMD Ryzen 5 Quad Core 7520U - (8 GB/512 GB SSD/Windows 11 Home) E1504FA-NJ132WS | ...,https://www.flipkart.com/asus-vivobook-go-15-amd-ryzen-5-quad-core-7520u-8-gb-512-gb-ssd-windows-11-home-e1504fa-nj132ws-e1504fa-nj521ws-thin-light-laptop/p/itm657eb80ea799a?pid=COMH9499JNGDGTZ5&lid=LSTCOMH9499JNGDGTZ5WJGUDN&marketplace=FLIPKART&store=6bo%2Fb5g&srno=b_24_572&otracker=browse&fm=organic&iid=en_PyY_jjP6MFfotS3y3KcvEMNT9y8uPS178XGvUra_3PEJ9LlEstzKkg1ROQ9KuhJ7A7n7AfVUkWPBQmloXe9mZqV8WX5krIChubBlraAu4CQ%3D&ppt=None&ppn=None&ssid=j2u9nps4xs0000001764345809556,36990,4.2,49,https://rukminim2.flixcart.com/image/312/312/xif0q/computer/k/b/i/-original-imahg53xeuxqm6bv.jpeg?q=70,"ASUS Vivobook Go 15 AMD Ryzen 5 Quad Core 7520U - (8 GB/512 GB SSD/Windows 11 Home) E1504FA-NJ132WS | .... powered by AMD Ryzen 5. 8GB LPDDR5 RAM. 512.0GB SSD. AMD Radeon Amd graphics. 15.6"" Full HD display. weighs 1.63kg. running Windows 11 Home.",ASUS,Cool Silver,Thin and Light Laptop,AMD,Ryzen 5,8,LPDDR5,AMD,Radeon Amd,TRUE,512,SSD,15.6,Full HD,FALSE,1.63,,Windows 11 Home,TRUE,FALSE,FALSE,TRUE,TRUE
laptop,Lenovo IdeaPad 3 Intel Core i3 12th Gen 1215U - (8 GB/256 GB SSD/Windows 11 Home) 15IAU7 Thin and Ligh...,https://www.flipkart.com/lenovo-ideapad-3-intel-core-i3-12th-gen-1215u-8-gb-256-gb-ssd-windows-11-home-15iau7-thin-light-laptop/p/itme38b4c2cd4dfa?pid=COMGWVBHBWRRFTZB&lid=LSTCOMGWVBHBWRRFTZBDX73AJ&marketplace=FLIPKART&store=6bo%2Fb5g&srno=b_24_573&otracker=browse&fm=organic&iid=3365afdb-26c8-436b-b456-e5ce7696af6d.COMGWVBHBWRRFTZB.SEARCH&ppt=None&ppn=None&ssid=j2u9nps4xs0000001764345809556,35990,4.5,0,https://rukminim2.flixcart.com/image/312/312/xif0q/computer/h/w/9/-original-imahex3tqahw3zhu.jpeg?q=70,"Lenovo IdeaPad 3 Intel Core i3 12th Gen 1215U - (8 GB/256 GB SSD/Windows 11 Home) 15IAU7 Thin and Ligh.... powered by Intel Core i3. 8GB DDR4 RAM. 256.0GB SSD. 15.6"" HD display. weighs 1.63kg. running Windows 11 Home.",Lenovo,Arctic Grey,Thin and Light Laptop,Intel,Core i3,8,DDR4,Intel,Integrated Graphics,FALSE,256,SSD,15.6,HD,FALSE,1.63,,Windows 11 Home,FALSE,FALSE,FALSE,TRUE,TRUE
laptop,Acer Swift Go 14 TouchScreen AI PC Intel Core Ultra 5 125H - (16 GB/512 GB SSD/Windows 11 Home) SFG14-...,https://www.flipkart.com/acer-swift-go-14-touchscreen-ai-pc-intel-core-ultra-5-125h-16-gb-512-gb-ssd-windows-11-home-sfg14-73t-58pz-thin-light-laptop/p/itm174fc1bfd505f?pid=COMGZH2UKZZXYGSA&lid=LSTCOMGZH2UKZZXYGSAWYNWVE&marketplace=FLIPKART&store=6bo%2Fb5g&srno=b_24_574&otracker=browse&fm=organic&iid=3365afdb-26c8-436b-b456-e5ce7696af6d.COMGZH2UKZZXYGSA.SEARCH&ppt=None&ppn=None&ssid=j2u9nps4xs0000001764345809556,70990,4.4,91,https://rukminim2.flixcart.com/image/312/312/xif0q/computer/z/y/z/-original-imahg5fxcyf3nxh9.jpeg?q=70,"Acer Swift Go 14 TouchScreen AI PC Intel Core Ultra 5 125H - (16 GB/512 GB SSD/Windows 11 Home) SFG14-.... powered by Intel Core Ultra 5. 16GB LPDDR5X RAM. 512.0GB SSD. 14.0"" IPS display. weighs 1.3kg. running Windows 11 Home.",Acer,Pure Silver,Thin and Light Laptop,Intel,Core Ultra 5,16,LPDDR5X,Intel,Integrated Graphics,FALSE,512,SSD,14,IPS,TRUE,1.3,,Windows 11 Home,FALSE,FALSE,TRUE,TRUE,TRUE
laptop,MOTOROLA Motobook 60 Full Metal OLED (i7 14th Gen) Intel Core 7 (Series 2) 240H - (16 GB/1 TB SSD/Wind...,https://www.flipkart.com/motorola-motobook-60-full-metal-oled-i7-14th-gen-intel-core-7-series-2-240h-16-gb-1-tb-ssd-windows-11-home-14irh10r-thin-light-laptop/p/itmd38998009f90e?pid=COMHAUZWMJNUBXVE&lid=LSTCOMHAUZWMJNUBXVEFCZ6QJ&marketplace=FLIPKART&store=6bo%2Fb5g&srno=b_24_575&otracker=browse&fm=organic&iid=en_PyY_jjP6MFfotS3y3KcvEMNT9y8uPS178XGvUra_3PFlA8C8O_ituPlZGfzINM9LhGcrGrhN2tt-ZOW4zUSuE04IsYyWu-Pj9cxFjFAoaLk%3D&ppt=None&ppn=None&ssid=j2u9nps4xs0000001764345809556,58990,4.4,69,https://rukminim2.flixcart.com/image/312/312/xif0q/computer/g/r/p/-original-imahg5ftvnmqhgqp.jpeg?q=70,"MOTOROLA Motobook 60 Full Metal OLED (i7 14th Gen) Intel Core 7 (Series 2) 240H - (16 GB/1 TB SSD/Wind.... powered by Intel Core 7 (Series 2). 16GB DDR5 RAM. 1024.0GB SSD. 14.0"" OLED display. weighs 1.4kg. running Windows 11 Home.",MOTOROLA,PANTONE Bronze Green,Thin and Light Laptop,Intel,Core 7 (Series 2),16,DDR5,Intel,Integrated Graphics,FALSE,1024,SSD,14,OLED,FALSE,1.4,,Windows 11 Home,FALSE,FALSE,TRUE,TRUE,TRUE
laptop,Lenovo V 15 (2025) AMD Ryzen 3 Quad Core 7320U - (8 GB/512 GB SSD/Windows 11 Pro) V 15 Thin and Light ...,https://www.flipkart.com/lenovo-v-15-2025-amd-ryzen-3-quad-core-7320u-8-gb-512-gb-ssd-windows-11-pro-thin-light-laptop/p/itm0a8123298fa21?pid=COMHG5EKKYU3VZG6&lid=LSTCOMHG5EKKYU3VZG6AJJQUD&marketplace=FLIPKART&store=6bo%2Fb5g&srno=b_24_576&otracker=browse&fm=organic&iid=3365afdb-26c8-436b-b456-e5ce7696af6d.COMHG5EKKYU3VZG6.SEARCH&ppt=None&ppn=None&ssid=j2u9nps4xs0000001764345809556,29490,4,1,https://rukminim2.flixcart.com/image/312/312/xif0q/computer/f/i/i/v-15-thin-and-light-laptop-lenovo-original-imahg5ek5zu9rycg.jpeg?q=70,"Lenovo V 15 (2025) AMD Ryzen 3 Quad Core 7320U - (8 GB/512 GB SSD/Windows 11 Pro) V 15 Thin and Light .... powered by AMD Ryzen 3. 8GB LPDDR5 RAM. 512.0GB SSD. AMD Radeon Amd graphics. 15.6"" Full HD display. weighs 1.5kg. running Windows 11 Pro.",Lenovo,Grey Arctic,Thin and Light Laptop,AMD,Ryzen 3,8,LPDDR5,AMD,Radeon Amd,TRUE,512,SSD,15.6,Full HD,TRUE,1.5,,Windows 11 Pro,TRUE,FALSE,FALSE,TRUE,TRUE
